specification,beta,coef,se,t,p_cluster,p_wild,accepted_wild_95,accepted_cluster_95
commodity_repression,-2.0,-0.08685270502668956,0.02608774057378387,-3.3292536308786245,0.003971113360263559,0.0163726806640625,False,False
commodity_repression,-1.995,-0.08657249042241626,0.02602792177172226,-3.3261391816718904,0.003997923649334594,0.0164031982421875,False,False
commodity_repression,-1.99,-0.08629227581814293,0.025968120666010026,-3.3230081193781533,0.004025057116342691,0.0164337158203125,False,False
commodity_repression,-1.985,-0.08601206121386963,0.02590833737918625,-3.319860319673326,0.004052518908682592,0.01648712158203125,False,False
commodity_repression,-1.98,-0.08573184660959633,0.025848572034886965,-3.316695657070994,0.00408031427379653,0.01654052734375,False,False
commodity_repression,-1.975,-0.08545163200532299,0.02578882475785704,-3.3135140049097656,0.004108448561445118,0.016632080078125,False,False
commodity_repression,-1.97,-0.0851714174010497,0.025729095673962168,-3.3103152353404766,0.004136927226036583,0.01668548583984375,False,False
commodity_repression,-1.965,-0.08489120279677638,0.02566938491020103,-3.3070992193132205,0.004165755829016432,0.016754150390625,False,False
commodity_repression,-1.96,-0.08461098819250308,0.02560969259471758,-3.303865826564255,0.00419494004131866,0.01682281494140625,False,False
commodity_repression,-1.955,-0.08433077358822977,0.02555001885681354,-3.300614925602722,0.00422448564588104,0.01691436767578125,False,False
commodity_repression,-1.95,-0.08405055898395646,0.025490363826960988,-3.2973463836972283,0.004254398540225673,0.01694488525390625,False,False
commodity_repression,-1.945,-0.08377034437968313,0.02543072763681515,-3.2940600668622557,0.0042846847391070034,0.01702880859375,False,False
commodity_repression,-1.94,-0.08349012977540984,0.025371110419227325,-3.2907558398444166,0.004315350377229299,0.01714324951171875,False,False
commodity_repression,-1.935,-0.08320991517113652,0.025311512308257993,-3.28743356610853,0.004346401712035501,0.0171966552734375,False,False
commodity_repression,-1.93,-0.08292970056686322,0.02525193343919006,-3.2840931078235545,0.004377845126569422,0.01731109619140625,False,False
commodity_repression,-1.925,-0.08264948596258989,0.025192373948542304,-3.280734325848327,0.004409687132413826,0.0173797607421875,False,False
commodity_repression,-1.92,-0.08236927135831658,0.025132833974082974,-3.277357079717151,0.004441934372706117,0.0174713134765625,False,False
commodity_repression,-1.915,-0.08208905675404328,0.025073313654843568,-3.2739612276251977,0.00447459362523435,0.0175628662109375,False,False
commodity_repression,-1.91,-0.08180884214976995,0.02501381313113275,-3.2705466264137413,0.004507671805615656,0.01766204833984375,False,False
commodity_repression,-1.905,-0.08152862754549665,0.024954332544550505,-3.2671131315552167,0.004541175970559555,0.017730712890625,False,False
commodity_repression,-1.9,-0.08124841294122334,0.024894872038002412,-3.263660597138092,0.004575113321218938,0.01784515380859375,False,False
commodity_repression,-1.895,-0.08096819833695004,0.024835431755714156,-3.260188875851567,0.004609491206630874,0.01787567138671875,False,False
commodity_repression,-1.89,-0.08068798373267672,0.024776011843246175,-3.256697818970081,0.004644317127250385,0.01802825927734375,False,False
commodity_repression,-1.885,-0.08040776912840339,0.02471661244750852,-3.2531872763376457,0.004679598738579467,0.01807403564453125,False,False
commodity_repression,-1.88,-0.08012755452413009,0.024657233716775896,-3.2496570963519797,0.004715343854894848,0.0181427001953125,False,False
commodity_repression,-1.875,-0.07984733991985679,0.024597875800702922,-3.246107125948454,0.004751560453076822,0.0182037353515625,False,False
commodity_repression,-1.87,-0.07956712531558348,0.024538538850339502,-3.242537210583858,0.0047882566765425245,0.01824188232421875,False,False
commodity_repression,-1.865,-0.0792869107113102,0.024479223018146527,-3.2389471942199535,0.004825440839286821,0.018310546875,False,False
commodity_repression,-1.86,-0.07900669610703687,0.02441992845801165,-3.235336919306841,0.004863121430034021,0.0184173583984375,False,False
commodity_repression,-1.855,-0.07872648150276355,0.024360655325265334,-3.231706226766134,0.004901307116503573,0.01856231689453125,False,False
commodity_repression,-1.85,-0.07844626689849026,0.024301403776697105,-3.228054955973913,0.004940006749793654,0.0186309814453125,False,False
commodity_repression,-1.845,-0.07816605229421691,0.024242173970571965,-3.224382944743494,0.004979229368885901,0.01873016357421875,False,False
commodity_repression,-1.84,-0.07788583768994362,0.024182966066647094,-3.2206900293079843,0.005018984205274916,0.01880645751953125,False,False
commodity_repression,-1.835,-0.0776056230856703,0.024123780226188662,-3.216976044302626,0.005059280687726878,0.0189208984375,False,False
commodity_repression,-1.83,-0.07732540848139699,0.02406461661198899,-3.213240822746932,0.00510012844717067,0.019012451171875,False,False
commodity_repression,-1.825,-0.07704519387712366,0.024005475388383803,-3.2094841960266143,0.005141537321725895,0.01917266845703125,False,False
commodity_repression,-1.82,-0.07676497927285038,0.023946356721269803,-3.2057059938752874,0.005183517361872,0.0192413330078125,False,False
commodity_repression,-1.815,-0.07648476466857705,0.023887260778122407,-3.201906044355954,0.005226078835762891,0.01932525634765625,False,False
commodity_repression,-1.81,-0.07620455006430378,0.023828187728013768,-3.1980841738422847,0.005269232234691388,0.0194244384765625,False,False
commodity_repression,-1.805,-0.07592433546003043,0.02376913774163095,-3.1942402069996496,0.005312988278708452,0.01950836181640625,False,False
commodity_repression,-1.8,-0.07564412085575713,0.023710110991294473,-3.190373966765951,0.005357357922401928,0.0196075439453125,False,False
commodity_repression,-1.795,-0.0753639062514838,0.023651107650976937,-3.186485274332207,0.005402352360839613,0.0197601318359375,False,False
commodity_repression,-1.79,-0.07508369164721047,0.023592127896322018,-3.182573949122916,0.005447983035682186,0.019866943359375,False,False
commodity_repression,-1.785,-0.07480347704293717,0.02353317190466364,-3.178639808776187,0.00549426164147096,0.01999664306640625,False,False
commodity_repression,-1.78,-0.07452326243866388,0.023474239855045438,-3.174682669123627,0.0055412001320962745,0.02014923095703125,False,False
commodity_repression,-1.775,-0.07424304783439056,0.02341533192824043,-3.1707023441699995,0.0055888107274522,0.0202789306640625,False,False
commodity_repression,-1.77,-0.07396283323011724,0.023356448306771013,-3.1666986460726343,0.005637105920283225,0.0203857421875,False,False
commodity_repression,-1.765,-0.07368261862584392,0.02329758917492916,-3.162671385120601,0.0056860984832294405,0.0204925537109375,False,False
commodity_repression,-1.76,-0.07340240402157061,0.023238754718796894,-3.15862036971363,0.005735801476076173,0.020599365234375,False,False
commodity_repression,-1.755,-0.07312218941729731,0.02317994512626707,-3.1545454063407874,0.005786228253214984,0.02072906494140625,False,False
commodity_repression,-1.75,-0.07284197481302401,0.023121160587064364,-3.1504462995589,0.005837392471322383,0.02082061767578125,False,False
commodity_repression,-1.745,-0.07256176020875071,0.023062401292766623,-3.1463228519707207,0.0058893080972637945,0.02092742919921875,False,False
commodity_repression,-1.74,-0.07228154560447737,0.0230036674368264,-3.1421748642028438,0.005941989416229539,0.021087646484375,False,False
commodity_repression,-1.735,-0.07200133100020409,0.022944959214592865,-3.1380021348833624,0.0059954510401105405,0.02120208740234375,False,False
commodity_repression,-1.73,-0.07172111639593076,0.02288627682333392,-3.1338044606192486,0.006049707916121819,0.02124786376953125,False,False
commodity_repression,-1.725,-0.07144090179165746,0.02282762046225869,-3.12958163597349,0.006104775335681248,0.0213470458984375,False,False
commodity_repression,-1.72,-0.07116068718738414,0.02276899033254023,-3.1253334534419412,0.006160668943552391,0.02149200439453125,False,False
commodity_repression,-1.715,-0.07088047258311087,0.022710386637338622,-3.1210597034299186,0.00621740474725978,0.02164459228515625,False,False
commodity_repression,-1.71,-0.07060025797883751,0.022651809581824254,-3.1167601742285065,0.006274999126785838,0.0217742919921875,False,False
commodity_repression,-1.705,-0.0703200433745642,0.02259325937320157,-3.112434651990609,0.00633346884455819,0.02194976806640625,False,False
commodity_repression,-1.7,-0.07003982877029091,0.022534736220732984,-3.1080829207067033,0.0063928310557375585,0.02211761474609375,False,False
commodity_repression,-1.695,-0.06975961416601759,0.022476240335763186,-3.1037047621803198,0.006453103318815868,0.022186279296875,False,False
commodity_repression,-1.69,-0.06947939956174427,0.022417771931743793,-3.099299956003243,0.006514303606534589,0.022308349609375,False,False
commodity_repression,-1.685,-0.06919918495747096,0.022359331224258264,-3.094868279530419,0.006576450317134468,0.0224761962890625,False,False
commodity_repression,-1.68,-0.06891897035319765,0.022300918431047183,-3.0904095078545795,0.006639562285947234,0.0226593017578125,False,False
commodity_repression,-1.675,-0.06863875574892433,0.022242533772033894,-3.0859234137805647,0.006703658797341006,0.0228118896484375,False,False
commodity_repression,-1.67,-0.06835854114465104,0.022184177469350436,-3.0814097677993653,0.006768759597030998,0.02297210693359375,False,False
commodity_repression,-1.665,-0.06807832654037774,0.022125849747363865,-3.076868338061854,0.0068348849047680516,0.0231781005859375,False,False
commodity_repression,-1.66,-0.0677981119361044,0.022067550832702894,-3.072298890352224,0.006902055427417198,0.02335357666015625,False,False
commodity_repression,-1.655,-0.0675178973318311,0.022009280954284942,-3.067701188061129,0.0069702923724400696,0.02353668212890625,False,False
commodity_repression,-1.65,-0.06723768272755777,0.02195104034334346,-3.063074992158504,0.007039617461794324,0.0237274169921875,False,False
commodity_repression,-1.645,-0.06695746812328447,0.02189282923345572,-3.058420061166093,0.00711005294626437,0.02396392822265625,False,False
commodity_repression,-1.64,-0.06667725351901116,0.021834647860570894,-3.053736151129657,0.007181621620238035,0.0241241455078125,False,False
commodity_repression,-1.635,-0.06639703891473786,0.02177649646303859,-3.0490230155908713,0.007254346836944364,0.0243072509765625,False,False
commodity_repression,-1.63,-0.06611682431046455,0.021718375281637656,-3.0442804055589128,0.007328252524168283,0.02451324462890625,False,False
commodity_repression,-1.625,-0.06583660970619121,0.021660284559605534,-3.0395080694817147,0.007403363200458551,0.0247344970703125,False,False
commodity_repression,-1.62,-0.06555639510191792,0.02160222454266785,-3.034705753216922,0.007479703991845527,0.02490234375,False,False
commodity_repression,-1.615,-0.0652761804976446,0.02154419547906849,-3.0298732000024984,0.007557300649087099,0.0250244140625,False,False
commodity_repression,-1.61,-0.06499596589337127,0.021486197619600075,-3.0250101504270277,0.007636179565459948,0.02518463134765625,False,False
commodity_repression,-1.605,-0.064715751289098,0.021428231217634826,-3.020116342399683,0.007716367795115776,0.02539825439453125,False,False
commodity_repression,-1.6,-0.06443553668482468,0.02137029652915584,-3.0151915111198497,0.007797893072021968,0.02561187744140625,False,False
commodity_repression,-1.595,-0.06415532208055136,0.02131239381278882,-3.010235389046443,0.00788078382950634,0.02577972412109375,False,False
commodity_repression,-1.59,-0.06387510747627806,0.02125452332983423,-3.005247705866864,0.007965069220428136,0.02593994140625,False,False
commodity_repression,-1.585,-0.06359489287200472,0.021196685344299804,-3.000228188465637,0.008050779137995913,0.02613067626953125,False,False
commodity_repression,-1.58,-0.06331467826773145,0.021138880122933662,-2.9951765608926975,0.008137944237255848,0.02632904052734375,False,False
commodity_repression,-1.575,-0.06303446366345812,0.021081107935257686,-2.9900925443313335,0.00822659595727369,0.02651214599609375,False,False
commodity_repression,-1.57,-0.06275424905918481,0.021023369053601467,-2.984975857065807,0.008316766544034316,0.02672576904296875,False,False
commodity_repression,-1.565,-0.0624740344549115,0.020965663753136694,-2.979826214448598,0.008408489074084933,0.02696990966796875,False,False
commodity_repression,-1.56,-0.06219381985063818,0.020907992311911986,-2.974643328867319,0.008501797478947758,0.027130126953125,False,False
commodity_repression,-1.555,-0.06191360524636486,0.020850355010888194,-2.9694269097112813,0.008596726570329085,0.02733612060546875,False,False
commodity_repression,-1.55,-0.06163339064209157,0.020792752133974208,-2.964176663337703,0.008693312066153851,0.027496337890625,False,False
commodity_repression,-1.545,-0.061353176037818244,0.020735183968063228,-2.9588922930375596,0.00879159061745421,0.02771759033203125,False,False
commodity_repression,-1.54,-0.061072961433544945,0.020677650803069544,-2.9535734990010964,0.008891599836142985,0.027923583984375,False,False
commodity_repression,-1.535,-0.06079274682927164,0.020620152931965792,-2.9482199782829666,0.008993378323703654,0.0280914306640625,False,False
commodity_repression,-1.53,-0.06051253222499831,0.02056269065082075,-2.94283142476702,0.009096965700829223,0.0283203125,False,False
commodity_repression,-1.525,-0.060232317620725,0.020505264258837624,-2.937407529130735,0.00920240263804467,0.02858734130859375,False,False
commodity_repression,-1.52,-0.05995210301645169,0.02044787405839284,-2.9319479788092844,0.009309730887347744,0.02875518798828125,False,False
commodity_repression,-1.515,-0.05967188841217837,0.020390520355075423,-2.9264524579592393,0.00941899331490535,0.0289764404296875,False,False
commodity_repression,-1.51,-0.05939167380790507,0.020333203457726826,-2.9209206474219203,0.009530233934842838,0.02921295166015625,False,False
commodity_repression,-1.505,-0.05911145920363176,0.020275923678481383,-2.915352224686371,0.00964349794416689,0.02951812744140625,False,False
commodity_repression,-1.5,-0.05883124459935845,0.020218681332807256,-2.909746863851978,0.009758831758862043,0.02982330322265625,False,False
commodity_repression,-1.495,-0.05855102999508515,0.020161476739547976,-2.9041042355907245,0.009876283051203968,0.03008270263671875,False,False
commodity_repression,-1.49,-0.05827081539081183,0.020104310220964518,-2.898424007109071,0.009995900788334133,0.03038787841796875,False,False
commodity_repression,-1.485,-0.057990600786538525,0.02004718210277797,-2.8927058421094842,0.0101177352721409,0.0307769775390625,False,False
commodity_repression,-1.48,-0.05771038618226519,0.019990092714212784,-2.8869494007515835,0.010241838180496232,0.03105926513671875,False,False
commodity_repression,-1.475,-0.0574301715779919,0.019933042388040608,-2.881154339612941,0.010368262609896055,0.03127288818359375,False,False
commodity_repression,-1.47,-0.05714995697371859,0.019876031460624707,-2.875320311649494,0.010497063119557393,0.03166961669921875,False,False
commodity_repression,-1.465,-0.056869742369445274,0.019819060271965002,-2.869446966155616,0.0106282957770246,0.0319366455078125,False,False
commodity_repression,-1.46,-0.05658952776517196,0.01976212916574372,-2.8635339487238034,0.010762018205340982,0.03231048583984375,False,False
commodity_repression,-1.455,-0.05630931316089865,0.019705238489371665,-2.857580901204011,0.010898289631843461,0.0325927734375,False,False
commodity_repression,-1.45,-0.05602909855662535,0.019648388594035112,-2.8515874616626196,0.011037170938640107,0.03293609619140625,False,False
commodity_repression,-1.445,-0.055748883952352044,0.019591579834743363,-2.8455532643410386,0.011178724714833521,0.0332183837890625,False,False
commodity_repression,-1.44,-0.05546866934807872,0.01953481257037689,-2.839477939613963,0.011323015310553694,0.0334930419921875,False,False
commodity_repression,-1.435,-0.055188454743805404,0.019478087163736228,-2.8333611139472548,0.011470108892869054,0.0338287353515625,False,False
commodity_repression,-1.43,-0.054908240139532084,0.01942140398159144,-2.8272024098554773,0.011620073503644667,0.0342254638671875,False,False
commodity_repression,-1.425,-0.05462802553525877,0.019364763394732316,-2.8210014458590758,0.011772979119420641,0.034576416015625,False,False
commodity_repression,-1.42,-0.054347810930985466,0.01930816577801921,-2.814757836441205,0.011928897713386089,0.03488922119140625,False,False
commodity_repression,-1.415,-0.054067596326712174,0.019251611510434617,-2.8084711920042045,0.012087903319527405,0.03517913818359375,False,False
commodity_repression,-1.41,-0.05378738172243885,0.019195100975135392,-2.8021411188257352,0.012250072099031997,0.035552978515625,False,False
commodity_repression,-1.405,-0.05350716711816554,0.019138634559505745,-2.795767219014571,0.012415482409032298,0.03585052490234375,False,False
commodity_repression,-1.4,-0.053226952513892214,0.019082212655210883,-2.7893490904660494,0.012584214873778372,0.03629302978515625,False,False
commodity_repression,-1.395,-0.05294673790961893,0.01902583565825144,-2.7828863268171933,0.012756352458330147,0.0365753173828125,False,False
commodity_repression,-1.39,-0.05266652330534561,0.0189695039690186,-2.7763785174014934,0.012931980544864706,0.03688812255859375,False,False
commodity_repression,-1.385,-0.052386308701072304,0.018913217992349997,-2.769825247203383,0.013111187011696984,0.03722381591796875,False,False
commodity_repression,-1.38,-0.05210609409679898,0.01885697813758635,-2.763226096812373,0.013294062315116966,0.03757476806640625,False,False
commodity_repression,-1.375,-0.05182587949252568,0.018800784818628884,-2.7565806423768895,0.013480699574149645,0.03804779052734375,False,False
commodity_repression,-1.37,-0.051545664888252365,0.018744638453997507,-2.74988845555779,0.013671194658348953,0.0386199951171875,False,False
commodity_repression,-1.365,-0.051265450283979046,0.018688539466889767,-2.743149103481594,0.013865646278740233,0.0390625,False,False
commodity_repression,-1.36,-0.05098523567970573,0.01863248828524064,-2.7363621486934027,0.014064156082031461,0.039520263671875,False,False
commodity_repression,-1.355,-0.050705021075432434,0.018576485341783085,-2.7295271491095447,0.014266828748217572,0.0399169921875,False,False
commodity_repression,-1.35,-0.05042480647115912,0.01852053107410942,-2.722643657969935,0.014473772091706534,0.04034423828125,False,False
commodity_repression,-1.345,-0.0501445918668858,0.01846462592473355,-2.7157112237901675,0.014685097166101809,0.04071807861328125,False,False
commodity_repression,-1.34,-0.0498643772626125,0.01840877034115399,-2.7087293903133487,0.01490091837278073,0.041290283203125,False,False
commodity_repression,-1.335,-0.04958416265833919,0.01835296477591776,-2.7016976964616704,0.0151213535734135,0.0417327880859375,False,False
commodity_repression,-1.33,-0.04930394805406587,0.01829720968668513,-2.6946156762877527,0.015346524206573486,0.042266845703125,False,False
commodity_repression,-1.325,-0.04902373344979254,0.01824150553629521,-2.68748285892575,0.015576555408594837,0.04283905029296875,False,False
commodity_repression,-1.32,-0.04874351884551925,0.018185852792832472,-2.6802987685422357,0.015811576138840915,0.04326629638671875,False,False
commodity_repression,-1.315,-0.04846330424124593,0.018130251929694058,-2.6730629242868846,0.016051719309550933,0.0437164306640625,False,False
commodity_repression,-1.31,-0.04818308963697265,0.0180747034256581,-2.665774840242962,0.016297121920440957,0.04424285888671875,False,False
commodity_repression,-1.305,-0.047902875032699306,0.018019207764952836,-2.6584340253776237,0.01654792519824139,0.04488372802734375,False,False
commodity_repression,-1.3,-0.04762266042842601,0.01796376543732676,-2.651039983492062,0.016804274741359603,0.04544830322265625,False,False
commodity_repression,-1.295,-0.047342445824152694,0.01790837693811958,-2.6435922131714835,0.017066320669864594,0.04601287841796875,False,False
commodity_repression,-1.29,-0.04706223121987938,0.017853042768334194,-2.6360902077349695,0.017334217780996683,0.04656982421875,False,False
commodity_repression,-1.285,-0.04678201661560606,0.017797763434709575,-2.628533455185205,0.017608125710415225,0.047027587890625,False,False
commodity_repression,-1.28,-0.04650180201133276,0.01774253944979465,-2.620921438158108,0.017888209099403127,0.0476226806640625,False,False
commodity_repression,-1.275,-0.04622158740705944,0.01768737133202309,-2.613253633872377,0.01817463776825672,0.0482025146484375,False,False
commodity_repression,-1.27,-0.04594137280278613,0.01763225960578916,-2.605529514078973,0.018467586896097836,0.04876708984375,False,False
commodity_repression,-1.265,-0.045661158198512825,0.017577204801524464,-2.5977485450105613,0.018767237207353536,0.04936981201171875,False,False
commodity_repression,-1.26,-0.045380943594239505,0.017522207455775773,-2.5899101873309216,0.01907377516515922,0.04993438720703125,False,False
commodity_repression,-1.255,-0.04510072898996621,0.017467268111283813,-2.582013896084371,0.019387393171948323,0.05060577392578125,True,False
commodity_repression,-1.25,-0.04482051438569289,0.017412387317063086,-2.5740591206451917,0.019708289777505272,0.05127716064453125,True,False
commodity_repression,-1.245,-0.0445402997814196,0.017357565628482736,-2.566045304667125,0.02003666989476369,0.0519561767578125,True,False
commodity_repression,-1.24,-0.04426008517714626,0.01730280360734843,-2.5579718860329193,0.020372745023647262,0.05251312255859375,True,False
commodity_repression,-1.235,-0.04397987057287297,0.01724810182198532,-2.549838296803997,0.020716733483257855,0.0532379150390625,True,False
commodity_repression,-1.23,-0.04369965596859965,0.017193460847322026,-2.541643963170225,0.0210688606527293,0.0539093017578125,True,False
commodity_repression,-1.225,-0.04341944136432634,0.017138881264975748,-2.5333883053998614,0.021429359221074206,0.0545654296875,True,False
commodity_repression,-1.22,-0.043139226760053016,0.01708436366333837,-2.52507073778968,0.021798469446365706,0.0552520751953125,True,False
commodity_repression,-1.215,-0.042859012155779724,0.017029908637663772,-2.5166906686153125,0.022176439424605957,0.0559234619140625,True,False
commodity_repression,-1.21,-0.04257879755150639,0.016975516790156128,-2.508247500081839,0.02256352536864794,0.05666351318359375,True,False
commodity_repression,-1.205,-0.042298582947233106,0.016921188730059388,-2.499740628274681,0.022959991897546737,0.05741119384765625,True,False
commodity_repression,-1.2,-0.04201836834295978,0.016866925073747853,-2.491169443110785,0.02336611233673486,0.0582733154296875,True,False
commodity_repression,-1.195,-0.04173815373868647,0.016812726444817863,-2.482533328290207,0.02378216902942295,0.05893707275390625,True,False
commodity_repression,-1.19,-0.04145793913441315,0.01675859347418066,-2.473831661248055,0.024208453659648268,0.059722900390625,True,False
commodity_repression,-1.185,-0.04117772453013984,0.016704526800156362,-2.4650638131069,0.02464526758740157,0.06053924560546875,True,False
commodity_repression,-1.18,-0.04089750992586654,0.016650527068569107,-2.456229148629656,0.025092922196281255,0.0613555908203125,True,False
commodity_repression,-1.175,-0.04061729532159323,0.01659659493284335,-2.44732702617299,0.025551739254136983,0.06226348876953125,True,False
commodity_repression,-1.17,-0.04033708071731992,0.016542731054101364,-2.438356797641302,0.026022051287180246,0.0632171630859375,True,False
commodity_repression,-1.165,-0.04005686611304661,0.016488936101261852,-2.4293178084413323,0.026504201968054364,0.06418609619140625,True,False
commodity_repression,-1.16,-0.039776651508773284,0.016435210751139816,-2.4202093974374312,0.026998546518374043,0.06514739990234375,True,False
commodity_repression,-1.155,-0.03949643690449998,0.0163815556885476,-2.4110308969075547,0.027505452126256463,0.06610107421875,True,False
commodity_repression,-1.15,-0.03921622230022665,0.016327971606397085,-2.4017816325000374,0.028025298379386953,0.06699371337890625,True,False
commodity_repression,-1.145,-0.03893600769595336,0.016274459205803168,-2.3924609231911993,0.0285584777141732,0.0680694580078125,True,False
commodity_repression,-1.14,-0.03865579309168004,0.016221019196188388,-2.3830680812438327,0.029105395881564147,0.0691070556640625,True,False
commodity_repression,-1.135,-0.03837557848740674,0.016167652295388833,-2.373602412166658,0.02966647243011946,0.07001495361328125,True,False
commodity_repression,-1.13,-0.03809536388313343,0.01611435922976121,-2.364063214674776,0.03024214120693816,0.07110595703125,True,False
commodity_repression,-1.125,-0.037815149278860115,0.01606114073429118,-2.354449780651212,0.030832850877067927,0.07207489013671875,True,False
commodity_repression,-1.12,-0.037534934674586816,0.01600799755270295,-2.3447613951095994,0.03143906546203212,0.07297515869140625,True,False
commodity_repression,-1.115,-0.03725472007031349,0.01595493043757002,-2.3349973361580814,0.032061264898133046,0.0739898681640625,True,False
commodity_repression,-1.11,-0.03697450546604018,0.015901940150427306,-2.3251568749645073,0.032699945615197804,0.0750732421875,True,False
commodity_repression,-1.105,-0.03669429086176687,0.015849027461884355,-2.315239275722987,0.03335562113645746,0.0763702392578125,True,False
commodity_repression,-1.1,-0.036414076257493565,0.015796193151739937,-2.3052437956218954,0.03402882270025843,0.0774383544921875,True,False
commodity_repression,-1.095,-0.036133861653220245,0.015743438009097815,-2.2951696848133945,0.03472009990432515,0.07877349853515625,True,False
commodity_repression,-1.09,-0.035853647048946925,0.01569076283248379,-2.2850161863845737,0.0354300213733029,0.0799713134765625,True,False
commodity_repression,-1.085,-0.03557343244467361,0.01563816842996399,-2.274782536330281,0.03615917545032638,0.0810699462890625,True,False
commodity_repression,-1.08,-0.03529321784040032,0.015585655619264428,-2.264467963527735,0.03690817091337195,0.08257293701171875,True,False
commodity_repression,-1.075,-0.035013003236127,0.015533225227891797,-2.254071689713022,0.037677637717159956,0.08402252197265625,True,False
commodity_repression,-1.07,-0.034732788631853695,0.01548087809325551,-2.2435929294595756,0.038468227761387475,0.0853271484375,True,False
commodity_repression,-1.065,-0.03445257402758037,0.015428615062790996,-2.2330308901587173,0.03928061568607965,0.08660888671875,True,False
commodity_repression,-1.06,-0.034172359423307076,0.015376436994084261,-2.222384772002391,0.040115499694854874,0.08786773681640625,True,False
commodity_repression,-1.055,-0.03389214481903374,0.015324344754997634,-2.2116537679681674,0.040973602406904765,0.089263916015625,True,False
commodity_repression,-1.05,-0.03361193021476046,0.01527233922379682,-2.2008370638066714,0.04185567173849285,0.0905914306640625,True,False
commodity_repression,-1.045,-0.03333171561048713,0.015220421289279118,-2.189933838031484,0.04276248181478056,0.09181976318359375,True,False
commodity_repression,-1.04,-0.03305150100621383,0.015168591850902904,-2.178943261911715,0.04369483391278151,0.09320068359375,True,False
commodity_repression,-1.035,-0.032771286401940505,0.015116851818918307,-2.1678644994672887,0.04465355743624889,0.09477996826171875,True,False
commodity_repression,-1.03,-0.032491071797667206,0.015065202114499104,-2.1566967074671397,0.04563951092328495,0.09636688232421875,True,False
commodity_repression,-1.025,-0.03221085719339388,0.0150136436698758,-2.1454390354303876,0.04665358308745958,0.0979766845703125,True,False
commodity_repression,-1.02,-0.03193064258912058,0.014962177428469892,-2.134090625630682,0.04769669389320023,0.0996551513671875,True,False
commodity_repression,-1.015,-0.03165042798484726,0.014910804345029307,-2.1226506131038,0.04876979566620655,0.10125732421875,True,False
commodity_repression,-1.01,-0.031370213380573955,0.01485952538576501,-2.1111181256586904,0.04987387423960971,0.10288238525390625,True,False
commodity_repression,-1.005,-0.031089998776300646,0.014808341528488709,-2.0994922838920766,0.05100995013657273,0.10442352294921875,True,True
commodity_repression,-1.0,-0.030809784172027337,0.014757253762751752,-2.087772201206785,0.052179079789991034,0.1060333251953125,True,True
commodity_repression,-0.995,-0.030529569567754027,0.014706263089985062,-2.075956983833956,0.0533823567999102,0.107879638671875,True,True
commodity_repression,-0.99,-0.030249354963480714,0.014655370523640202,-2.0640457308592954,0.054620913229229205,0.10953521728515625,True,True
commodity_repression,-0.985,-0.029969140359207398,0.014604577089331479,-2.0520375342535324,0.05589592093820065,0.11101531982421875,True,True
commodity_repression,-0.98,-0.029688925754934085,0.01455388382497911,-2.0399314789072602,0.057208592958177665,0.11287689208984375,True,True
commodity_repression,-0.975,-0.029408711150660783,0.014503291780953387,-2.027726642670329,0.05856018490497689,0.11470794677734375,True,True
commodity_repression,-0.97,-0.029128496546387467,0.014452802020219828,-2.0154220963959775,0.059951996432147624,0.11632537841796875,True,True
commodity_repression,-0.965,-0.028848281942114157,0.014402415618485305,-2.003016903989896,0.06138537272434183,0.11822509765625,True,True
commodity_repression,-0.96,-0.028568067337840838,0.014352133664345079,-1.9905101224643915,0.06286170603087127,0.12020111083984375,True,True
commodity_repression,-0.955,-0.028287852733567532,0.014301957259430752,-1.9779008019978832,0.06438243723942023,0.1219482421875,True,True
commodity_repression,-0.95,-0.028007638129294212,0.014251887518559062,-1.9651879859999013,0.06594905748974891,0.12398529052734375,True,True
commodity_repression,-0.945,-0.02772742352502091,0.014201925569881495,-1.9523707111818271,0.06756310982707214,0.12604522705078125,True,True
commodity_repression,-0.94,-0.027447208920747604,0.014152072555034721,-1.939448007633555,0.06922619089464334,0.12825775146484375,True,True
commodity_repression,-0.935,-0.02716699431647429,0.014102329629291713,-1.9264188989063327,0.07093995266487574,0.13036346435546875,True,True
commodity_repression,-0.93,-0.026886779712200975,0.014052697961713602,-1.9132824021019783,0.07270610420815593,0.13233184814453125,True,True
commodity_repression,-0.925,-0.02660656510792768,0.014003178735302184,-1.900037527968718,0.07452641349826429,0.134521484375,True,True
commodity_repression,-0.92,-0.02632635050365436,0.013953773147152982,-1.8866832810038754,0.07640270925309227,0.1368560791015625,True,True
commodity_repression,-0.915,-0.02604613589938104,0.013904482408608913,-1.8732186595636715,0.07833688280907368,0.1389617919921875,True,True
commodity_repression,-0.91,-0.025765921295107738,0.013855307745414417,-1.8596426559803614,0.08033089002746922,0.14133453369140625,True,True
commodity_repression,-0.905,-0.025485706690834428,0.01380625039787,-1.8459542566869793,0.08238675323032223,0.1439208984375,True,True
commodity_repression,-0.9,-0.02520549208656111,0.013757311620987188,-1.832152442349956,0.08450656316356987,0.1463623046875,True,True
commodity_repression,-0.895,-0.024925277482287806,0.013708492684643763,-1.8182361880098659,0.086692480984423,0.14892578125,True,True
commodity_repression,-0.89,-0.024645062878014493,0.013659794873739237,-1.8042044632305774,0.08894674026973115,0.15128326416015625,True,True
commodity_repression,-0.885,-0.024364848273741177,0.01361121948835051,-1.7900562322571036,0.09127164904161168,0.15377044677734375,True,True
commodity_repression,-0.88,-0.024084633669467868,0.013562767843887604,-1.7757904541824183,0.09366959180616541,0.15657806396484375,True,True
commodity_repression,-0.875,-0.02380441906519455,0.013514441271249405,-1.7614060831235416,0.0961430316005894,0.15904998779296875,True,True
commodity_repression,-0.87,-0.02352420446092124,0.013466241116979367,-1.7469020684071925,0.09869451204346535,0.16180419921875,True,True
commodity_repression,-0.865,-0.02324398985664793,0.013418168743421026,-1.7322773547653094,0.10132665938242369,0.1645050048828125,True,True
commodity_repression,-0.86,-0.022963775252374627,0.013370225528873288,-1.7175308825407516,0.10404218453275484,0.16709136962890625,True,True
commodity_repression,-0.855,-0.022683560648101307,0.013322412867745386,-1.7026615879034945,0.1068438850998889,0.16992950439453125,True,True
commodity_repression,-0.85,-0.022403346043827998,0.013274732170711376,-1.6876684030776516,0.10973464737794596,0.17287445068359375,True,True
commodity_repression,-0.845,-0.022123131439554692,0.013227184864864105,-1.6725502565796326,0.11271744831581533,0.1759033203125,True,True
commodity_repression,-0.84,-0.02184291683528138,0.013179772393868543,-1.6573060734677847,0.1157953574414168,0.17919921875,True,True
commodity_repression,-0.835,-0.02156270223100806,0.01313249621811434,-1.6419347756038563,0.11897153873394593,0.182373046875,True,True
commodity_repression,-0.83,-0.021282487626734757,0.013085357814867514,-1.6264352819266208,0.12224925243301335,0.18547821044921875,True,True
commodity_repression,-0.825,-0.021002273022461448,0.013038358678421147,-1.610806508738006,0.1256318567726342,0.1888580322265625,True,True
commodity_repression,-0.82,-0.02072205841818813,0.012991500320244948,-1.595047370002099,0.1291228096270239,0.19208526611328125,True,True
commodity_repression,-0.815,-0.020441843813914822,0.012944784269133569,-1.5791567776573732,0.13272567005410932,0.19551849365234375,True,True
commodity_repression,-0.81,-0.020161629209641516,0.012898212071353537,-1.5631336419424957,0.13644409972156002,0.1990814208984375,True,True
commodity_repression,-0.805,-0.019881414605368207,0.01285178529078863,-1.546976871736099,0.14028186419899427,0.20269012451171875,True,True
commodity_repression,-0.8,-0.019601200001094894,0.012805505509083616,-1.5306853749108722,0.14424283409881425,0.20648193359375,True,True
commodity_repression,-0.795,-0.01932098539682158,0.012759374325786096,-1.5142580587023595,0.14833098604687622,0.21013641357421875,True,True
commodity_repression,-0.79,-0.01904077079254826,0.012713393358486426,-1.4976938300928284,0.15255040346291512,0.213958740234375,True,True
commodity_repression,-0.785,-0.01876055618827496,0.012667564242955428,-1.4809915962106064,0.15690527712930122,0.217742919921875,True,True
commodity_repression,-0.78,-0.018480341584001653,0.012621888633279803,-1.4641502647452476,0.1613999055253485,0.222076416015625,True,True
commodity_repression,-0.775,-0.01820012697972834,0.012576368201995033,-1.447168744378937,0.16603869490297782,0.22614288330078125,True,True
commodity_repression,-0.77,-0.017919912375455024,0.012531004640215579,-1.4300459452345025,0.17082615907812373,0.2304840087890625,True,True
commodity_repression,-0.765,-0.017639697771181708,0.012485799657762245,-1.4127807793404212,0.1757669189108178,0.2349395751953125,True,True
commodity_repression,-0.76,-0.017359483166908395,0.012440754983286423,-1.3953721611132166,0.1808657014454235,0.2395477294921875,True,True
commodity_repression,-0.755,-0.017079268562635086,0.012395872364391101,-1.377819007857624,0.18612733868104278,0.2439727783203125,True,True
commodity_repression,-0.75,-0.016799053958361784,0.012351153567748352,-1.3601202402849157,0.19155676594066173,0.2484283447265625,True,True
commodity_repression,-0.745,-0.01651883935408846,0.012306600379213162,-1.3422747830497617,0.19715901980617873,0.253204345703125,True,True
commodity_repression,-0.74,-0.016238624749815158,0.012262214603933294,-1.324281565306023,0.2029392355850647,0.258331298828125,True,True
commodity_repression,-0.735,-0.015958410145541845,0.012217998066455047,-1.3061395212818239,0.20890264427308064,0.26355743408203125,True,True
commodity_repression,-0.73,-0.015678195541268532,0.012173952610824568,-1.2878475908743179,0.21505456897619904,0.26895904541015625,True,True
commodity_repression,-0.725,-0.015397980936995213,0.012130080100684587,-1.2694047202644767,0.22140042075371133,0.27440643310546875,True,True
commodity_repression,-0.72,-0.015117766332721907,0.012086382419366222,-1.2508098625522923,0.22794569384344485,0.279754638671875,True,True
commodity_repression,-0.715,-0.0148375517284486,0.012042861469975663,-1.2320619784127256,0.23469596022908673,0.28548431396484375,True,True
commodity_repression,-0.71,-0.014557337124175283,0.011999519175475438,-1.213160036772765,0.24165686350884946,0.2913360595703125,True,True
commodity_repression,-0.705,-0.014277122519901974,0.011956357478759986,-1.1941030155099275,0.2488341120241603,0.29754638671875,True,True
commodity_repression,-0.7,-0.013996907915628668,0.011913378342725281,-1.1748899021725152,0.25623347120669787,0.3035736083984375,True,True
commodity_repression,-0.695,-0.013716693311355357,0.011870583750332184,-1.1555196947219644,0.263860755102021,0.3101348876953125,True,True
commodity_repression,-0.69,-0.013436478707082039,0.011827975704663247,-1.1359914022975741,0.27172181702823145,0.316864013671875,True,True
commodity_repression,-0.685,-0.013156264102808733,0.011785556228972665,-1.1163040460039069,0.2798225393286477,0.3240203857421875,True,True
commodity_repression,-0.68,-0.012876049498535422,0.011743327366729055,-1.0964566597211256,0.28816882217836237,0.33104705810546875,True,True
commodity_repression,-0.675,-0.012595834894262116,0.011701291181650747,-1.0764482909385367,0.2967665714058522,0.33843231201171875,True,True
commodity_repression,-0.67,-0.012315620289988801,0.011659449757733266,-1.0562780016115532,0.3056216852925722,0.3460235595703125,True,True
commodity_repression,-0.665,-0.012035405685715487,0.011617805199268657,-1.0359448690423143,0.3147400403156992,0.35369110107421875,True,True
commodity_repression,-0.66,-0.011755191081442181,0.011576359630856337,-1.0154479867841333,0.32412747580197754,0.36159515380859375,True,True
commodity_repression,-0.655,-0.011474976477168865,0.011535115197405073,-0.9947864655699549,0.3337897774639623,0.3706512451171875,True,True
commodity_repression,-0.65,-0.011194761872895557,0.011494074064125805,-0.9739594342649633,0.34373265979395207,0.37897491455078125,True,True
commodity_repression,-0.645,-0.010914547268622241,0.011453238416514883,-0.9529660408434455,0.3539617472955316,0.38797760009765625,True,True
commodity_repression,-0.64,-0.010634332664348935,0.01141261046032738,-0.9318054533900109,0.3644825545379943,0.39678955078125,True,True
commodity_repression,-0.635,-0.010354118060075619,0.011372192421540112,-0.9104768611251992,0.3753004650250176,0.40625,True,True
commodity_repression,-0.63,-0.01007390345580231,0.011331986546303945,-0.8889794754555216,0.3864207088758045,0.41605377197265625,True,True
commodity_repression,-0.625,-0.009793688851528998,0.011291995100885037,-0.867312531047892,0.3978483393246098,0.42612457275390625,True,True
commodity_repression,-0.62,-0.009513474247255687,0.0112522203715946,-0.8454752869284138,0.4095882080530451,0.435791015625,True,True
commodity_repression,-0.615,-0.009233259642982376,0.011212664664706789,-0.8234670276054159,0.4216449393789247,0.44658660888671875,True,True
commodity_repression,-0.61,-0.008953045038709065,0.011173330306364289,-0.8012870642166054,0.43402290333561583,0.45782470703125,True,True
commodity_repression,-0.605,-0.00867283043443575,0.01113421964247122,-0.7789347357001511,0.4467261876869224,0.4686737060546875,True,True
commodity_repression,-0.6,-0.008392615830162438,0.011095335038572924,-0.7564094099894699,0.45975856893443895,0.48075103759765625,True,True
commodity_repression,-0.595,-0.008112401225889132,0.0110566788797222,-0.7337104852314348,0.47312348238704044,0.492462158203125,True,True
commodity_repression,-0.59,-0.007832186621615814,0.011018253570331581,-0.7108373910276703,0.48682399137568755,0.5046844482421875,True,True
commodity_repression,-0.585,-0.007551972017342505,0.010980061534011237,-0.6877895896985576,0.500862755710962,0.5175933837890625,True,True
commodity_repression,-0.58,-0.007271757413069197,0.010942105213392004,-0.6645665775694899,0.5152419994956595,0.5307540893554688,True,True
commodity_repression,-0.575,-0.0069915428087958835,0.010904387069933212,-0.6411678862788852,0.5299634784202351,0.5445327758789062,True,True
commodity_repression,-0.57,-0.00671132820452257,0.010866909583714755,-0.6175930841073919,0.545028446684832,0.5579910278320312,True,True
commodity_repression,-0.565,-0.006431113600249259,0.010829675253213059,-0.5938417773276452,0.5604376237079247,0.5718765258789062,True,True
commodity_repression,-0.56,-0.006150898995975959,0.010792686595060467,-0.5699136115738843,0.5761911607980577,0.586395263671875,True,True
commodity_repression,-0.555,-0.005870684391702645,0.010755946143787597,-0.5458082732306564,0.5922886079816766,0.6018218994140625,True,True
commodity_repression,-0.55,-0.0055904697874293325,0.010719456451548252,-0.5215254908397785,0.6087288811963633,0.616668701171875,True,True
commodity_repression,-0.545,-0.005310255183156025,0.010683220087826443,-0.49706503652462186,0.6255102300747575,0.6326675415039062,True,True
commodity_repression,-0.54,-0.005030040578882715,0.010647239639125073,-0.4724267274307403,0.6426302065597735,0.6487274169921875,True,True
commodity_repression,-0.535,-0.004749825974609399,0.010611517708635877,-0.44761042718176786,0.6600856346062153,0.6649017333984375,True,True
commodity_repression,-0.53,-0.004469611370336085,0.010576056915890166,-0.4226160473494281,0.6778725812372381,0.6816940307617188,True,True
commodity_repression,-0.525,-0.0041893967660627755,0.010540859896389974,-0.3974435489364162,0.6959863292360549,0.6993865966796875,True,True
commodity_repression,-0.52,-0.003909182161789467,0.010505929301219167,-0.37209294387083147,0.7144213517635067,0.7171249389648438,True,True
commodity_repression,-0.515,-0.0036289675575161525,0.010471267796634145,-0.346564296510747,0.7331712892003377,0.7353744506835938,True,True
commodity_repression,-0.51,-0.003348752953242841,0.01043687806363368,-0.3208577251574162,0.7522289285189001,0.7540740966796875,True,True
commodity_repression,-0.505,-0.003068538348969531,0.010402762797507563,-0.294973403575513,0.7715861854922895,0.773040771484375,True,True
commodity_repression,-0.5,-0.0027883237446962193,0.010368924707363615,-0.2689115625187304,0.7912340900492075,0.7925338745117188,True,True
commodity_repression,-0.495,-0.0025081091404229065,0.010335366515632752,-0.24267249125894738,0.8111627750799677,0.81158447265625,True,True
commodity_repression,-0.49,-0.0022278945361495946,0.010302090957551703,-0.21625653911708959,0.8313614689926392,0.8315887451171875,True,True
commodity_repression,-0.485,-0.0019476799318762824,0.010269100780623066,-0.18966411699370908,0.851818492308184,0.8516693115234375,True,True
commodity_repression,-0.48,-0.0016674653276029716,0.01023639874405236,-0.16289569889721386,0.8725212585693286,0.8722305297851562,True,True
commodity_repression,-0.475,-0.0013872507233296618,0.010203987618161787,-0.13595182346757592,0.8934562798196802,0.8930587768554688,True,True
commodity_repression,-0.47,-0.0011070361190563497,0.010171870183780372,-0.10883309549325373,0.9146091768871051,0.914337158203125,True,True
commodity_repression,-0.465,-0.0008268215147830422,0.010140049231610273,-0.08154018741896585,0.9359646946785778,0.9358978271484375,True,True
commodity_repression,-0.46,-0.0005466069105097363,0.010108527561568935,-0.054073840841850365,0.9575067226625918,0.9573516845703125,True,True
commodity_repression,-0.455,-0.000266392306236418,0.010077307982106945,-0.026434867993458032,0.979218320679823,0.979156494140625,True,True
commodity_repression,-0.45,1.3822298036891422e-05,0.01004639330950131,0.0013758467950701347,0.9989182498167536,0.9990081787109375,True,True
commodity_repression,-0.445,0.000294036902310204,0.010015786367124042,0.02935734564740267,0.9769214890344627,0.9770355224609375,True,True
commodity_repression,-0.44,0.0005742515065835141,0.00998548998468587,0.057508595718808814,0.954810616615421,0.954620361328125,True,True
commodity_repression,-0.435,0.0008544661108568279,0.009955506997454953,0.08582848779828746,0.9326055239522223,0.932769775390625,True,True
commodity_repression,-0.43,0.0011346807151301412,0.009925840245450564,0.11431583493903337,0.910326721137031,0.9098968505859375,True,True
commodity_repression,-0.425,0.0014148953194034488,0.009896492572611597,0.14296937112034536,0.8879952786913133,0.8868331909179688,True,True
commodity_repression,-0.42,0.0016951099236767605,0.00986746682593996,0.17178774994414908,0.8656327642800086,0.864654541015625,True,True
commodity_repression,-0.415,0.0019753245279500726,0.009838765854618844,0.20076954336937997,0.8432611746713028,0.841644287109375,True,True
commodity_repression,-0.41,0.0022555391322233833,0.009810392509105866,0.22991324048755685,0.8209028632605596,0.8190383911132812,True,True
commodity_repression,-0.405,0.0025357537364966917,0.00978234964020128,0.2592172463429263,0.7985804635335724,0.7960662841796875,True,True
commodity_repression,-0.4,0.002815968340770007,0.009754640098091294,0.28867988080062656,0.7763168088992197,0.7739791870117188,True,True
commodity_repression,-0.395,0.0030961829450433164,0.009727266731366717,0.3182993774663657,0.7541348493739942,0.7515716552734375,True,True
commodity_repression,-0.39,0.003376397549316626,0.009700232386017143,0.34807388266117145,0.7320575656497474,0.7292709350585938,True,True
commodity_repression,-0.385,0.003656612153589937,0.009673539904400903,0.37800145445478434,0.7101078811205574,0.7073974609375,True,True
commodity_repression,-0.38,0.003936826757863248,0.009647192124191179,0.40808006176131917,0.6883085724839075,0.6852645874023438,True,True
commodity_repression,-0.375,0.004217041362136562,0.009621191877298506,0.4383075835008342,0.6666821795646188,0.6637725830078125,True,True
commodity_repression,-0.37,0.004497255966409872,0.009595541988770205,0.46868180783045627,0.6452509150364258,0.64215087890625,True,True
commodity_repression,-0.365,0.004777470570683183,0.009570245275667083,0.49920043144873055,0.6240365747350363,0.6209259033203125,True,True
commodity_repression,-0.36,0.005057685174956496,0.00954530454591801,0.5298610589768331,0.603060449267471,0.5996780395507812,True,True
commodity_repression,-0.355,0.005337899779229806,0.00952072259715284,0.5606612024202972,0.58234323762491,0.57855224609375,True,True
commodity_repression,-0.35,0.005618114383503114,0.009496502215514364,0.5915982807148555,0.5619049634999653,0.5584716796875,True,True
commodity_repression,-0.345,0.005898328987776427,0.00947264617444991,0.6226696193599727,0.5417648949940429,0.538726806640625,True,True
commodity_repression,-0.34,0.006178543592049737,0.009449157233483349,0.6538724501435851,0.5219414683762658,0.5193328857421875,True,True
commodity_repression,-0.335,0.0064587581963230474,0.009426038136968237,0.685203910961517,0.502452216522477,0.5006256103515625,True,True
commodity_repression,-0.33,0.006738972800596361,0.009403291612822997,0.7166610457349445,0.483313702621465,0.4822235107421875,True,True
commodity_repression,-0.325,0.0070191874048696696,0.009380920371248968,0.7482408044292077,0.46454145968620947,0.46421051025390625,True,True
commodity_repression,-0.32,0.007299402009142982,0.009358927103432274,0.7799400431771729,0.4461499363513191,0.44632720947265625,True,True
commodity_repression,-0.315,0.007579616613416293,0.009337314480230566,0.8117555245102047,0.4281524493747046,0.4288330078125,True,True
commodity_repression,-0.31,0.007859831217689602,0.009316085150845626,0.8436839176997175,0.41056114319279263,0.41196441650390625,True,True
commodity_repression,-0.305,0.00814004582196292,0.009295241741483013,0.8757217992121002,0.39338695680531927,0.3948822021484375,True,True
commodity_repression,-0.3,0.008420260426236231,0.009274786853999867,0.9078656532796642,0.37663959818903664,0.3791961669921875,True,True
commodity_repression,-0.295,0.008700475030509545,0.009254723064542133,0.9401118725901055,0.3603275263607147,0.36392974853515625,True,True
commodity_repression,-0.29,0.008980689634782857,0.009235052922172473,0.9724567590967547,0.3444579411298871,0.34934234619140625,True,True
commodity_repression,-0.285,0.009260904239056164,0.009215778947490188,1.0048965249517259,0.32903678050207563,0.334991455078125,True,True
commodity_repression,-0.28,0.009541118843329472,0.009196903631244549,1.0374272935638387,0.31406872561502003,0.32147216796875,True,True
commodity_repression,-0.275,0.009821333447602783,0.00917842943294297,1.0700451007829639,0.29955721301489757,0.308380126953125,True,True
commodity_repression,-0.27,0.010101548051876096,0.009160358779455488,1.1027458962122172,0.2855044540077955,0.29608154296875,True,True
commodity_repression,-0.265,0.010381762656149408,0.009142694063617108,1.1355255446491546,0.2719114607548465,0.2839813232421875,True,True
commodity_repression,-0.26,0.010661977260422716,0.009125437642829552,1.168379827656871,0.2587780787183754,0.2727203369140625,True,True
commodity_repression,-0.255,0.010942191864696027,0.009108591837664064,1.201304445265625,0.24610302501196243,0.26169586181640625,True,True
commodity_repression,-0.25,0.011222406468969342,0.009092158930466904,1.2342950178053085,0.23388393216016648,0.25091552734375,True,True
commodity_repression,-0.245,0.01150262107324265,0.009076141163969221,1.267347087868813,0.2221173967342698,0.24036407470703125,True,True
commodity_repression,-0.24,0.011782835677515964,0.009060540739903047,1.3004561224060063,0.2107990322992024,0.23062896728515625,True,True
commodity_repression,-0.235,0.012063050281789276,0.009045359817625165,1.3336175149477247,0.19992352608392044,0.22156524658203125,True,True
commodity_repression,-0.23,0.012343264886062582,0.009030600512750625,1.3668265879588726,0.189484698773022,0.2130126953125,True,True
commodity_repression,-0.225,0.012623479490335892,0.009016264895797738,1.4000785953193755,0.17947556681114926,0.2050933837890625,True,True
commodity_repression,-0.22,0.012903694094609204,0.009002354990846345,1.4333687249313949,0.16988840661348673,0.19747161865234375,True,True
commodity_repression,-0.215,0.01318390869888252,0.00898887277421126,1.4666921014508807,0.16071482008500332,0.19049072265625,True,True
commodity_repression,-0.21,0.013464123303155823,0.00897582017313268,1.5000437891411837,0.1519458008675118,0.1834259033203125,True,True
commodity_repression,-0.205,0.013744337907429138,0.008963199064485488,1.5334187948461122,0.14357180075648987,0.1764678955078125,True,True
commodity_repression,-0.2,0.014024552511702454,0.008951011273509281,1.5668120710794358,0.13558279575822887,0.16977691650390625,True,True
commodity_repression,-0.195,0.01430476711597576,0.008939258572561028,1.6002185192275464,0.1279683512914714,0.16362762451171875,True,True
commodity_repression,-0.19,0.014584981720249073,0.008927942679892172,1.6336329928616011,0.12071768607548114,0.15802001953125,True,True
commodity_repression,-0.185,0.01486519632452238,0.008917065258452097,1.667050301155115,0.11381973428761427,0.152740478515625,True,True
commodity_repression,-0.18,0.015145410928795695,0.008906627914719766,1.7004652124026922,0.10726320561706217,0.1476593017578125,True,True
commodity_repression,-0.175,0.015425625533069007,0.008896632197565332,1.733872457635195,0.10103664288676538,0.1429290771484375,True,True
commodity_repression,-0.17,0.015705840137342313,0.008887079597143584,1.7672667343263542,0.09512847696166934,0.1382293701171875,True,True
commodity_repression,-0.165,0.01598605474161563,0.00887797154382093,1.8006427101855185,0.08952707870783251,0.1334686279296875,True,True
commodity_repression,-0.16,0.016266269345888942,0.008869309407137706,1.8339950270309011,0.08422080781266432,0.128814697265625,True,True
commodity_repression,-0.155,0.01654648395016225,0.00886109449480748,1.8673183047374498,0.07919805832114726,0.12502288818359375,True,True
commodity_repression,-0.15,0.01682669855443556,0.008853328051755016,1.9006071452531306,0.07444730078575398,0.12126922607421875,True,True
commodity_repression,-0.145,0.01710691315870887,0.0088460112591945,1.9338561366771978,0.06995712096836572,0.117218017578125,True,True
commodity_repression,-0.14,0.01738712776298219,0.008839145233749606,1.967059857393755,0.06571625507050856,0.11365509033203125,True,True
commodity_repression,-0.135,0.017667342367255496,0.008832731026616832,2.0002128802537027,0.0617136215032743,0.1099395751953125,True,True
commodity_repression,-0.13,0.017947556971528805,0.00882676962277365,2.0333097767979487,0.05793834924016428,0.106536865234375,True,True
commodity_repression,-0.125,0.01822777157580212,0.008821261940232732,2.066345121514577,0.054379802824640444,0.103271484375,True,True
commodity_repression,-0.12,0.018507986180075427,0.00881620882934361,2.0993134961225044,0.05102760412926617,0.09986114501953125,True,True
commodity_repression,-0.115,0.018788200784348737,0.00881161107214298,2.132209493874025,0.047871650984976116,0.09645843505859375,True,False
commodity_repression,-0.11,0.019068415388622056,0.008807469381754788,2.1650277238684983,0.04490213281724845,0.0933380126953125,True,False
commodity_repression,-0.105,0.019348629992895362,0.008803784401841186,2.1977628153693622,0.04210954344086398,0.09058380126953125,True,False
commodity_repression,-0.1,0.019628844597168675,0.008800556706105305,2.2304094221165967,0.03948469117664648,0.08746337890625,True,False
commodity_repression,-0.095,0.019909059201441988,0.008797786797846763,2.262962226626665,0.03701870646227767,0.08477020263671875,True,False
commodity_repression,-0.09,0.020189273805715297,0.008795475109570678,2.2954159444720172,0.034703047135151016,0.0820770263671875,True,False
commodity_repression,-0.085,0.020469488409988603,0.008793622002650938,2.327765328532184,0.03252950156851151,0.079254150390625,True,False
commodity_repression,-0.08,0.020749703014261926,0.008792227767048284,2.3600051732085636,0.030490189843056358,0.0768585205078125,True,False
commodity_repression,-0.075,0.021029917618535225,0.008791292621083762,2.392130318595029,0.028577563134996202,0.0741729736328125,True,False
commodity_repression,-0.07,0.02131013222280854,0.008790816711267933,2.424135654596636,0.02678440149855076,0.0717315673828125,True,False
commodity_repression,-0.065,0.02159034682708185,0.008790800112186158,2.45601612498872,0.025103810216235686,0.06926727294921875,True,False
commodity_repression,-0.06,0.021870561431355164,0.008791242826440157,2.487766731408922,0.023529214884323024,0.06719970703125,True,False
commodity_repression,-0.055,0.022150776035628476,0.008792144784645994,2.5193825372747605,0.02205435539377578,0.06501007080078125,True,False
commodity_repression,-0.05,0.022430990639901786,0.008793505845488403,2.5508586716196056,0.020673278958984007,0.062957763671875,True,False
commodity_repression,-0.045,0.022711205244175095,0.008795325795831473,2.5821903328400895,0.01938033233797856,0.06085205078125,True,False
commodity_repression,-0.04,0.022991419848448404,0.008797604350885368,2.6133727923482497,0.01817015337865885,0.05878448486328125,True,False
commodity_repression,-0.035,0.023271634452721717,0.008800341154428879,2.6444013981219334,0.017037662016124618,0.0571441650390625,True,False
commodity_repression,-0.03,0.02355184905699503,0.008803535779087334,2.6752715781472816,0.01597805083659338,0.05509185791015625,True,False
commodity_repression,-0.025,0.02383206366126835,0.008807187726665413,2.705978843747398,0.014986775313769029,0.05319976806640625,True,False
commodity_repression,-0.02,0.024112278265541656,0.008811296428534211,2.7365187927916317,0.014059543814007062,0.0516204833984375,True,False
commodity_repression,-0.015,0.024392492869814965,0.0088158612460719,2.766887112780226,0.01319230745731107,0.050018310546875,True,False
commodity_repression,-0.01,0.024672707474088278,0.00882088147115717,2.797079583799416,0.012381249912176507,0.04833221435546875,False,False
commodity_repression,-0.005,0.02495292207836159,0.00882635632671456,2.8270920813424527,0.011622777193634304,0.046844482421875,False,False
commodity_repression,-0.0,0.025233136682634896,0.008832284967310734,2.8569205789923595,0.01091350752560444,0.04532623291015625,False,False
commodity_repression,0.005,0.025513351286908213,0.00883866647980062,2.8865611509626437,0.010250261320877469,0.0440521240234375,False,False
commodity_repression,0.01,0.02579356589118152,0.00884549988402226,2.9160099744925403,0.009630051324739132,0.0427398681640625,False,False
commodity_repression,0.015,0.02607378049545483,0.008852784133539194,2.945263332093807,0.009050072961450745,0.041595458984375,False,False
commodity_repression,0.02,0.026353995099728137,0.008860518116429062,2.9743176136464173,0.008507694916509104,0.04024505615234375,False,False
commodity_repression,0.025,0.02663420970400146,0.008868700656117038,3.003169318341009,0.008000449981831734,0.03900909423828125,False,False
commodity_repression,0.03,0.02691442430827476,0.008877330512252696,3.031815056466226,0.007526026185744321,0.03784942626953125,False,False
commodity_repression,0.035,0.027194638912548075,0.008886406381628822,3.060251551039631,0.007082258224867789,0.0367889404296875,False,False
commodity_repression,0.04,0.027474853516821388,0.008895926899140583,3.088475639281127,0.006667119210707016,0.035675048828125,False,False
commodity_repression,0.045,0.0277550681210947,0.008905890638783488,3.1164842739283785,0.006278712739896633,0.03475189208984375,False,False
commodity_repression,0.05,0.028035282725368014,0.00891629611468846,3.144274524393987,0.005915265293654732,0.03365325927734375,False,False
commodity_repression,0.055,0.028315497329641323,0.008927141782192356,3.171843577764653,0.005575118968991925,0.0326690673828125,False,False
commodity_repression,0.06,0.02859571193391463,0.008938426038942163,3.1991887396428966,0.005256724541606766,0.03163909912109375,False,False
commodity_repression,0.065,0.028875926538187942,0.008950147226031139,3.2263074348322993,0.0049586348581329405,0.03072357177734375,False,False
commodity_repression,0.07,0.029156141142461255,0.008962303629165063,3.253197207867579,0.004679498553467065,0.02994537353515625,False,False
commodity_repression,0.075,0.02943635574673456,0.008974893479856822,3.2798557233911776,0.004418054087267678,0.02913665771484375,False,False
commodity_repression,0.08,0.029716570351007873,0.008987914956647428,3.30628076637837,0.004173124092350135,0.02823638916015625,False,False
commodity_repression,0.085,0.029996784955281193,0.009001366186351676,3.332470242213213,0.003943610026584468,0.0273895263671875,False,False
commodity_repression,0.09,0.030276999559554495,0.00901524524532655,3.3584221766179807,0.0037284871190053775,0.0265350341796875,False,False
commodity_repression,0.095,0.030557214163827808,0.009029550160760468,3.384134715439056,0.003526799600145035,0.02574920654296875,False,False
commodity_repression,0.1,0.03083742876810112,0.009044278911981578,3.4096061242924143,0.003337656206077383,0.02490234375,False,False
commodity_repression,0.105,0.031117643372374427,0.009059429431783146,3.4348347880722563,0.0031602259452934724,0.02420806884765625,False,False
commodity_repression,0.11,0.03139785797664775,0.009074999607764266,3.459819210326444,0.002993734117296965,0.02350616455078125,False,False
commodity_repression,0.115,0.03167807258092104,0.009090987283683948,3.4845580125026983,0.002837458571693839,0.0228118896484375,False,False
commodity_repression,0.12,0.031958287185194376,0.00910739026082685,3.509049933069731,0.0026907261965383135,0.0220794677734375,False,False
commodity_repression,0.125,0.03223850178946768,0.009124206299378759,3.533293826517569,0.0025529096247713956,0.02138519287109375,False,False
commodity_repression,0.13,0.03251871639374099,0.009141433119810107,3.5572886622416693,0.0024234241477350594,0.0207977294921875,False,False
commodity_repression,0.135,0.032798930998014286,0.009159068404265688,3.581033523315397,0.0023017248249539834,0.02019500732421875,False,False
commodity_repression,0.14,0.03307914560228761,0.009177109797958927,3.6045276051556794,0.002187303779634726,0.0196685791015625,False,False
commodity_repression,0.145,0.03335936020656093,0.009195554910568927,3.6277702140867314,0.0020796876696304862,0.01910400390625,False,False
commodity_repression,0.15,0.033639574810834245,0.00921440131763869,3.6507607658068473,0.0019784353239502505,0.01856231689453125,False,False
commodity_repression,0.155,0.03391978941510754,0.009233646561972888,3.673498783763295,0.0018831355352452617,0.01805877685546875,False,False
commodity_repression,0.16,0.03420000401938085,0.009253288155033578,3.695983897440482,0.0017934049990774618,0.0175628662109375,False,False
commodity_repression,0.165,0.03448021862365416,0.009273323578332337,3.7182158405665056,0.001708886391158426,0.0169525146484375,False,False
commodity_repression,0.17,0.03476043322792748,0.009293750284817374,3.7401944492433215,0.0016292465741373741,0.0164642333984375,False,False
commodity_repression,0.175,0.03504064783220079,0.009314565700254114,3.7619196600057085,0.0015541749259099552,0.01595306396484375,False,False
commodity_repression,0.18,0.03532086243647411,0.009335767224597913,3.7833915078142235,0.0014833817818112917,0.015472412109375,False,False
commodity_repression,0.185,0.03560107704074741,0.009357352233357553,3.8046101239873096,0.001416596983444586,0.0149993896484375,False,False
commodity_repression,0.19,0.03588129164502072,0.009379318078948243,3.8255757340777055,0.0013535685272778152,0.0147705078125,False,False
commodity_repression,0.195,0.03616150624929404,0.009401662092032876,3.846288655698219,0.0012940613065136877,0.014434814453125,False,False
commodity_repression,0.2,0.03644172085356734,0.009424381582850376,3.866749296301906,0.001237855940100427,0.0139312744140625,False,False
commodity_repression,0.205,0.036721935457840665,0.009447473842530058,3.886958150921584,0.0011847476831018694,0.01357269287109375,False,False
commodity_repression,0.21,0.037002150062113964,0.009470936144390832,3.906915799873544,0.001134545412983663,0.01312255859375,False,False
commodity_repression,0.215,0.03728236466638729,0.009494765745224393,3.9266229064302403,0.0010870706866976062,0.01275634765625,False,False
commodity_repression,0.22,0.03756257927066058,0.009518959886561302,3.9460802144665785,0.0010421568637576301,0.0124053955078125,False,False
commodity_repression,0.225,0.037842793874933896,0.009543515795919165,3.965288546084409,0.0009996482907984308,0.01210784912109375,False,False
commodity_repression,0.23,0.0381230084792072,0.009568430688032016,3.9842487992195657,0.0009593995433912952,0.01183319091796875,False,False
commodity_repression,0.235,0.03840322308348052,0.009593701766060165,4.00296194523582,0.0009212747211609911,0.01161956787109375,False,False
commodity_repression,0.24,0.03868343768775383,0.009619326222779733,4.021429026509855,0.0008851467925031359,0.0113677978515625,False,False
commodity_repression,0.245,0.03896365229202714,0.009645301241751265,4.039651154011302,0.0008508969854432546,0.01108551025390625,False,False
commodity_repression,0.25,0.039243866896300446,0.009671623998466753,4.057629504881683,0.0008184142214073064,0.01082611083984375,False,False
commodity_repression,0.255,0.039524081500573766,0.009698291661474526,4.075365320016013,0.0007875945888888362,0.01055908203125,False,False
commodity_repression,0.26,0.03980429610484707,0.009725301393481512,4.092859901650589,0.0007583408542009333,0.01041412353515625,False,False
commodity_repression,0.265,0.04008451070912039,0.009752650352432378,4.110114610960398,0.0007305620066920688,0.01018524169921875,False,False
commodity_repression,0.27,0.04036472531339371,0.009780335692565164,4.1271308656693915,0.0007041728359840569,0.00997161865234375,False,False
commodity_repression,0.275,0.04064493991766702,0.009808354565443057,4.143910137676699,0.000679093538958619,0.00977325439453125,False,False
commodity_repression,0.28,0.04092515452194033,0.00983670412096196,4.160453950701746,0.0006552493543765546,0.00957489013671875,False,False
commodity_repression,0.285,0.04120536912621362,0.00986538150833363,4.176763877950997,0.0006325702231610393,0.00942230224609375,False,False
commodity_repression,0.29,0.041485583730486934,0.009894383877044144,4.192841539808982,0.0006109904725144572,0.0092010498046875,False,False
commodity_repression,0.295,0.04176579833476026,0.009923708377787504,4.208688601556021,0.0005904485221671188,0.0090484619140625,False,False
commodity_repression,0.3,0.04204601293903356,0.00995335216337428,4.224306771114946,0.00057088661117649,0.00884246826171875,False,False
commodity_repression,0.305,0.042326227543306866,0.009983312389615173,4.239697796828976,0.000552250543807742,0.00865936279296875,False,False
commodity_repression,0.31,0.042606442147580185,0.010013586216179449,4.254863465272695,0.0005344894531312288,0.0084686279296875,False,False
commodity_repression,0.315,0.0428866567518535,0.01004417080742821,4.269805599097985,0.0005175555810697853,0.008270263671875,False,False
commodity_repression,0.32,0.04316687135612682,0.010075063333222571,4.284526054916583,0.0005014040737196698,0.0081024169921875,False,False
commodity_repression,0.325,0.043447085960400124,0.010106260969706723,4.299026721220809,0.0004859927908533307,0.00792694091796875,False,False
commodity_repression,0.33,0.04372730056467344,0.010137760900066045,4.313309516343847,0.00047128212859079595,0.00783538818359375,False,False
commodity_repression,0.335,0.044007515168946756,0.010169560315260302,4.327376386460847,0.00045723485429951003,0.00769805908203125,False,False
commodity_repression,0.34,0.04428772977322006,0.01020165641473213,4.341229303631958,0.00044381595285032866,0.00751495361328125,False,False
commodity_repression,0.345,0.04456794437749336,0.010234046407090993,4.35487026388829,0.00043099248342040315,0.00738525390625,False,False
commodity_repression,0.35,0.044848158981766674,0.010266727510772735,4.368301285361682,0.00041873344609229837,0.00720977783203125,False,False
commodity_repression,0.355,0.045128373586039994,0.010299696954675037,4.381524406458988,0.00040700965755300234,0.0071258544921875,False,False
commodity_repression,0.36,0.0454085881903133,0.010332951978768967,4.394541684081563,0.00039579363524692247,0.00704193115234375,False,False
commodity_repression,0.365,0.045688802794586626,0.010366489834686939,4.407355191890409,0.000385059489383847,0.00695037841796875,False,False
commodity_repression,0.37,0.045969017398859925,0.010400307786287312,4.419967018617426,0.00037478282224618676,0.00677490234375,False,False
commodity_repression,0.375,0.04624923200313324,0.01043440311019601,4.432379266423075,0.00036494063428010295,0.006744384765625,False,False
commodity_repression,0.38,0.04652944660740655,0.01046877309632541,4.4445940493006395,0.0003555112364925292,0.00665283203125,False,False
commodity_repression,0.385,0.04680966121167986,0.010503415048370887,4.456613491527232,0.0003464741687106171,0.006591796875,False,False
commodity_repression,0.39,0.04708987581595315,0.01053832628428538,4.4684397261615425,0.0003378101232923149,0.006500244140625,False,False
commodity_repression,0.395,0.04737009042022648,0.0105735041367323,4.480074893588307,0.0003295008739064741,0.00641632080078125,False,False
commodity_repression,0.4,0.04765030502449978,0.010608945953517194,4.491521140109327,0.0003215292090284923,0.00634765625,False,False
commodity_repression,0.405,0.0479305196287731,0.010644649097998553,4.502780616580886,0.0003138788698230085,0.00623321533203125,False,False
commodity_repression,0.41,0.04821073423304642,0.01068061094947816,4.51385547709721,0.00030653449210890513,0.00614166259765625,False,False
commodity_repression,0.415,0.04849094883731971,0.010716828903571377,4.524747877719698,0.0002994815521237309,0.00606536865234375,False,False
commodity_repression,0.42,0.04877116344159305,0.01075330037255781,4.535459975251506,0.0002927063158250606,0.0059967041015625,False,False
commodity_repression,0.425,0.04905137804586635,0.01079002278571272,4.545993926056972,0.00028619579148512174,0.0059356689453125,False,False
commodity_repression,0.43,0.04933159265013966,0.010826993589619709,4.556351884925462,0.0002799376853524505,0.005859375,False,False
commodity_repression,0.435,0.04961180725441297,0.010864210248464989,4.566536003978997,0.0002739203601705639,0.00580596923828125,False,False
commodity_repression,0.44,0.04989202185868628,0.010901670244313754,4.576548431623095,0.00026813279635858826,0.00576019287109375,False,False
commodity_repression,0.445,0.05017223646295958,0.010939371077369068,4.5863913115401935,0.0002625645556726856,0.0056915283203125,False,False
commodity_repression,0.45,0.05045245106723291,0.010977310266213703,4.596066781724936,0.0002572057471800138,0.0056610107421875,False,False
commodity_repression,0.455,0.05073266567150621,0.011015485348035346,4.605576973560641,0.00025204699538886407,0.00560760498046875,False,False
commodity_repression,0.46,0.051012880275779514,0.011053893878835675,4.614924010936207,0.00024707941038968137,0.0055084228515625,False,False
commodity_repression,0.465,0.05129309488005283,0.011092533433623675,4.624110009402654,0.00024229455987196823,0.00548553466796875,False,False
commodity_repression,0.47,0.051573309484326146,0.01113140160659367,4.6331370753685475,0.00023768444289151144,0.0054168701171875,False,False
commodity_repression,0.475,0.05185352408859945,0.01117049601128849,4.64200730533346,0.00023324146527125043,0.00536346435546875,False,False
commodity_repression,0.48,0.05213373869287277,0.01120981428074822,4.650722785158668,0.00022895841652723035,0.00531768798828125,False,False
commodity_repression,0.485,0.05241395329714609,0.01124935406764496,4.65928558937419,0.00022482844821870927,0.00525665283203125,False,False
commodity_repression,0.49,0.05269416790141939,0.011289113044403998,4.667697780521371,0.0002208450536284618,0.0052032470703125,False,False
commodity_repression,0.495,0.05297438250569271,0.011329088903311847,4.675961408530093,0.00021700204868590843,0.00513458251953125,False,False
commodity_repression,0.5,0.05325459710996601,0.011369279356611549,4.684078510129756,0.00021329355405171014,0.0051116943359375,False,False
commodity_repression,0.505,0.05353481171423932,0.011409682136585672,4.692051108293147,0.00020971397828808343,0.00505828857421875,False,False
commodity_repression,0.51,0.05381502631851264,0.011450294995627395,4.699881211712307,0.0002062580020443398,0.0050048828125,False,False
commodity_repression,0.515,0.05409524092278595,0.011491115706300067,4.7075708143055195,0.00020292056319194177,0.0049285888671875,False,False
commodity_repression,0.52,0.05437545552705925,0.011532142061385699,4.715121894754521,0.00019969684284790455,0.0049285888671875,False,False
commodity_repression,0.525,0.05465567013133256,0.011573371873922707,4.722536416071061,0.00019658225222951128,0.00490570068359375,False,False
commodity_repression,0.53,0.054935884735605886,0.011614802977233319,4.729816325191922,0.00019357242028721162,0.0048675537109375,False,False
commodity_repression,0.535,0.05521609933987919,0.011656433224941046,4.736963552601526,0.00019066318206614546,0.00482177734375,False,False
commodity_repression,0.54,0.055496313944152505,0.011698260490978558,4.7439800119812725,0.00018785056775009914,0.00475311279296875,False,False
commodity_repression,0.545,0.05577652854842582,0.011740282669586329,4.750867599884724,0.00018513079234479853,0.0047149658203125,False,False
commodity_repression,0.55,0.05605674315269914,0.011782497675302428,4.757628195437798,0.00018250024596033553,0.0046539306640625,False,False
commodity_repression,0.555,0.05633695775697244,0.01182490344294379,4.764263660063126,0.00017995548465521202,0.00466156005859375,False,False
commodity_repression,0.56,0.056617172361245756,0.011867497927579324,4.770775837227744,0.00017749322180696852,0.004638671875,False,False
commodity_repression,0.565,0.05689738696551905,0.011910279104495155,4.777166552213285,0.0001751103199767193,0.004608154296875,False,False
commodity_repression,0.57,0.057177601569792375,0.011953244969152399,4.783437611907892,0.00017280378323703382,0.00457763671875,False,False
commodity_repression,0.575,0.05745781617406568,0.0119963935371377,4.789590804619013,0.00017057074993465763,0.0045166015625,False,False
commodity_repression,0.58,0.05773803077833898,0.012039722844106919,4.795627899906351,0.00016840848586139782,0.00450897216796875,False,False
commodity_repression,0.585,0.0580182453826123,0.012083230945722244,4.801550648434156,0.00016631437780828087,0.00447845458984375,False,False
commodity_repression,0.59,0.058298459986885605,0.012126915917583006,4.80736078184213,0.0001642859274796716,0.00447845458984375,False,False
commodity_repression,0.595,0.058578674591158925,0.012170775855150542,4.813060012634203,0.0001623207457455874,0.0044708251953125,False,False
commodity_repression,0.6,0.05885888919543225,0.012214808873667304,4.818650034084471,0.00016041654721182528,0.0044403076171875,False,False
commodity_repression,0.605,0.05913910379970554,0.012259013108070583,4.824132520159553,0.00015857114508884926,0.00441741943359375,False,False
commodity_repression,0.61,0.05941931840397885,0.012303386712901047,4.8295091254567435,0.00015678244634158647,0.00440216064453125,False,False
commodity_repression,0.615,0.059699533008252155,0.012347927862206377,4.834781485157203,0.00015504844710345246,0.00437164306640625,False,False
commodity_repression,0.62,0.05997974761252548,0.012392634749440246,4.83995121499362,0.0001533672283389406,0.00433349609375,False,False
commodity_repression,0.625,0.0602599622167988,0.012437505587356897,4.845019911231629,0.0001517369517401566,0.0043182373046875,False,False
commodity_repression,0.63,0.0605401768210721,0.012482538607901559,4.8499891506644035,0.00015015585584356354,0.0042572021484375,False,False
commodity_repression,0.635,0.060820391425345434,0.012527732062096902,4.854860490619822,0.00014862225235407153,0.00423431396484375,False,False
commodity_repression,0.64,0.06110060602961872,0.012573084219925802,4.859635468979567,0.00014713452266443971,0.0042266845703125,False,False
commodity_repression,0.645,0.06138082063389204,0.012618593370210587,4.864315604209669,0.00014569111455866394,0.00421905517578125,False,False
commodity_repression,0.65,0.061661035238165345,0.012664257820488996,4.868902395401839,0.0001442905390887743,0.00420379638671875,False,False
commodity_repression,0.655,0.06194124984243866,0.012710075896887071,4.873397322325133,0.00014293136761507743,0.00417327880859375,False,False
commodity_repression,0.66,0.062221464446711984,0.012756045943989129,4.87780184548738,0.0001416122290005291,0.0041656494140625,False,False
commodity_repression,0.665,0.06250167905098529,0.012802166324705053,4.88211740620588,0.00014033180695046708,0.004150390625,False,False
commodity_repression,0.67,0.0627818936552586,0.012848435420135071,4.88634542668687,0.0001390888374894901,0.00414276123046875,False,False
commodity_repression,0.675,0.06306210825953193,0.012894851629432177,4.890487310113304,0.00013788210656775273,0.00414276123046875,False,False
commodity_repression,0.68,0.0633423228638052,0.012941413369662397,4.894544440740448,0.0001367104477894287,0.00412750244140625,False,False
commodity_repression,0.685,0.06362253746807851,0.012988119075663053,4.898518183998905,0.00013557274025651563,0.00409698486328125,False,False
commodity_repression,0.69,0.06390275207235183,0.013034967199899165,4.90240988660456,0.00013446790652159194,0.00408935546875,False,False
commodity_repression,0.695,0.06418296667662515,0.013081956212318193,4.906220876675109,0.0001333949106434814,0.00405120849609375,False,False
commodity_repression,0.7,0.06446318128089845,0.013129084600203195,4.909952463852718,0.00013235275634017877,0.0040283203125,False,False
commodity_repression,0.705,0.06474339588517176,0.013176350868024643,4.913605939432447,0.0001313404852336994,0.00402069091796875,False,False
commodity_repression,0.71,0.06502361048944508,0.013223753537290904,4.917182576496068,0.00013035717518183936,0.0039825439453125,False,False
commodity_repression,0.715,0.06530382509371838,0.013271291146397636,4.920683630050906,0.00012940193869213603,0.0039825439453125,False,False
commodity_repression,0.72,0.0655840396979917,0.013318962250476192,4.92411033717337,0.00012847392141358057,0.003997802734375,False,False
commodity_repression,0.725,0.06586425430226502,0.013366765421241078,4.927463917156829,0.00012757230070190357,0.00396728515625,False,False
commodity_repression,0.73,0.06614446890653833,0.013414699246836703,4.930745571663542,0.00012669628425449273,0.00394439697265625,False,False
commodity_repression,0.735,0.06642468351081164,0.013462762331683462,4.933956484880285,0.0001258451088112373,0.00394439697265625,False,False
commodity_repression,0.74,0.06670489811508497,0.013510953296323241,4.937097823677437,0.00012501803891779175,0.00394439697265625,False,False
commodity_repression,0.745,0.06698511271935827,0.013559270777264511,4.940170737771198,0.00012421436574797898,0.003936767578125,False,False
commodity_repression,0.75,0.06726532732363158,0.013607713426827067,4.943176359888698,0.00012343340598220643,0.00392913818359375,False,False
commodity_repression,0.755,0.06754554192790488,0.01365627991298651,4.946115805935707,0.00012267450073897947,0.00391387939453125,False,False
commodity_repression,0.76,0.0678257565321782,0.013704968919218562,4.948990175166741,0.0001219370145567379,0.00390625,False,False
commodity_repression,0.765,0.06810597113645149,0.013753779144343326,4.951800550357261,0.00012122033442341338,0.00390625,False,False
commodity_repression,0.77,0.06838618574072482,0.013802709302369556,4.954547997977813,0.00012052386885123796,0.0038909912109375,False,False
commodity_repression,0.775,0.06866640034499813,0.01385175812233896,4.957233568369829,0.00011984704699448871,0.0038604736328125,False,False
commodity_repression,0.78,0.06894661494927143,0.013900924348170756,4.959858295922905,0.00011918931780796639,0.00384521484375,False,False
commodity_repression,0.785,0.06922682955354474,0.013950206738506372,4.962423199253372,0.00011855014924413457,0.00383758544921875,False,False
commodity_repression,0.79,0.06950704415781807,0.013999604066554504,4.964929281383935,0.0001179290274869697,0.00384521484375,False,False
commodity_repression,0.795,0.06978725876209137,0.014049115119936522,4.967377529924225,0.00011732545622066008,0.00384521484375,False,False
commodity_repression,0.8,0.07006747336636468,0.014098738700532305,4.969768917252098,0.00011673895593140866,0.00385284423828125,False,False
commodity_repression,0.805,0.07034768797063799,0.01414847362432657,4.972104400695475,0.00011616906324069096,0.00386810302734375,False,False
commodity_repression,0.81,0.07062790257491132,0.01419831872125572,4.97438492271463,0.00011561533026839416,0.0038604736328125,False,False
commodity_repression,0.815,0.07090811717918459,0.01424827283505532,4.9766114110847095,0.00011507732402436518,0.00385284423828125,False,False
commodity_repression,0.82,0.07118833178345792,0.014298334823108215,4.978784779078406,0.00011455462582696316,0.00384521484375,False,False
commodity_repression,0.825,0.07146854638773124,0.014348503556293303,4.980905925648594,0.00011404683074729729,0.0038299560546875,False,False
commodity_repression,0.83,0.07174876099200456,0.014398777918835086,4.982975735610852,0.00011355354707788689,0.00382232666015625,False,False
commodity_repression,0.835,0.07202897559627788,0.014449156808153995,4.9849950798257145,0.0001130743958245656,0.00382232666015625,False,False
commodity_repression,0.84,0.07230919020055117,0.014499639134717517,4.986964815380552,0.00011260901022050019,0.00380706787109375,False,False
commodity_repression,0.845,0.0725894048048245,0.014550223821892208,4.98888578577099,0.00011215703526125483,0.00379180908203125,False,False
commodity_repression,0.85,0.0728696194090978,0.014600909805796551,4.990758821081725,0.00011171812725990398,0.00377655029296875,False,False
commodity_repression,0.855,0.0731498340133711,0.01465169603515481,4.992584738166676,0.00011129195342122156,0.003753662109375,False,False
commodity_repression,0.86,0.0734300486176444,0.01470258147115177,4.994364340828376,0.00011087819143405152,0.0037384033203125,False,False
commodity_repression,0.865,0.07371026322191773,0.014753565087288504,4.996098419996508,0.00011047652908099237,0.00373077392578125,False,False
commodity_repression,0.87,0.07399047782619105,0.014804645869239155,4.997787753905497,0.00011008666386458779,0.0037384033203125,False,False
commodity_repression,0.875,0.07427069243046436,0.014855822814708736,4.999433108271123,0.00010970830264924044,0.00372314453125,False,False
commodity_repression,0.88,0.07455090703473764,0.014907094933291993,5.00103523646604,0.00010934116131812141,0.0037078857421875,False,False
commodity_repression,0.885,0.07483112163901097,0.014958461246333392,5.002594879694161,0.00010898496444437622,0.003692626953125,False,False
commodity_repression,0.89,0.0751113362432843,0.01500992078678815,5.004112767163827,0.00010863944497597228,0.003692626953125,False,False
commodity_repression,0.895,0.0753915508475576,0.015061472599084417,5.005589616259742,0.00010830434393354377,0.0036773681640625,False,False
commodity_repression,0.9,0.07567176545183092,0.015113115738986629,5.007026132713578,0.00010797941012065876,0.00368499755859375,False,False
commodity_repression,0.905,0.07595198005610422,0.015164849273459947,5.008423010773212,0.00010766439984592531,0.003692626953125,False,False
commodity_repression,0.91,0.07623219466037752,0.015216672280535939,5.0097809333705765,0.00010735907665640853,0.00368499755859375,False,False
commodity_repression,0.915,0.07651240926465085,0.015268583849179396,5.0111005722880435,0.00010706321108183943,0.00366973876953125,False,False
commodity_repression,0.92,0.07679262386892416,0.015320583079156345,5.012382588323321,0.00010677658038913855,0.00366973876953125,False,False
commodity_repression,0.925,0.07707283847319746,0.015372669080903298,5.013627631452836,0.00010649896834678281,0.0036468505859375,False,False
commodity_repression,0.93,0.07735305307747078,0.015424840975397695,5.0148363409935515,0.00010623016499858206,0.003662109375,False,False
commodity_repression,0.935,0.07763326768174407,0.015477097894029549,5.0160093457631945,0.00010596996644644612,0.0036773681640625,False,False
commodity_repression,0.94,0.07791348228601741,0.015529438978474369,5.017147264238886,0.00010571817464174194,0.00366973876953125,False,False
commodity_repression,0.945,0.07819369689029067,0.01558186338056725,5.018250704714116,0.0001054745971848682,0.00368499755859375,False,False
commodity_repression,0.95,0.07847391149456401,0.01563437026217831,5.019320265454068,0.00010523904713267866,0.00368499755859375,False,False
commodity_repression,0.955,0.07875412609883736,0.01568695879508922,5.020356534849268,0.00010501134281342153,0.003662109375,False,False
commodity_repression,0.96,0.07903434070311062,0.01573962816087112,5.021360091567526,0.00010479130764885875,0.0036773681640625,False,False
commodity_repression,0.965,0.07931455530738396,0.015792377550763733,5.022331504704194,0.00010457876998325905,0.0036773681640625,False,False
commodity_repression,0.97,0.07959476991165726,0.01584520616555569,5.02327133393066,0.00010437356291897318,0.00370025634765625,False,False
commodity_repression,0.975,0.07987498451593059,0.0158981132154662,5.024180129641146,0.00010417552415829761,0.0037078857421875,False,False
commodity_repression,0.98,0.08015519912020388,0.015951097920027836,5.025058433097752,0.00010398449585136591,0.00370025634765625,False,False
commodity_repression,0.985,0.0804354137244772,0.016004159507970756,5.025906776573735,0.00010380032444981489,0.00368499755859375,False,False
commodity_repression,0.99,0.0807156283287505,0.016057297217107983,5.026725683495063,0.00010362286056596807,0.00368499755859375,False,False
commodity_repression,0.995,0.08099584293302382,0.016110510294222086,5.02751566858018,0.00010345195883731964,0.0036773681640625,False,False
commodity_repression,1.0,0.08127605753729711,0.016163797994952992,5.028277237978034,0.00010328747779608135,0.0036773681640625,False,False
commodity_repression,1.005,0.08155627214157045,0.016217159583687153,5.029010889404328,0.00010312927974359413,0.0036773681640625,False,False
commodity_repression,1.01,0.08183648674584376,0.016270594333447824,5.029717112276019,0.00010297723062939167,0.0036773681640625,False,False
commodity_repression,1.015,0.08211670135011706,0.016324101525786696,5.030396387844057,0.00010283119993472748,0.00366973876953125,False,False
commodity_repression,1.02,0.08239691595439036,0.01637768045067669,5.031049189324359,0.00010269106056038315,0.0036773681640625,False,False
commodity_repression,1.025,0.08267713055866367,0.016431330406405997,5.031675982027041,0.00010255668871857826,0.003692626953125,False,False
commodity_repression,1.03,0.08295734516293697,0.01648505069947332,5.032277223483903,0.00010242796382881416,0.0036773681640625,False,False
commodity_repression,1.035,0.08323755976721033,0.016538840644484378,5.032853363574166,0.0001023047684174951,0.003662109375,False,False
commodity_repression,1.04,0.08351777437148361,0.01659269956404953,5.033404844648478,0.00010218698802116908,0.00365447998046875,False,False
commodity_repression,1.045,0.08379798897575695,0.016646626788682735,5.033932101651207,0.00010207451109324487,0.003662109375,False,False
commodity_repression,1.05,0.08407820358003026,0.016700621656701536,5.034435562240991,0.00010196722891404532,0.003631591796875,False,False
commodity_repression,1.055,0.08435841818430355,0.0167546835141284,5.034915646909609,0.000101865035504061,0.0036163330078125,False,False
commodity_repression,1.06,0.08463863278857689,0.01680881171459311,5.035372769099147,0.00010176782754027818,0.003631591796875,False,False
commodity_repression,1.065,0.08491884739285016,0.016863005619236378,5.035807335317464,0.00010167550427546074,0.00363922119140625,False,False
commodity_repression,1.07,0.08519906199712352,0.016917264596614665,5.036219745252008,0.00010158796746026418,0.00363922119140625,False,False
commodity_repression,1.075,0.08547927660139679,0.01697158802260603,5.036610391881951,0.00010150512126807742,0.00362396240234375,False,False
commodity_repression,1.08,0.08575949120567009,0.017025975280317313,5.036979661588689,0.00010142687222247647,0.00363922119140625,False,False
commodity_repression,1.085,0.08603970580994343,0.017080425759992246,5.037327934264707,0.0001013531291271955,0.003631591796875,False,False
commodity_repression,1.09,0.08631992041421672,0.017134938858920857,5.037655583420802,0.00010128380299851508,0.0036163330078125,False,False
commodity_repression,1.095,0.08660013501849002,0.017189513981349908,5.037962976291738,0.00010121880699997029,0.003631591796875,False,False
commodity_repression,1.1,0.08688034962276336,0.017244150538394495,5.038250473940266,0.00010115805637929606,0.00362396240234375,False,False
commodity_repression,1.105,0.08716056422703668,0.017298847947950658,5.038518431359606,0.00010110146840751543,0.003631591796875,False,False
commodity_repression,1.11,0.08744077883130999,0.01735360563460923,5.038767197574326,0.00010104896232009886,0.003631591796875,False,False
commodity_repression,1.115,0.08772099343558326,0.017408423029570613,5.038997115739721,0.00010100045926010415,0.003631591796875,False,False
commodity_repression,1.12,0.08800120803985659,0.017463299570560736,5.039208523239628,0.00010095588222323103,0.003631591796875,False,False
commodity_repression,1.125,0.0882814226441299,0.017518234701747994,5.039401751782733,0.0001009151560047148,0.0036163330078125,False,False
commodity_repression,1.13,0.08856163724840323,0.017573227873661328,5.039577127497391,0.00010087820714798777,0.003631591796875,False,False
commodity_repression,1.135,0.08884185185267654,0.01762827854310925,5.039734971024956,0.0001008449638950465,0.003631591796875,False,False
commodity_repression,1.14,0.08912206645694981,0.01768338617309997,5.03987559761165,0.00010081535613845484,0.00362396240234375,False,False
commodity_repression,1.145,0.08940228106122315,0.017738550232762527,5.039999317198991,0.00010078931537492865,0.003631591796875,False,False
commodity_repression,1.15,0.08968249566549644,0.017793770197268882,5.040106434512769,0.00010076677466044219,0.0036468505859375,False,False
commodity_repression,1.155,0.08996271026976979,0.017849045547757125,5.040197249150632,0.00010074766856679413,0.0036468505859375,False,False
commodity_repression,1.16,0.09024292487404306,0.017904375771255497,5.040272055668267,0.0001007319331395874,0.00365447998046875,False,False
commodity_repression,1.165,0.09052313947831642,0.01795976036060761,5.040331143664205,0.0001007195058575649,0.0036468505859375,False,False
commodity_repression,1.17,0.09080335408258972,0.01801519881439843,5.040374797863248,0.00010071032559325882,0.00363922119140625,False,False
commodity_repression,1.175,0.09108356868686301,0.018070690636881357,5.040403298198581,0.00010070433257489696,0.0036468505859375,False,False
commodity_repression,1.18,0.09136378329113633,0.018126235337906197,5.040416919892532,0.00010070146834952551,0.00363922119140625,False,False
commodity_repression,1.185,0.09164399789540965,0.018181832432848075,5.040415933536033,0.00010070167574730823,0.00363922119140625,False,False
commodity_repression,1.19,0.09192421249968298,0.018237481442537277,5.04040060516679,0.00010070489884695018,0.003631591796875,False,False
commodity_repression,1.195,0.09220442710395625,0.018293181893190038,5.040371196346164,0.00010071108294221595,0.00363922119140625,False,False
commodity_repression,1.2,0.09248464170822958,0.018348933316340185,5.04032796423483,0.00010072017450949293,0.00363922119140625,False,False
commodity_repression,1.205,0.09276485631250288,0.01840473524877173,5.040271161667142,0.00010073212117637621,0.00363922119140625,False,False
commodity_repression,1.21,0.0930450709167762,0.018460587232452315,5.04020103722432,0.00010074687169122402,0.00365447998046875,False,False
commodity_repression,1.215,0.09332528552104952,0.018516488814467526,5.0401178353064156,0.00010076437589366029,0.003662109375,False,False
commodity_repression,1.22,0.09360550012532282,0.018572439546956112,5.040021796203078,0.00010078458468598648,0.00363922119140625,False,False
commodity_repression,1.225,0.09388571472959614,0.01862843898704603,5.039913156163167,0.00010080745000547327,0.00363922119140625,False,False
commodity_repression,1.23,0.09416592933386943,0.01868448669679133,5.039792147463192,0.00010083292479749778,0.003631591796875,False,False
commodity_repression,1.235,0.09444614393814274,0.018740582243109927,5.039658998474627,0.00010086096298950233,0.003631591796875,False,False
commodity_repression,1.24,0.09472635854241608,0.01879672519772209,5.039513933730097,0.00010089151946574056,0.003631591796875,False,False
commodity_repression,1.245,0.09500657314668937,0.018852915137089882,5.039357173988451,0.00010092455004279125,0.00362396240234375,False,False
commodity_repression,1.25,0.09528678775096269,0.018909151642357305,5.039188936298772,0.00010096001144580175,0.00363922119140625,False,False
commodity_repression,1.255,0.09556700235523599,0.018965434299291276,5.039009434063277,0.00010099786128545346,0.003631591796875,False,False
commodity_repression,1.26,0.0958472169595093,0.019021762698223386,5.038818877099194,0.00010103805803560501,0.00363922119140625,False,False
commodity_repression,1.265,0.09612743156378263,0.019078136433992452,5.038617471699577,0.00010108056101160681,0.00362396240234375,False,False
commodity_repression,1.27,0.09640764616805594,0.0191345551058878,5.038405420693101,0.00010112533034925567,0.00362396240234375,False,False
commodity_repression,1.275,0.09668786077232926,0.01919101831759331,5.038182923502863,0.00010117232698436706,0.00363922119140625,False,False
commodity_repression,1.28,0.09696807537660257,0.01924752567713227,5.037950176204158,0.00010122151263295288,0.00363922119140625,False,False
commodity_repression,1.285,0.09724828998087588,0.019304076796812862,5.03770737158131,0.00010127284977197348,0.00363922119140625,False,False
commodity_repression,1.29,0.09752850458514917,0.019360671293174477,5.037454699183516,0.00010132630162065313,0.003631591796875,False,False
commodity_repression,1.295,0.09780871918942248,0.01941730878693468,5.037192345379758,0.00010138183212233681,0.00365447998046875,False,False
commodity_repression,1.3,0.0980889337936958,0.019473988902936914,5.03692049341277,0.00010143940592687031,0.00365447998046875,False,False
commodity_repression,1.305,0.09836914839796913,0.0195307112700989,5.0366393234520945,0.00010149898837348902,0.003631591796875,False,False
commodity_repression,1.31,0.0986493630022424,0.019587475521361725,5.036349012646235,0.00010156054547419409,0.0036468505859375,False,False
commodity_repression,1.315,0.09892957760651573,0.019644281293639647,5.0360497351739095,0.00010162404389760686,0.003662109375,False,False
commodity_repression,1.32,0.09920979221078907,0.01970112822777049,5.03574166229445,0.00010168945095327752,0.003662109375,False,False
commodity_repression,1.325,0.09949000681506236,0.019758015968466783,5.035424962397313,0.00010175673457644285,0.003662109375,False,False
commodity_repression,1.33,0.0997702214193357,0.01981494416426755,5.035099801050772,0.00010182586331320769,0.003662109375,False,False
commodity_repression,1.335,0.10005043602360897,0.019871912467490673,5.034766341049752,0.00010189680630614913,0.00365447998046875,False,False
commodity_repression,1.34,0.1003306506278823,0.019928920534186018,5.034424742462862,0.00010196953328031883,0.003662109375,False,False
commodity_repression,1.345,0.10061086523215561,0.01998596802408904,5.034075162678614,0.00010204401452963485,0.00366973876953125,False,False
commodity_repression,1.35,0.1008910798364289,0.020043054600575153,5.033717756450843,0.00010212022090365487,0.00366973876953125,False,False
commodity_repression,1.355,0.10117129444070222,0.020100179930614623,5.033352675943364,0.0001021981237947097,0.0036773681640625,False,False
commodity_repression,1.36,0.10145150904497556,0.020157343684728105,5.032980070773844,0.00010227769512539553,0.003692626953125,False,False
commodity_repression,1.365,0.10173172364924886,0.02021454553694274,5.03260008805693,0.00010235890733640586,0.00368499755859375,False,False
commodity_repression,1.37,0.10201193825352217,0.02027178516474892,5.032212872446632,0.00010244173337469726,0.00368499755859375,False,False
commodity_repression,1.375,0.10229215285779543,0.020329062249057513,5.031818566177978,0.00010252614668197504,0.003692626953125,False,False
commodity_repression,1.38,0.10257236746206877,0.020386376474157822,5.03141730910795,0.00010261212118349247,0.0037078857421875,False,False
commodity_repression,1.385,0.10285258206634211,0.020443727527675936,5.031009238755712,0.0001026996312771532,0.0037078857421875,False,False
commodity_repression,1.39,0.10313279667061541,0.020501115100533738,5.030594490342157,0.00010278865182290116,0.00370025634765625,False,False
commodity_repression,1.395,0.10341301127488874,0.020558538886908506,5.03017319682875,0.00010287915813240186,0.0037078857421875,False,False
commodity_repression,1.4,0.10369322587916202,0.02061599858419292,5.0297454889557285,0.0001029711259589916,0.00372314453125,False,False
commodity_repression,1.405,0.10397344048343535,0.020673493892955752,5.029311495279618,0.0001030645314878992,0.00372314453125,False,False
commodity_repression,1.41,0.10425365508770862,0.02073102451690296,5.028871342210117,0.00010315935132672144,0.00373077392578125,False,False
commodity_repression,1.415,0.10453386969198197,0.02078859016283941,5.028425154046339,0.0001032555624961535,0.0037384033203125,False,False
commodity_repression,1.42,0.10481408429625526,0.02084619054063102,5.027973053012424,0.00010335314242096093,0.00376129150390625,False,False
commodity_repression,1.425,0.1050942989005286,0.020903825363167473,5.027515159292552,0.00010345206892118428,0.003753662109375,False,False
commodity_repression,1.43,0.10537451350480187,0.0209614943463254,5.027051591065323,0.00010355232020358064,0.00374603271484375,False,False
commodity_repression,1.435,0.10565472810907521,0.0210191972089321,5.026582464537574,0.00010365387485327743,0.00374603271484375,False,False
commodity_repression,1.44,0.10593494271334848,0.02107693367272964,5.0261078939775885,0.00010375671182564904,0.0037384033203125,False,False
commodity_repression,1.445,0.10621515731762182,0.0211347034623396,5.025627991747743,0.0001038608104383996,0.00371551513671875,False,False
commodity_repression,1.45,0.10649537192189514,0.021192506305228107,5.0251428683365855,0.00010396615036384716,0.00372314453125,False,False
commodity_repression,1.455,0.10677558652616845,0.021250341931671482,5.024652632390364,0.00010407271162140867,0.00372314453125,False,False
commodity_repression,1.46,0.10705580113044176,0.02130821007472229,5.0241573907440005,0.00010418047457027158,0.00371551513671875,False,False
commodity_repression,1.465,0.10733601573471507,0.021366110470175805,5.023657248451542,0.00010428941990225506,0.00371551513671875,False,False
commodity_repression,1.47,0.10761623033898839,0.02142404285653702,5.023152308816071,0.00010439952863484808,0.00371551513671875,False,False
commodity_repression,1.475,0.1078964449432617,0.021482006974987984,5.022642673419114,0.00010451078210442445,0.00371551513671875,False,False
commodity_repression,1.48,0.10817665954753504,0.021540002569355673,5.022128442149528,0.00010462316195962635,0.00371551513671875,False,False
commodity_repression,1.485,0.10845687415180832,0.021598029386080204,5.021609713231898,0.00010473665015491333,0.00371551513671875,False,False
commodity_repression,1.49,0.10873708875608164,0.021656087174183564,5.021086583254439,0.00010485122894427302,0.00371551513671875,False,False
commodity_repression,1.495,0.10901730336035495,0.021714175685238684,5.02055914719641,0.0001049668808750837,0.00372314453125,False,False
commodity_repression,1.5,0.10929751796462828,0.02177229467333892,5.020027498455073,0.00010508358878213256,0.00372314453125,False,False
commodity_repression,1.505,0.10957773256890155,0.021830443895068018,5.019491728872155,0.00010520133578177776,0.00372314453125,False,False
commodity_repression,1.51,0.10985794717317486,0.021888623109470404,5.018951928759893,0.00010532010526625326,0.00373077392578125,False,False
commodity_repression,1.515,0.11013816177744819,0.02194683207802187,5.018408186926596,0.00010543988089811444,0.0037384033203125,False,False
commodity_repression,1.52,0.11041837638172149,0.022005070564600708,5.017860590701772,0.00010556064660481763,0.00374603271484375,False,False
commodity_repression,1.525,0.11069859098599477,0.022063338335459166,5.017309225960841,0.00010568238657342843,0.00374603271484375,False,False
commodity_repression,1.53,0.11097880559026813,0.022121635159195324,5.016754177149398,0.00010580508524546105,0.0037384033203125,False,False
commodity_repression,1.535,0.11125902019454141,0.022179960806725282,5.016195527307067,0.00010592872731183948,0.00373077392578125,False,False
commodity_repression,1.54,0.11153923479881474,0.022238315051255838,5.015633358090946,0.00010605329770797867,0.0037384033203125,False,False
commodity_repression,1.545,0.11181944940308802,0.022296697668257343,5.015067749798644,0.0001061787816089831,0.00374603271484375,False,False
commodity_repression,1.55,0.11209966400736135,0.02235510843543713,5.01449878139092,0.00010630516442496107,0.003753662109375,False,False
commodity_repression,1.555,0.11237987861163466,0.02241354713271308,5.0139265305139356,0.0001064324317964469,0.003753662109375,False,False
commodity_repression,1.56,0.11266009321590799,0.022472013542187714,5.013351073521123,0.0001065605695899315,0.003753662109375,False,False
commodity_repression,1.565,0.1129403078201813,0.022530507448122516,5.012772485494671,0.00010668956389350013,0.00374603271484375,False,False
commodity_repression,1.57,0.11322052242445459,0.022589028636912634,5.012190840266651,0.00010681940101256907,0.003753662109375,False,False
commodity_repression,1.575,0.1135007370287279,0.022647576897061913,5.011606210439777,0.00010695006746572112,0.003753662109375,False,False
commodity_repression,1.58,0.11378095163300123,0.022706152019158272,5.011018667407792,0.0001070815499806426,0.00374603271484375,False,False
commodity_repression,1.585,0.11406116623727455,0.022764753795849333,5.0104282813755345,0.000107213835490147,0.0037384033203125,False,False
commodity_repression,1.59,0.11434138084154785,0.02282338202181847,5.009835121378633,0.00010734691112829565,0.00374603271484375,False,False
commodity_repression,1.595,0.11462159544582116,0.022882036493761117,5.009239255302876,0.00010748076422660518,0.003753662109375,False,False
commodity_repression,1.6,0.11490181005009448,0.022940717010361367,5.008640749903244,0.00010761538231034096,0.003753662109375,False,False
commodity_repression,1.605,0.11518202465436779,0.022999423372268922,5.0080396708226225,0.00010775075309489573,0.00376129150390625,False,False
commodity_repression,1.61,0.1154622392586411,0.02305815538207632,5.007436082610181,0.0001078868644822508,0.00376129150390625,False,False
commodity_repression,1.615,0.11574245386291442,0.023116912844296476,5.006830048739444,0.0001080237045575159,0.00376129150390625,False,False
commodity_repression,1.62,0.11602266846718774,0.023175695565340482,5.006221631626063,0.00010816126158554664,0.00376129150390625,False,False
commodity_repression,1.625,0.11630288307146103,0.023234503353495726,5.00561089264526,0.00010829952400763982,0.00376129150390625,False,False
commodity_repression,1.63,0.11658309767573434,0.023293336018904303,5.004997892148997,0.00010843848043829957,0.00376129150390625,False,False
commodity_repression,1.635,0.11686331228000764,0.02335219337354168,5.0043826894828305,0.00010857811966207803,0.00376129150390625,False,False
commodity_repression,1.64,0.11714352688428095,0.023411075231195642,5.003765343002498,0.000108718430630485,0.00377655029296875,False,False
commodity_repression,1.645,0.11742374148855426,0.02346998140744554,5.003145910090203,0.00010885940245896364,0.00377655029296875,False,False
commodity_repression,1.65,0.11770395609282758,0.023528911719641755,5.002524447170636,0.00010900102442393752,0.0037689208984375,False,False
commodity_repression,1.655,0.11798417069710088,0.023587865986885496,5.001901009726709,0.00010914328595991727,0.0037689208984375,False,False
commodity_repression,1.66,0.1182643853013742,0.023646844030008805,5.001275652315036,0.00010928617665667293,0.0037689208984375,False,False
commodity_repression,1.665,0.1185445999056475,0.02370584567155484,5.000648428581131,0.00010942968625647002,0.00377655029296875,False,False
commodity_repression,1.67,0.11882481450992081,0.02376487073575841,5.0000193912743685,0.00010957380465135766,0.00377655029296875,False,False
commodity_repression,1.675,0.11910502911419413,0.02382391904852676,4.999388592262675,0.00010971852188052498,0.0037689208984375,False,False
commodity_repression,1.68,0.11938524371846745,0.023882990437420624,4.9987560825469695,0.00010986382812770767,0.0037689208984375,False,False
commodity_repression,1.685,0.11966545832274075,0.023942084731635473,4.998121912275367,0.00011000971371865304,0.00377655029296875,False,False
commodity_repression,1.69,0.11994567292701404,0.024001201761983056,4.997486130757135,0.00011015616911863704,0.00377655029296875,False,False
commodity_repression,1.695,0.12022588753128742,0.024060341360873167,4.996848786476416,0.0001103031849300368,0.00377655029296875,False,False
commodity_repression,1.7,0.12050610213556068,0.024119503362295572,4.99620992710571,0.00011045075188995189,0.00377655029296875,False,False
commodity_repression,1.705,0.12078631673983402,0.024178687601802345,4.995569599519135,0.00011059886086787824,0.00377655029296875,False,False
commodity_repression,1.71,0.12106653134410732,0.024237893916490182,4.9949278498054674,0.00011074750286342815,0.00377655029296875,False,False
commodity_repression,1.715,0.12134674594838064,0.024297122144983186,4.994284723280944,0.00011089666900410093,0.00379180908203125,False,False
commodity_repression,1.72,0.12162696055265394,0.02435637212741568,4.993640264501868,0.00011104635054309749,0.00379180908203125,False,False
commodity_repression,1.725,0.12190717515692724,0.02441564370541537,4.992994517276984,0.00011119653885718311,0.00379180908203125,False,False
commodity_repression,1.73,0.12218738976120057,0.02447493672208666,4.992347524679657,0.0001113472254445923,0.00379180908203125,False,False
commodity_repression,1.735,0.1224676043654739,0.024534251021994163,4.991699329059838,0.00011149840192297599,0.0037994384765625,False,False
commodity_repression,1.74,0.12274781896974717,0.024593586451146485,4.991049972055825,0.00011165006002739697,0.0037994384765625,False,False
commodity_repression,1.745,0.12302803357402049,0.024652942856980165,4.990399494605841,0.00011180219160835642,0.0037994384765625,False,False
commodity_repression,1.75,0.12330824817829379,0.024712320088343807,4.989747936959398,0.00011195478862986976,0.00380706787109375,False,False
commodity_repression,1.755,0.12358846278256709,0.0247717179954825,4.989095338688473,0.00011210784316757816,0.003814697265625,False,False
commodity_repression,1.76,0.1238686773868404,0.024831136430022313,4.988441738698509,0.00011226134740689705,0.00382232666015625,False,False
commodity_repression,1.765,0.12414889199111374,0.024890575244955065,4.987787175239222,0.00011241529364120334,0.00383758544921875,False,False
commodity_repression,1.77,0.12442910659538704,0.024950034294623263,4.987131685915219,0.00011256967427006071,0.00385284423828125,False,False
commodity_repression,1.775,0.12470932119966034,0.02500951343470526,4.986475307696447,0.00011272448179747667,0.00385284423828125,False,False
commodity_repression,1.78,0.1249895358039337,0.025069012522200552,4.98581807692847,0.00011287970883019798,0.00385284423828125,False,False
commodity_repression,1.785,0.12526975040820695,0.025128531415415253,4.98516002934256,0.00011303534807603851,0.0038604736328125,False,False
commodity_repression,1.79,0.12554996501248025,0.02518806997394786,4.984501200065633,0.00011319139234224013,0.00386810302734375,False,False
commodity_repression,1.795,0.1258301796167536,0.02524762805867504,4.98384162363001,0.00011334783453386565,0.003875732421875,False,False
commodity_repression,1.8,0.1261103942210269,0.0253072055317377,4.983181333983011,0.0001135046676522257,0.003875732421875,False,False
commodity_repression,1.805,0.12639060882530023,0.025366802256527217,4.982520364496406,0.00011366188479333285,0.003875732421875,False,False
commodity_repression,1.81,0.12667082342957353,0.0254264180976718,4.981858747975685,0.00011381947914638938,0.00386810302734375,False,False
commodity_repression,1.815,0.1269510380338468,0.02548605292102306,4.981196516669194,0.00011397744399230102,0.0038604736328125,False,False
commodity_repression,1.82,0.12723125263812016,0.025545706593642768,4.980533702277101,0.00011413577270222419,0.00385284423828125,False,False
commodity_repression,1.825,0.12751146724239346,0.02560537898378967,4.979870335960221,0.00011429445873613676,0.0038604736328125,False,False
commodity_repression,1.83,0.12779168184666675,0.025665069960906606,4.979206448348703,0.00011445349564143845,0.00386810302734375,False,False
commodity_repression,1.835,0.1280718964509401,0.0257247793956077,4.97854206955055,0.00011461287705157808,0.003875732421875,False,False
commodity_repression,1.84,0.1283521110552134,0.025784507159665723,4.977877229160016,0.0001147725966847076,0.003875732421875,False,False
commodity_repression,1.845,0.1286323256594867,0.02584425312599964,4.977211956265859,0.00011493264834235978,0.003875732421875,False,False
commodity_repression,1.85,0.12891254026376006,0.025904017168662287,4.976546279459452,0.00011509302590815323,0.003875732421875,False,False
commodity_repression,1.855,0.12919275486803336,0.025963799162828184,4.97588022684276,0.0001152537233465217,0.00386810302734375,False,False
commodity_repression,1.86,0.1294729694723067,0.026023598984781553,4.975213826036196,0.00011541473470146314,0.00386810302734375,False,False
commodity_repression,1.865,0.1297531840765799,0.026083416511904402,4.974547104186328,0.0001155760540953215,0.0038604736328125,False,False
commodity_repression,1.87,0.13003339868085326,0.0261432516226649,4.973880087973478,0.00011573767572758079,0.00386810302734375,False,False
commodity_repression,1.875,0.1303136132851266,0.026203104196605664,4.973212803619175,0.00011589959387368804,0.003875732421875,False,False
commodity_repression,1.88,0.1305938278893999,0.02626297411433241,4.972545276893501,0.00011606180288389881,0.003875732421875,False,False
commodity_repression,1.885,0.1308740424936732,0.02632286125750265,4.9718775331223135,0.00011622429718213833,0.003875732421875,False,False
commodity_repression,1.89,0.13115425709794654,0.026382765508814517,4.971209597194339,0.00011638707126488902,0.003875732421875,False,False
commodity_repression,1.895,0.1314344717022198,0.026442686751995723,4.9705414935681596,0.00011655011970009727,0.003875732421875,False,False
commodity_repression,1.9,0.13171468630649316,0.026502624871792727,4.969873246279079,0.00011671343712609818,0.00388336181640625,False,False
commodity_repression,1.905,0.13199490091076646,0.026562579753959918,4.969204878945872,0.00011687701825056436,0.00389862060546875,False,False
commodity_repression,1.91,0.1322751155150398,0.02662255128524904,4.968536414777439,0.0001170408578494676,0.00390625,False,False
commodity_repression,1.915,0.1325553301193131,0.026682539353398656,4.967867876579334,0.00011720495076606403,0.00390625,False,False
commodity_repression,1.92,0.13283554472358639,0.026742543847123802,4.967199286760187,0.0001173692919098979,0.00391387939453125,False,False
commodity_repression,1.925,0.13311575932785968,0.02680256465610576,4.966530667338032,0.00011753387625581987,0.00391387939453125,False,False
commodity_repression,1.93,0.13339597393213298,0.02686260167098188,4.965862039946524,0.00011769869884302574,0.00391387939453125,False,False
commodity_repression,1.935,0.1336761885364063,0.02692265478333566,4.96519342584105,0.00011786375477411191,0.00391387939453125,False,False
commodity_repression,1.94,0.1339564031406796,0.026982723885686802,4.964524845904747,0.00011802903921414668,0.0039215087890625,False,False
commodity_repression,1.945,0.13423661774495296,0.027042808871481507,4.963856320654422,0.0001181945473897591,0.00391387939453125,False,False
commodity_repression,1.95,0.13451683234922623,0.02710290963508278,4.963187870246367,0.00011836027458824331,0.00391387939453125,False,False
commodity_repression,1.955,0.13479704695349953,0.027163026071760965,4.962519514482088,0.0001185262161566795,0.00390625,False,False
commodity_repression,1.96,0.13507726155777283,0.027223158077684297,4.961851272813937,0.00011869236750106877,0.00390625,False,False
commodity_repression,1.965,0.13535747616204621,0.02728330554990962,4.961183164350649,0.00011885872408548534,0.00389862060546875,False,False
commodity_repression,1.97,0.1356376907663195,0.02734346838637316,4.960515207862791,0.00011902528143124222,0.00389862060546875,False,False
commodity_repression,1.975,0.1359179053705928,0.027403646485881526,4.959847421788129,0.00011919203511607185,0.0038909912109375,False,False
commodity_repression,1.98,0.13619811997486608,0.02746383974810266,4.959179824236898,0.00011935898077331867,0.00389862060546875,False,False
commodity_repression,1.985,0.13647833457913944,0.027524048073557062,4.9585124329969865,0.0001195261140911508,0.00390625,False,False
commodity_repression,1.99,0.13675854918341276,0.027584271363608914,4.957845265539047,0.00011969343081178002,0.00390625,False,False
commodity_repression,1.995,0.13703876378768604,0.02764450952045755,4.9571783390215085,0.00011986092673070042,0.0039215087890625,False,False
commodity_repression,2.0,0.1373189783919593,0.027704762447128835,4.956511670295526,0.0001200285976959319,0.0039215087890625,False,False
commodity_choice,-20.0,-0.9013796984036794,0.2882555058592765,-3.127016414540661,0.006138466400954008,0.05071258544921875,True,False
commodity_choice,-19.975,-0.9001020079837776,0.28788513813891065,-3.126601163931774,0.006143937317782074,0.05074310302734375,True,False
commodity_choice,-19.95,-0.8988243175638758,0.2875147783723937,-3.1261847570134442,0.00614942826604405,0.05078125,True,False
commodity_choice,-19.925,-0.897546627143974,0.2871444265905027,-3.12576718901101,0.006154939352852306,0.0507965087890625,True,False
commodity_choice,-19.9,-0.8962689367240723,0.2867740828241724,-3.1253484551238015,0.006160470686066671,0.05083465576171875,True,False
commodity_choice,-19.875,-0.8949912463041703,0.28640374710449723,-3.124928550524948,0.006166022374301175,0.05088043212890625,True,False
commodity_choice,-19.85,-0.8937135558842687,0.2860334194627319,-3.124507470361215,0.006171594526930248,0.05092620849609375,True,False
commodity_choice,-19.825,-0.8924358654643668,0.2856630999302925,-3.124085209752814,0.00617718725409547,0.05095672607421875,True,False
commodity_choice,-19.8,-0.891158175044465,0.28529278853875756,-3.123661763793232,0.006182800666712023,0.05100250244140625,True,False
commodity_choice,-19.775,-0.8898804846245628,0.2849224853198691,-3.1232371275490447,0.006188434876475533,0.05103302001953125,True,False
commodity_choice,-19.75,-0.8886027942046613,0.2845521903055336,-3.1228112960597407,0.0061940899958685645,0.0510711669921875,True,False
commodity_choice,-19.725,-0.8873251037847593,0.2841819035278233,-3.1223842643375224,0.006199766138167742,0.05113983154296875,True,False
commodity_choice,-19.7,-0.8860474133648574,0.2838116250189768,-3.121956027367141,0.006205463417450352,0.0511627197265625,True,False
commodity_choice,-19.675,-0.8847697229449557,0.28344135481140065,-3.1215265801056926,0.006211181948601472,0.05120086669921875,True,False
commodity_choice,-19.65,-0.8834920325250537,0.2830710929376703,-3.121095917482435,0.006216921847320947,0.05121612548828125,True,False
commodity_choice,-19.625,-0.8822143421051519,0.282700839430531,-3.120664034398601,0.006222683230130425,0.05123138427734375,True,False
commodity_choice,-19.6,-0.8809366516852501,0.282330594322899,-3.120230925727202,0.0062284662143806385,0.05129241943359375,True,False
commodity_choice,-19.575,-0.8796589612653483,0.2819603576478627,-3.1197965863128356,0.006234270918258542,0.05133056640625,True,False
commodity_choice,-19.55,-0.8783812708454465,0.281590129438684,-3.1193610109714913,0.006240097460794699,0.05133819580078125,True,False
commodity_choice,-19.525,-0.8771035804255445,0.2812199097287988,-3.1189241944903565,0.006245945961870647,0.0513763427734375,True,False
commodity_choice,-19.5,-0.8758258900056428,0.28084969855181885,-3.118486131627613,0.006251816542226334,0.05138397216796875,True,False
commodity_choice,-19.475,-0.874548199585741,0.28047949594153243,-3.1180468171122415,0.006257709323467774,0.0514068603515625,True,False
commodity_choice,-19.45,-0.8732705091658389,0.28010930193190564,-3.1176062456438176,0.0062636244280745304,0.05142974853515625,True,False
commodity_choice,-19.425,-0.8719928187459371,0.2797391165570838,-3.1171644118923125,0.006269561979407527,0.05144500732421875,True,False
commodity_choice,-19.4,-0.8707151283260355,0.27936893985139205,-3.1167213104978853,0.006275522101716788,0.05147552490234375,True,False
commodity_choice,-19.375,-0.8694374379061335,0.2789987718493373,-3.1162769360706726,0.006281504920149349,0.051513671875,True,False
commodity_choice,-19.35,-0.8681597474862318,0.2786286125856087,-3.1158312831905928,0.006287510560757153,0.05156707763671875,True,False
commodity_choice,-19.325,-0.8668820570663298,0.2782584620950793,-3.1153843464071227,0.00629353915050504,0.0516204833984375,True,False
commodity_choice,-19.3,-0.8656043666464283,0.2778883204128072,-3.1149361202390953,0.006299590817279041,0.05167388916015625,True,False
commodity_choice,-19.275,-0.864326676226526,0.2775181875740365,-3.114486599174479,0.006305665689894402,0.0516815185546875,True,False
commodity_choice,-19.25,-0.8630489858066244,0.2771480636141989,-3.1140357776701726,0.006311763898103917,0.05169677734375,True,False
commodity_choice,-19.225,-0.8617712953867227,0.2767779485689147,-3.113583650151779,0.006317885572606367,0.05171966552734375,True,False
commodity_choice,-19.2,-0.8604936049668208,0.27640784247399414,-3.1131302110133885,0.006324030845054941,0.05175018310546875,True,False
commodity_choice,-19.175,-0.8592159145469189,0.27603774536543857,-3.112675454617365,0.006330199848065728,0.05181121826171875,True,False
commodity_choice,-19.15,-0.8579382241270171,0.275667657279442,-3.112219375294115,0.00633639271522648,0.0518646240234375,True,False
commodity_choice,-19.125,-0.8566605337071153,0.27529757825239204,-3.111761967341868,0.006342609581105315,0.0518951416015625,True,False
commodity_choice,-19.1,-0.8553828432872133,0.27492750832087126,-3.111303225026451,0.006348850581259421,0.05194854736328125,True,False
commodity_choice,-19.075,-0.8541051528673116,0.2745574475216587,-3.110843142581061,0.00635511585224416,0.0519866943359375,True,False
commodity_choice,-19.05,-0.8528274624474097,0.274187395891731,-3.1103817142060297,0.00636140553162199,0.052032470703125,True,False
commodity_choice,-19.025,-0.8515497720275077,0.27381735346826375,-3.1099189340685993,0.006367719757971572,0.0520477294921875,True,False
commodity_choice,-19.0,-0.8502720816076059,0.2734473202886329,-3.1094547963026846,0.006374058670896994,0.052093505859375,True,False
commodity_choice,-18.975,-0.8489943911877043,0.273077296390416,-3.1089892950086377,0.006380422411037158,0.0521392822265625,True,False
commodity_choice,-18.95,-0.8477167007678024,0.27270728181139353,-3.108522424253012,0.006386811120075027,0.05217742919921875,True,False
commodity_choice,-18.925,-0.8464390103479005,0.27233727658955054,-3.108054178068321,0.0063932249407472885,0.05222320556640625,True,False
commodity_choice,-18.9,-0.8451613199279986,0.27196728076307763,-3.107584550452798,0.006399664016853916,0.0522613525390625,True,False
commodity_choice,-18.875,-0.8438836295080967,0.27159729437037267,-3.1071135353701527,0.006406128493267816,0.05230712890625,True,False
commodity_choice,-18.85,-0.8426059390881948,0.2712273174500421,-3.106641126749322,0.006412618515944827,0.052337646484375,True,False
commodity_choice,-18.825,-0.8413282486682929,0.2708573500409019,-3.106167318484231,0.00641913423193338,0.0523681640625,True,False
commodity_choice,-18.8,-0.8400505582483913,0.27048739218198004,-3.1056921044335306,0.006425675789384822,0.05239105224609375,True,False
commodity_choice,-18.775,-0.8387728678284895,0.2701174439125169,-3.1052154784203547,0.006432243337563373,0.05242919921875,True,False
commodity_choice,-18.75,-0.8374951774085877,0.26974750527196717,-3.1047374342320646,0.006438837026856437,0.05246734619140625,True,False
commodity_choice,-18.725,-0.8362174869886859,0.2693775763000013,-3.1042579656199907,0.006445457008784973,0.05251312255859375,True,False
commodity_choice,-18.7,-0.8349397965687838,0.26900765703650686,-3.1037770662991746,0.00645210343601396,0.05255126953125,True,False
commodity_choice,-18.675,-0.8336621061488823,0.2686377475215902,-3.1032947299481117,0.00645877646236299,0.05258941650390625,True,False
commodity_choice,-18.65,-0.83238441572898,0.2682678477955775,-3.102810950208481,0.00646547624281704,0.0526123046875,True,False
commodity_choice,-18.625,-0.8311067253090784,0.267897957899017,-3.1023257206848904,0.006472202933537138,0.0526275634765625,True,False
commodity_choice,-18.6,-0.8298290348891766,0.2675280778726798,-3.101839034944599,0.006478956691871497,0.05267333984375,True,False
commodity_choice,-18.575,-0.8285513444692745,0.2671582077575619,-3.101350886517251,0.00648573767636652,0.05274200439453125,True,False
commodity_choice,-18.55,-0.8272736540493729,0.2667883475948854,-3.100861268894611,0.006492546046777866,0.05279541015625,True,False
commodity_choice,-18.525,-0.8259959636294709,0.2664184974261002,-3.1003701755302773,0.006499381964081957,0.0528411865234375,True,False
commodity_choice,-18.5,-0.8247182732095691,0.2660486572928858,-3.099877599839412,0.006506245590487295,0.05290985107421875,True,False
commodity_choice,-18.475,-0.8234405827896674,0.2656788272371523,-3.099383535198465,0.006513137089445992,0.052978515625,True,False
commodity_choice,-18.45,-0.8221628923697655,0.26530900730104257,-3.0988879749448848,0.00652005662566562,0.053009033203125,True,False
commodity_choice,-18.425,-0.8208852019498636,0.26493919752693357,-3.09839091237684,0.006527004365120851,0.053070068359375,True,False
commodity_choice,-18.4,-0.8196075115299618,0.264569397957438,-3.097892340752933,0.006533980475065488,0.0531158447265625,True,False
commodity_choice,-18.375,-0.8183298211100599,0.26419960863540604,-3.097392253291906,0.006540985124044603,0.05318450927734375,True,False
commodity_choice,-18.35,-0.8170521306901583,0.26382982960392676,-3.0968906431723577,0.006548018481906633,0.05328369140625,True,False
commodity_choice,-18.325,-0.8157744402702561,0.26346006090633006,-3.0963875035324406,0.006555080719815883,0.053314208984375,True,False
commodity_choice,-18.3,-0.8144967498503545,0.26309030258618826,-3.0958828274695747,0.006562172010264849,0.05339813232421875,True,False
commodity_choice,-18.275,-0.8132190594304526,0.2627205546873176,-3.0953766080401377,0.0065692925270870485,0.0534210205078125,True,False
commodity_choice,-18.25,-0.8119413690105507,0.2623508172537803,-3.0948688382591696,0.0065764424454696204,0.05348968505859375,True,False
commodity_choice,-18.225,-0.8106636785906489,0.26198109032988587,-3.09435951110007,0.006583621941966354,0.0535430908203125,True,False
commodity_choice,-18.2,-0.809385988170747,0.2616113739601931,-3.0938486194942865,0.006590831194510694,0.05358123779296875,True,False
commodity_choice,-18.175,-0.8081082977508454,0.26124166818951194,-3.0933361563310076,0.006598070382429014,0.05361175537109375,True,False
commodity_choice,-18.15,-0.8068306073309435,0.2608719730629047,-3.09282211445685,0.006605339686453932,0.05364227294921875,True,False
commodity_choice,-18.125,-0.8055529169110417,0.2605022886256886,-3.0923064866755445,0.006612639288737823,0.0536956787109375,True,False
commodity_choice,-18.1,-0.8042752264911399,0.2601326149234368,-3.0917892657476154,0.006619969372866536,0.053741455078125,True,False
commodity_choice,-18.075,-0.8029975360712379,0.2597629520019807,-3.091270444390065,0.006627330123873129,0.0538177490234375,True,False
commodity_choice,-18.05,-0.8017198456513359,0.2593932999074117,-3.0907500152760425,0.006634721728251978,0.0538330078125,True,False
commodity_choice,-18.025,-0.8004421552314341,0.25902365868608285,-3.090227971034529,0.006642144373972715,0.05389404296875,True,False
commodity_choice,-18.0,-0.7991644648115326,0.25865402838461093,-3.0897043042499943,0.0066495982504947695,0.0539093017578125,True,False
commodity_choice,-17.975,-0.7978867743916304,0.2582844090498779,-3.0891790074620746,0.006657083548781693,0.0539398193359375,True,False
commodity_choice,-17.95,-0.7966090839717286,0.25791480072903344,-3.088652073165239,0.0066646004613157605,0.053985595703125,True,False
commodity_choice,-17.925,-0.7953313935518268,0.2575452034694962,-3.088123493808442,0.006672149182112857,0.054046630859375,True,False
commodity_choice,-17.9,-0.7940537031319248,0.2571756173189562,-3.0875932617947903,0.006679729906737409,0.05408477783203125,True,False
commodity_choice,-17.875,-0.7927760127120232,0.25680604232537646,-3.0870613694811984,0.006687342832317494,0.05413055419921875,True,False
commodity_choice,-17.85,-0.7914983222921214,0.25643647853699497,-3.0865278091780355,0.006694988157560222,0.0541839599609375,True,False
commodity_choice,-17.825,-0.7902206318722195,0.2560669260023269,-3.085992573148782,0.006702666082767167,0.05423736572265625,True,False
commodity_choice,-17.8,-0.7889429414523178,0.2556973847701662,-3.0854556536096758,0.006710376809850014,0.05426788330078125,True,False
commodity_choice,-17.775,-0.7876652510324159,0.255327854889588,-3.0849170427293484,0.006718120542346577,0.05431365966796875,True,False
commodity_choice,-17.75,-0.7863875606125139,0.25495833640995036,-3.0843767326284737,0.006725897485436613,0.0543975830078125,True,False
commodity_choice,-17.725,-0.7851098701926121,0.25458882938089633,-3.083834715379404,0.006733707845958159,0.05443572998046875,True,False
commodity_choice,-17.7,-0.7838321797727104,0.254219333852356,-3.0832909830057997,0.006741551832423971,0.054473876953125,True,False
commodity_choice,-17.675,-0.7825544893528086,0.2538498498745489,-3.0827455274822593,0.006749429655038107,0.05454254150390625,True,False
commodity_choice,-17.65,-0.7812767989329065,0.2534803774979854,-3.082198340733952,0.006757341525712648,0.05455780029296875,True,False
commodity_choice,-17.625,-0.7799991085130048,0.2531109167734695,-3.0816494146362423,0.0067652876580847916,0.05458831787109375,True,False
commodity_choice,-17.6,-0.7787214180931031,0.2527414677521003,-3.0810987410143023,0.006773268267533964,0.054595947265625,True,False
commodity_choice,-17.575,-0.7774437276732012,0.252372030485275,-3.080546311642733,0.0067812835711993725,0.05464935302734375,True,False
commodity_choice,-17.55,-0.7761660372532994,0.25200260502469024,-3.079992118245181,0.006789333787997411,0.0547332763671875,True,False
commodity_choice,-17.525,-0.7748883468333975,0.25163319142234447,-3.0794361524939475,0.0067974191386395415,0.0547637939453125,True,False
commodity_choice,-17.5,-0.7736106564134956,0.25126378973054064,-3.078878406009589,0.006805539845650404,0.05480194091796875,True,False
commodity_choice,-17.475,-0.7723329659935939,0.25089440000188773,-3.0783188703605298,0.006813696133385862,0.05483245849609375,True,False
commodity_choice,-17.45,-0.7710552755736919,0.25052502228930335,-3.0777575370626504,0.006821888228051686,0.05492401123046875,True,False
commodity_choice,-17.425,-0.7697775851537901,0.250155656646016,-3.0771943975788947,0.006830116357722018,0.05500030517578125,True,False
commodity_choice,-17.4,-0.7684998947338884,0.24978630312556724,-3.0766294433188537,0.006838380752358308,0.0550384521484375,True,False
commodity_choice,-17.375,-0.7672222043139865,0.24941696178181413,-3.076062665638353,0.006846681643828635,0.0550994873046875,True,False
commodity_choice,-17.35,-0.7659445138940846,0.24904763266893123,-3.0754940558390476,0.00685501926592669,0.05513763427734375,True,False
commodity_choice,-17.325,-0.7646668234741829,0.2486783158414132,-3.0749236051679922,0.006863393854391618,0.05519866943359375,True,False
commodity_choice,-17.3,-0.7633891330542808,0.24830901135407726,-3.0743513048172177,0.006871805646927827,0.05522918701171875,True,False
commodity_choice,-17.275,-0.7621114426343789,0.24793971926206515,-3.0737771459233163,0.006880254883224768,0.05523681640625,True,False
commodity_choice,-17.25,-0.7608337522144771,0.24757043962084593,-3.073201119566996,0.006888741804977587,0.05527496337890625,True,False
commodity_choice,-17.225,-0.7595560617945756,0.24720117248621815,-3.072623216772655,0.006897266655907436,0.05533599853515625,True,False
commodity_choice,-17.2,-0.7582783713746735,0.24683191791431233,-3.072043428507936,0.0069058296817823194,0.0554351806640625,True,False
commodity_choice,-17.175,-0.7570006809547718,0.2464626759615936,-3.0714617456832918,0.006914431130438053,0.05551910400390625,True,False
commodity_choice,-17.15,-0.7557229905348697,0.24609344668486396,-3.070878159151528,0.0069230712517996925,0.05556488037109375,True,False
commodity_choice,-17.125,-0.7544453001149681,0.24572423014126485,-3.0702926597073628,0.006931750297902917,0.05559539794921875,True,False
commodity_choice,-17.1,-0.7531676096950661,0.24535502638827975,-3.069705238086958,0.006940468522915999,0.0556488037109375,True,False
commodity_choice,-17.075,-0.7518899192751642,0.24498583548373642,-3.0691158849674762,0.00694922618316172,0.05570220947265625,True,False
commodity_choice,-17.05,-0.7506122288552627,0.2446166574858101,-3.0685245909666015,0.0069580235371398316,0.05576324462890625,True,False
commodity_choice,-17.025,-0.7493345384353606,0.2442474924530254,-3.067931346642076,0.006966860845549633,0.05580902099609375,True,False
commodity_choice,-17.0,-0.748056848015459,0.24387834044425943,-3.0673361424912358,0.006975738371312795,0.0558624267578125,True,False
commodity_choice,-16.975,-0.7467791575955572,0.2435092015187441,-3.066738968950518,0.006984656379596678,0.05590057373046875,True,False
commodity_choice,-16.95,-0.7455014671756549,0.243140075736069,-3.0661398163949913,0.0069936151378377056,0.05596160888671875,True,False
commodity_choice,-16.925,-0.7442237767557535,0.24277096315618388,-3.0655386751378737,0.00700261491576493,0.05600738525390625,True,False
commodity_choice,-16.9,-0.7429460863358515,0.24240186383940168,-3.06493553543002,0.007011655985424526,0.05608367919921875,True,False
commodity_choice,-16.875,-0.7416683959159496,0.24203277784640106,-3.0643303874594516,0.007020738621203676,0.0561676025390625,True,False
commodity_choice,-16.85,-0.740390705496048,0.24166370523822897,-3.063723221350845,0.0070298630998554,0.05625152587890625,True,False
commodity_choice,-16.825,-0.7391130150761459,0.2412946460763038,-3.0631140271650232,0.007039029700523583,0.0562896728515625,True,False
commodity_choice,-16.8,-0.7378353246562442,0.24092560042241806,-3.062502794898457,0.007048238704767995,0.05632781982421875,True,False
commodity_choice,-16.775,-0.7365576342363422,0.24055656833874098,-3.0618895144827425,0.0070574903965900685,0.05638885498046875,True,False
commodity_choice,-16.75,-0.7352799438164405,0.2401875498878219,-3.061274175784084,0.007066785062458711,0.0564422607421875,True,False
commodity_choice,-16.725,-0.7340022533965388,0.23981854513259254,-3.0606567686027724,0.007076122991336469,0.0565185546875,True,False
commodity_choice,-16.7,-0.7327245629766367,0.23944955413637023,-3.060037282672653,0.007085504474706141,0.05657958984375,True,False
commodity_choice,-16.675,-0.731446872556735,0.239080576962861,-3.0594157076605963,0.007094929806597543,0.05664825439453125,True,False
commodity_choice,-16.65,-0.7301691821368328,0.23871161367616225,-3.0587920331659486,0.007104399283614899,0.05670928955078125,True,False
commodity_choice,-16.625,-0.7288914917169312,0.23834266434076587,-3.058166248720005,0.007113913204964124,0.0567474365234375,True,False
commodity_choice,-16.6,-0.7276138012970294,0.2379737290215612,-3.05753834378544,0.007123471872481021,0.05681610107421875,True,False
commodity_choice,-16.575,-0.7263361108771275,0.23760480778383816,-3.056908307755769,0.007133075590659269,0.056884765625,True,False
commodity_choice,-16.55,-0.7250584204572257,0.23723590069329054,-3.0562761299547767,0.007142724666679203,0.05694580078125,True,False
commodity_choice,-16.525,-0.7237807300373238,0.2368670078160183,-3.055641799635963,0.007152419410436643,0.05702972412109375,True,False
commodity_choice,-16.5,-0.7225030396174219,0.23649812921853192,-3.055005305981959,0.007162160134572422,0.05706787109375,True,False
commodity_choice,-16.475,-0.7212253491975203,0.23612926496775435,-3.0543666381039656,0.007171947154501833,0.0571441650390625,True,False
commodity_choice,-16.45,-0.7199476587776185,0.23576041513102508,-3.053725785041156,0.007181780788445011,0.0572052001953125,True,False
commodity_choice,-16.425,-0.7186699683577165,0.235391579776103,-3.0530827357601003,0.007191661357457143,0.0572509765625,True,False
commodity_choice,-16.4,-0.7173922779378146,0.2350227589711695,-3.0524374791541695,0.007201589185459495,0.057342529296875,True,False
commodity_choice,-16.375,-0.7161145875179128,0.23465395278483217,-3.0517900040429313,0.007211564599270602,0.0574188232421875,True,False
commodity_choice,-16.35,-0.7148368970980108,0.2342851612861277,-3.0511402991715513,0.0072215879286379805,0.0574798583984375,True,False
commodity_choice,-16.325,-0.7135592066781091,0.23391638454452543,-3.0504883532101825,0.007231659506270048,0.05755615234375,True,False
commodity_choice,-16.3,-0.7122815162582072,0.23354762262993076,-3.0498341547533414,0.007241779667868884,0.057586669921875,True,False
commodity_choice,-16.275,-0.7110038258383055,0.2331788756126884,-3.0491776923192964,0.007251948752162804,0.0576324462890625,True,False
commodity_choice,-16.25,-0.7097261354184038,0.23281014356358595,-3.04851895434943,0.007262167100939914,0.057708740234375,True,False
commodity_choice,-16.225,-0.7084484449985019,0.23244142655385722,-3.0478579292076096,0.00727243505908177,0.0577545166015625,True,False
commodity_choice,-16.2,-0.7071707545786,0.23207272465518586,-3.0471946051795435,0.007282752974597628,0.0578155517578125,True,False
commodity_choice,-16.175,-0.7058930641586981,0.2317040379397089,-3.0465289704721363,0.007293121198658992,0.057891845703125,True,False
commodity_choice,-16.15,-0.7046153737387962,0.23133536648002004,-3.0458610132128348,0.007303540085634764,0.05794525146484375,True,False
commodity_choice,-16.125,-0.7033376833188945,0.23096671034917385,-3.0451907214489635,0.007314009993126865,0.0579833984375,True,False
commodity_choice,-16.1,-0.7020599928989927,0.2305980696206886,-3.0445180831470666,0.0073245312820061055,0.05804443359375,True,False
commodity_choice,-16.075,-0.7007823024790906,0.2302294443685506,-3.043843086192226,0.0073351043164487754,0.05812835693359375,True,False
commodity_choice,-16.05,-0.6995046120591889,0.22986083466721766,-3.043165718387392,0.007345729463973512,0.05818939208984375,True,False
commodity_choice,-16.025,-0.6982269216392871,0.22949224059162254,-3.042485967452685,0.007356407095478918,0.058258056640625,True,False
commodity_choice,-16.0,-0.696949231219385,0.22912366221717745,-3.0418038210247085,0.007367137585281417,0.05828094482421875,True,False
commodity_choice,-15.975,-0.6956715407994832,0.22875509961977697,-3.0411192666558553,0.007377921311153531,0.0583038330078125,True,False
commodity_choice,-15.95,-0.6943938503795815,0.22838655287580256,-3.0404322918135875,0.007388758654363176,0.0583648681640625,True,False
commodity_choice,-15.925,-0.6931161599596799,0.22801802206212615,-3.039742883879733,0.00739964999971286,0.058380126953125,True,False
commodity_choice,-15.9,-0.6918384695397778,0.22764950725611416,-3.039051030149755,0.007410595735579886,0.0584716796875,True,False
commodity_choice,-15.875,-0.6905607791198762,0.22728100853563124,-3.0383567178320394,0.007421596253956558,0.05852508544921875,True,False
commodity_choice,-15.85,-0.6892830886999742,0.2269125259790447,-3.037659934047137,0.007432651950491738,0.05858612060546875,True,False
commodity_choice,-15.825,-0.6880053982800723,0.22654405966522803,-3.0369606658270434,0.007443763224531983,0.05867767333984375,True,False
commodity_choice,-15.8,-0.6867277078601705,0.22617560967356534,-3.0362589001144316,0.007454930479164033,0.0587158203125,True,False
commodity_choice,-15.775,-0.6854500174402688,0.22580717608395526,-3.0355546237619038,0.0074661541212574225,0.05879974365234375,True,False
commodity_choice,-15.75,-0.6841723270203666,0.2254387589768152,-3.0348478235312184,0.007477434561507896,0.058837890625,True,False
commodity_choice,-15.725,-0.682894636600465,0.22507035843308557,-3.0341384860925285,0.007488772214481083,0.0589141845703125,True,False
commodity_choice,-15.7,-0.6816169461805629,0.2247019745342338,-3.0334265980235844,0.007500167498657355,0.0589447021484375,True,False
commodity_choice,-15.675,-0.6803392557606613,0.22433360736225882,-3.032712145808963,0.007511620836476526,0.05898284912109375,True,False
commodity_choice,-15.65,-0.6790615653407596,0.22396525699969533,-3.031995115839254,0.007523132654383897,0.0590057373046875,True,False
commodity_choice,-15.625,-0.6777838749208577,0.22359692352961807,-3.031275494410267,0.007534703382876322,0.05908966064453125,True,False
commodity_choice,-15.6,-0.6765061845009558,0.22322860703564623,-3.0305532677222144,0.007546333456549355,0.05918121337890625,True,False
commodity_choice,-15.575,-0.6752284940810541,0.222860307601948,-3.0298284218788902,0.007558023314144679,0.059295654296875,True,False
commodity_choice,-15.55,-0.6739508036611523,0.22249202531324494,-3.0291009428868376,0.007569773398598516,0.0593414306640625,True,False
commodity_choice,-15.525,-0.6726731132412503,0.2221237602548165,-3.028370816654515,0.007581584157090441,0.05938720703125,True,False
commodity_choice,-15.5,-0.6713954228213485,0.22175551251250458,-3.027638028991451,0.0075934560410928775,0.05947113037109375,True,False
commodity_choice,-15.475,-0.6701177324014463,0.22138728217271825,-3.0269025656073825,0.007605389506421573,0.059539794921875,True,False
commodity_choice,-15.45,-0.6688400419815448,0.2210190693224382,-3.0261644121113993,0.007617385013286246,0.059661865234375,True,False
commodity_choice,-15.425,-0.6675623515616431,0.2206508740492219,-3.0254235540110574,0.007629443026342642,0.0597076416015625,True,False
commodity_choice,-15.4,-0.6662846611417411,0.2202826964412076,-3.0246799767115133,0.007641564014744484,0.059783935546875,True,False
commodity_choice,-15.375,-0.6650069707218392,0.21991453658711985,-3.0239336655146243,0.007653748452196824,0.059906005859375,True,False
commodity_choice,-15.35,-0.6637292803019375,0.21954639457627387,-3.0231846056180505,0.007665996817009774,0.06000518798828125,True,False
commodity_choice,-15.325,-0.6624515898820356,0.21917827049858077,-3.0224327821143433,0.007678309592153045,0.06008148193359375,True,False
commodity_choice,-15.3,-0.6611738994621339,0.2188101644445521,-3.0216781799900327,0.00769068726531137,0.06012725830078125,True,False
commodity_choice,-15.275,-0.6598962090422319,0.21844207650530528,-3.0209207841246877,0.007703130328940669,0.060211181640625,True,False
commodity_choice,-15.25,-0.65861851862233,0.21807400677256833,-3.020160579289994,0.007715639280324672,0.06031036376953125,True,False
commodity_choice,-15.225,-0.657340828202428,0.2177059553386851,-3.0193975501487915,0.007728214621632879,0.060333251953125,True,False
commodity_choice,-15.2,-0.6560631377825263,0.21733792229662016,-3.018631681254132,0.007740856859978868,0.0604248046875,True,False
commodity_choice,-15.175,-0.6547854473626246,0.21696990773996447,-3.0178629570482935,0.007753566507479814,0.0605010986328125,True,False
commodity_choice,-15.15,-0.6535077569427228,0.21660191176294014,-3.01709136186182,0.0077663440813165235,0.06053924560546875,True,False
commodity_choice,-15.125,-0.6522300665228209,0.21623393446040587,-3.0163168799125253,0.007779190103794365,0.0606231689453125,True,False
commodity_choice,-15.1,-0.650952376102919,0.21586597592786258,-3.015539495304495,0.0077921051024053035,0.0606842041015625,True,False
commodity_choice,-15.075,-0.6496746856830171,0.21549803626145828,-3.0147591920270838,0.007805089609890512,0.060760498046875,True,False
commodity_choice,-15.05,-0.6483969952631152,0.21513011555799402,-3.013975953953888,0.007818144164304175,0.06082916259765625,True,False
commodity_choice,-15.025,-0.6471193048432134,0.21476221391492903,-3.013189764841726,0.007831269309077779,0.06090545654296875,True,False
commodity_choice,-15.0,-0.6458416144233117,0.21439433143038653,-3.012400608329588,0.007844465593085893,0.06098175048828125,True,False
commodity_choice,-14.975,-0.6445639240034099,0.21402646820315926,-3.0116084679375903,0.007857733570712306,0.06110382080078125,True,False
commodity_choice,-14.95,-0.643286233583508,0.2136586243327151,-3.010813327065913,0.007871073801917504,0.06121826171875,True,False
commodity_choice,-14.925,-0.6420085431636063,0.21329079991920288,-3.0100151689937253,0.007884486852306976,0.06128692626953125,True,False
commodity_choice,-14.9,-0.6407308527437046,0.21292299506345808,-3.009213976878099,0.00789797329320053,0.06137847900390625,True,False
commodity_choice,-14.875,-0.6394531623238024,0.21255520986700888,-3.0084097337529117,0.007911533701702642,0.06146240234375,True,False
commodity_choice,-14.85,-0.6381754719039004,0.21218744443208173,-3.0076024225277456,0.00792516866077356,0.06151580810546875,True,False
commodity_choice,-14.825,-0.6368977814839988,0.2118196988616077,-3.0067920259867598,0.007938878759301899,0.0615997314453125,True,False
commodity_choice,-14.8,-0.635620091064097,0.21145197325922832,-3.005978526787557,0.007952664592177978,0.06166839599609375,True,False
commodity_choice,-14.775,-0.6343424006441952,0.21108426772930156,-3.0051619074600477,0.00796652676036824,0.06177520751953125,True,False
commodity_choice,-14.75,-0.6330647102242933,0.21071658237690816,-3.0043421504052885,0.007980465870990855,0.0618438720703125,True,False
commodity_choice,-14.725,-0.6317870198043914,0.21034891730785776,-3.003519237894316,0.00799448253739226,0.06192779541015625,True,False
commodity_choice,-14.7,-0.6305093293844897,0.20998127262869534,-3.0026931520669637,0.00800857737922513,0.0619964599609375,True,False
commodity_choice,-14.675,-0.6292316389645877,0.20961364844670732,-3.001863874930668,0.008022751022527193,0.062103271484375,True,False
commodity_choice,-14.65,-0.627953948544686,0.209246044869928,-3.0010313883592694,0.008037004099801138,0.06219482421875,True,False
commodity_choice,-14.625,-0.6266762581247839,0.2088784620071463,-3.000195674091777,0.008051337250096303,0.06226348876953125,True,False
commodity_choice,-14.6,-0.6253985677048822,0.20851089996791206,-2.9993567137311548,0.008065751119090615,0.062347412109375,True,False
commodity_choice,-14.575,-0.6241208772849803,0.20814335886254262,-2.9985144887430604,0.008080246359174708,0.062408447265625,True,False
commodity_choice,-14.55,-0.6228431868650787,0.20777583880212971,-2.997668980454596,0.008094823629536447,0.062530517578125,True,False
commodity_choice,-14.525,-0.6215654964451767,0.20740833989854604,-2.9968201700530264,0.00810948359624748,0.062591552734375,True,False
commodity_choice,-14.5,-0.620287806025275,0.2070408622644521,-2.995968038584504,0.008124226932350372,0.0626983642578125,True,False
commodity_choice,-14.475,-0.619010115605373,0.20667340601330317,-2.995112566952753,0.00813905431794755,0.0628204345703125,True,False
commodity_choice,-14.45,-0.6177324251854713,0.20630597125935624,-2.9942537359177694,0.008153966440291302,0.06287384033203125,True,False
commodity_choice,-14.425,-0.6164547347655696,0.20593855811767695,-2.993391526094479,0.008168963993875254,0.06298065185546875,True,False
commodity_choice,-14.4,-0.6151770443456673,0.20557116670414677,-2.992525917951401,0.0081840476805272,0.0630645751953125,True,False
commodity_choice,-14.375,-0.6138993539257654,0.20520379713547018,-2.991656891809293,0.008199218209503164,0.06313323974609375,True,False
commodity_choice,-14.35,-0.6126216635058638,0.20483644952918198,-2.990784427839767,0.008214476297583147,0.0632781982421875,True,False
commodity_choice,-14.325,-0.6113439730859621,0.20446912400365452,-2.9899085060639052,0.00822982266916821,0.06337738037109375,True,False
commodity_choice,-14.3,-0.6100662826660602,0.2041018206781052,-2.9890291063508596,0.008245258056378957,0.06346893310546875,True,False
commodity_choice,-14.275,-0.6087885922461583,0.20373453967260385,-2.988146208416432,0.00826078319915544,0.06354522705078125,True,False
commodity_choice,-14.25,-0.6075109018262564,0.20336728110808036,-2.987259791821637,0.008276398845358949,0.06362152099609375,True,False
commodity_choice,-14.225,-0.6062332114063548,0.20300004510633232,-2.986369835971254,0.00829210575087482,0.06375885009765625,True,False
commodity_choice,-14.2,-0.604955520986453,0.20263283179003294,-2.9854763201123533,0.008307904679717438,0.0638580322265625,True,False
commodity_choice,-14.175,-0.6036778305665509,0.20226564128273847,-2.9845792233328226,0.00832379640413627,0.063934326171875,True,False
commodity_choice,-14.15,-0.6024001401466491,0.2018984737088963,-2.9836785245598687,0.008339781704723614,0.06402587890625,True,False
commodity_choice,-14.125,-0.6011224497267473,0.20153132919385303,-2.982774202558489,0.008355861370524591,0.064117431640625,True,False
commodity_choice,-14.1,-0.5998447593068454,0.2011642078638624,-2.98186623592995,0.008372036199148008,0.064178466796875,True,False
commodity_choice,-14.075,-0.5985670688869436,0.20079710984609345,-2.980954603110234,0.008388306996879456,0.06427764892578125,True,False
commodity_choice,-14.05,-0.5972893784670418,0.20043003526863895,-2.980039282368469,0.008404674578796028,0.06436920166015625,True,False
commodity_choice,-14.025,-0.59601168804714,0.20006298426052332,-2.97912025180535,0.008421139768882714,0.064422607421875,True,False
commodity_choice,-14.0,-0.5947339976272382,0.19969595695171133,-2.9781974893515315,0.008437703400150768,0.0645294189453125,True,False
commodity_choice,-13.975,-0.5934563072073362,0.19932895347311666,-2.977270972766007,0.00845436631475783,0.064605712890625,True,False
commodity_choice,-13.95,-0.5921786167874344,0.19896197395661033,-2.976340679634476,0.00847112936412983,0.064697265625,True,False
commodity_choice,-13.925,-0.5909009263675324,0.19859501853502948,-2.9754065873676763,0.008487993409085078,0.0648193359375,True,False
commodity_choice,-13.9,-0.5896232359476309,0.19822808734218597,-2.974468673199724,0.008504959319959851,0.064910888671875,True,False
commodity_choice,-13.875,-0.5883455455277289,0.1978611805128756,-2.9735269141863983,0.008522027976736578,0.06501007080078125,True,False
commodity_choice,-13.85,-0.5870678551078271,0.19749429818288677,-2.9725812872034476,0.008539200269173321,0.06508636474609375,True,False
commodity_choice,-13.825,-0.585790164687925,0.19712744048900968,-2.9716317689448424,0.008556477096935869,0.06520843505859375,True,False
commodity_choice,-13.8,-0.5845124742680234,0.19676060756904556,-2.970678335921032,0.008573859369731604,0.0653076171875,True,False
commodity_choice,-13.775,-0.5832347838481216,0.1963937995618157,-2.96972096445716,0.00859134800744574,0.06539154052734375,True,False
commodity_choice,-13.75,-0.5819570934282198,0.19602701660717115,-2.968759630691285,0.008608943940279418,0.06549072265625,True,False
commodity_choice,-13.725,-0.5806794030083178,0.19566025884600194,-2.967794310572554,0.00862664810889022,0.065582275390625,True,False
commodity_choice,-13.7,-0.5794017125884159,0.19529352642024678,-2.9668249798593798,0.008644461464534873,0.06568145751953125,True,False
commodity_choice,-13.675,-0.5781240221685142,0.19492681947290266,-2.965851614117579,0.00866238496921421,0.065765380859375,True,False
commodity_choice,-13.65,-0.5768463317486123,0.19456013814803477,-2.964874188718492,0.008680419595820466,0.06586456298828125,True,False
commodity_choice,-13.625,-0.5755686413287106,0.19419348259078617,-2.963892678837098,0.008698566328286915,0.0659332275390625,True,False
commodity_choice,-13.6,-0.5742909509088089,0.19382685294738802,-2.9629070594500817,0.008716826161740028,0.0659942626953125,True,False
commodity_choice,-13.575,-0.5730132604889068,0.19346024936516962,-2.961917305333896,0.008735200102653877,0.06609344482421875,True,False
commodity_choice,-13.55,-0.5717355700690051,0.19309367199256855,-2.9609233910628054,0.008753689169007192,0.06621551513671875,True,False
commodity_choice,-13.525,-0.5704578796491032,0.19272712097914116,-2.9599252910068836,0.008772294390442987,0.06630706787109375,True,False
commodity_choice,-13.5,-0.5691801892292012,0.19236059647557288,-2.9589229793300165,0.008791016808430686,0.066436767578125,True,False
commodity_choice,-13.475,-0.5679024988092994,0.19199409863368894,-2.957916429987866,0.008809857476430781,0.0665740966796875,True,False
commodity_choice,-13.45,-0.5666248083893975,0.19162762760646493,-2.9569056167258077,0.008828817460062525,0.06664276123046875,True,False
commodity_choice,-13.425,-0.5653471179694961,0.19126118354803753,-2.95589051307686,0.008847897837273976,0.06668853759765625,True,False
commodity_choice,-13.4,-0.5640694275495939,0.1908947666137159,-2.9548710923595594,0.008867099698515289,0.06678009033203125,True,False
commodity_choice,-13.375,-0.5627917371296922,0.19052837695999203,-2.9538473276758643,0.008886424146914049,0.066925048828125,True,False
commodity_choice,-13.35,-0.5615140467097902,0.19016201474455247,-2.9528191919089655,0.008905872298454567,0.0670166015625,True,False
commodity_choice,-13.325,-0.5602363562898884,0.18979568012628945,-2.951786657721129,0.008925445282159201,0.06714630126953125,True,False
commodity_choice,-13.3,-0.5589586658699865,0.18942937326531226,-2.95074969755148,0.008945144240273232,0.06728363037109375,True,False
commodity_choice,-13.275,-0.5576809754500849,0.18906309432295879,-2.94970828361378,0.008964970328452605,0.0673675537109375,True,False
commodity_choice,-13.25,-0.5564032850301829,0.18869684346180743,-2.948662387894156,0.008984924715954759,0.06749725341796875,True,False
commodity_choice,-13.225,-0.5551255946102809,0.1883306208456886,-2.947611982148835,0.009005008585832662,0.06764984130859375,True,False
commodity_choice,-13.2,-0.5538479041903792,0.18796442663969684,-2.9465570379018207,0.00902522313513217,0.06780242919921875,True,False
commodity_choice,-13.175,-0.5525702137704774,0.18759826101020308,-2.9454975264425522,0.009045569575092671,0.06793975830078125,True,False
commodity_choice,-13.15,-0.5512925233505757,0.18723212412486642,-2.9444334188235497,0.009066049131350904,0.0680389404296875,True,False
commodity_choice,-13.125,-0.5500148329306739,0.18686601615264692,-2.9433646858580125,0.009086663044148438,0.0681915283203125,True,False
commodity_choice,-13.1,-0.548737142510772,0.18649993726381794,-2.942291298117397,0.009107412568542597,0.068328857421875,True,False
commodity_choice,-13.075,-0.5474594520908701,0.18613388762997884,-2.941213225928968,0.009128298974620832,0.06842041015625,True,False
commodity_choice,-13.05,-0.5461817616709682,0.18576786742406765,-2.9401304393733176,0.009149323547718732,0.06851959228515625,True,False
commodity_choice,-13.025,-0.5449040712510665,0.18540187682037407,-2.9390429082818557,0.009170487588641925,0.06867218017578125,True,False
commodity_choice,-13.0,-0.5436263808311647,0.18503591599455269,-2.9379506022342636,0.009191792413891627,0.0687713623046875,True,False
commodity_choice,-12.975,-0.5423486904112625,0.18466998512363605,-2.9368534905559316,0.00921323935589396,0.06891632080078125,True,False
commodity_choice,-12.95,-0.5410709999913609,0.18430408438604826,-2.935751542315357,0.009234829763233168,0.0690155029296875,True,False
commodity_choice,-12.925,-0.539793309571459,0.18393821396161827,-2.934644726321501,0.00925656500088923,0.0691375732421875,True,False
commodity_choice,-12.9,-0.5385156191515572,0.18357237403159368,-2.93353301112114,0.00927844645047886,0.06920623779296875,True,False
commodity_choice,-12.875,-0.5372379287316555,0.1832065647786547,-2.9324163649961568,0.009300475510501324,0.0693359375,True,False
commodity_choice,-12.85,-0.5359602383117534,0.18284078638692822,-2.9312947559608107,0.009322653596588147,0.0694427490234375,True,False
commodity_choice,-12.825,-0.5346825478918518,0.18247503904200166,-2.9301681517589913,0.009344982141757037,0.06955718994140625,True,False
commodity_choice,-12.8,-0.5334048574719498,0.18210932293093776,-2.9290365198613997,0.009367462596670595,0.06967926025390625,True,False
commodity_choice,-12.775,-0.5321271670520481,0.18174363824228873,-2.9278998274627415,0.009390096429899093,0.0698089599609375,True,False
commodity_choice,-12.75,-0.5308494766321461,0.18137798516611128,-2.9267580414788408,0.009412885128188275,0.069915771484375,True,False
commodity_choice,-12.725,-0.5295717862122444,0.18101236389398118,-2.9256111285437623,0.009435830196731311,0.07006072998046875,True,False
commodity_choice,-12.7,-0.5282940957923423,0.18064677461900852,-2.924459055006857,0.009458933159446086,0.07016754150390625,True,False
commodity_choice,-12.675,-0.5270164053724408,0.1802812175358528,-2.923301786929813,0.009482195559256702,0.070281982421875,True,False
commodity_choice,-12.65,-0.5257387149525389,0.17991569284073836,-2.922139290083626,0.00950561895838068,0.070404052734375,True,False
commodity_choice,-12.625,-0.5244610245326368,0.17955020073146996,-2.9209715299455743,0.009529204938620505,0.0705413818359375,True,False
commodity_choice,-12.6,-0.5231833341127349,0.1791847414074486,-2.9197984716961307,0.009552955101660794,0.070648193359375,True,False
commodity_choice,-12.575,-0.5219056436928332,0.17881931506968732,-2.918620080215845,0.009576871069370494,0.07076263427734375,True,False
commodity_choice,-12.55,-0.5206279532729314,0.17845392192082754,-2.917436320082178,0.009600954484110736,0.07086944580078125,True,False
commodity_choice,-12.525,-0.5193502628530298,0.17808856216515512,-2.9162471555663223,0.009625207009047655,0.071014404296875,True,False
commodity_choice,-12.5,-0.5180725724331278,0.17772323600861717,-2.9150525506299485,0.009649630328471354,0.07112884521484375,True,False
commodity_choice,-12.475,-0.5167948820132261,0.17735794365883867,-2.913852468921944,0.009674226148120147,0.071258544921875,True,False
commodity_choice,-12.45,-0.515517191593324,0.17699268532513923,-2.912646873775084,0.009698996195510986,0.0713958740234375,True,False
commodity_choice,-12.425,-0.5142395011734224,0.17662746121855044,-2.911435728202688,0.009723942220275172,0.0715179443359375,True,False
commodity_choice,-12.4,-0.5129618107535204,0.17626227155183305,-2.9102189948952004,0.009749065994501267,0.071624755859375,True,False
commodity_choice,-12.375,-0.5116841203336185,0.1758971165394946,-2.9089966362167674,0.009774369313082875,0.0717620849609375,True,False
commodity_choice,-12.35,-0.5104064299137167,0.1755319963978071,-2.907768614201742,0.00979985399407369,0.07187652587890625,True,False
commodity_choice,-12.325,-0.5091287394938149,0.17516691134482507,-2.9065348905511543,0.009825521879048432,0.07205963134765625,True,False
commodity_choice,-12.3,-0.5078510490739132,0.17480186160040365,-2.9052954266291433,0.009851374833470816,0.07216644287109375,True,False
commodity_choice,-12.275,-0.5065733586540112,0.17443684738621698,-2.9040501834593337,0.00987741474706774,0.07227325439453125,True,False
commodity_choice,-12.25,-0.5052956682341093,0.17407186892577683,-2.9027991217211797,0.009903643534210622,0.07239532470703125,True,False
commodity_choice,-12.225,-0.5040179778142077,0.17370692644445168,-2.901542201746247,0.009930063134303693,0.07253265380859375,True,False
commodity_choice,-12.2,-0.5027402873943055,0.17334202016948538,-2.9002793835144565,0.00995667551217951,0.0727081298828125,True,False
commodity_choice,-12.175,-0.5014625969744039,0.17297715033001676,-2.899010626650293,0.00998348265850128,0.0728607177734375,True,False
commodity_choice,-12.15,-0.500184906554502,0.17261231715709913,-2.8977358904189336,0.010010486590173407,0.07300567626953125,True,False
commodity_choice,-12.125,-0.4989072161346002,0.17224752088371997,-2.8964551337223603,0.010037689350758853,0.0731658935546875,True,False
commodity_choice,-12.1,-0.4976295257146981,0.17188276174482112,-2.8951683150954017,0.010065093010904903,0.07330322265625,True,False
commodity_choice,-12.075,-0.49635183529479654,0.17151803997731882,-2.8938753927017418,0.010092699668776175,0.07346343994140625,True,False
commodity_choice,-12.05,-0.4950741448748947,0.1711533558201246,-2.892576324329849,0.010120511450496575,0.07367706298828125,True,False
commodity_choice,-12.025,-0.4937964544549928,0.1707887095141655,-2.891271067388893,0.010148530510598556,0.0738677978515625,True,False
commodity_choice,-12.0,-0.49251876403509093,0.17042410130240576,-2.8899595789045733,0.010176759032481596,0.0739898681640625,True,False
commodity_choice,-11.975,-0.4912410736151891,0.17005953142986763,-2.888641815514918,0.010205199228878761,0.07415771484375,True,False
commodity_choice,-11.95,-0.4899633831952872,0.16969500014365307,-2.887317733466013,0.010233853342332387,0.0743408203125,True,False
commodity_choice,-11.925,-0.4886856927753857,0.16933050769296573,-2.88598728860769,0.010262723645678718,0.07451629638671875,True,False
commodity_choice,-11.9,-0.48740800235548354,0.1689660543291328,-2.8846504363891365,0.010291812442541482,0.0745849609375,True,False
commodity_choice,-11.875,-0.48613031193558176,0.16860164030562746,-2.883307131854494,0.010321122067834917,0.07474517822265625,True,False
commodity_choice,-11.85,-0.4848526215156799,0.16823726587809176,-2.881957329638335,0.010350654888276804,0.07488250732421875,True,False
commodity_choice,-11.825,-0.48357493109577804,0.1678729313043592,-2.8806009839611404,0.010380413302910662,0.0749969482421875,True,False
commodity_choice,-11.8,-0.4822972406758763,0.16750863684447828,-2.879238048624683,0.010410399743638301,0.0750885009765625,True,False
commodity_choice,-11.775,-0.48101955025597437,0.16714438276073565,-2.877868477007365,0.01044061667576253,0.07518768310546875,True,False
commodity_choice,-11.75,-0.4797418598360726,0.16678016931768036,-2.8764922220594915,0.010471066598540276,0.07532501220703125,True,False
commodity_choice,-11.725,-0.47846416941617076,0.16641599678214755,-2.8751092362984814,0.010501752045746429,0.07546234130859375,True,False
commodity_choice,-11.7,-0.4771864789962689,0.16605186542328332,-2.873719471804014,0.010532675586248517,0.07563018798828125,True,False
commodity_choice,-11.675,-0.47590878857636704,0.16568777551256905,-2.872322880213119,0.010563839824592608,0.07578277587890625,True,False
commodity_choice,-11.65,-0.47463109815646526,0.1653237273238465,-2.8709194127152,0.010595247401600299,0.075897216796875,True,False
commodity_choice,-11.625,-0.47335340773656337,0.1649597211333435,-2.8695090200469786,0.010626900994978036,0.07602691650390625,True,False
commodity_choice,-11.6,-0.47207571731666154,0.16459575721969924,-2.8680916524873967,0.010658803319937507,0.07622528076171875,True,False
commodity_choice,-11.575,-0.47079802689675965,0.16423183586399046,-2.8666672598524303,0.010690957129828725,0.07635498046875,True,False
commodity_choice,-11.55,-0.4695203364768578,0.16386795734975787,-2.865235791489846,0.010723365216785467,0.07657623291015625,True,False
commodity_choice,-11.525,-0.46824264605695604,0.16350412196303254,-2.8637971962738855,0.010756030412383079,0.0768280029296875,True,False
commodity_choice,-11.5,-0.46696495563705415,0.16314032999236336,-2.862351422599874,0.010788955588310018,0.07698822021484375,True,False
commodity_choice,-11.475,-0.4656872652171524,0.1627765817288439,-2.860898418378772,0.010822143657051697,0.07714080810546875,True,False
commodity_choice,-11.45,-0.4644095747972505,0.16241287746614064,-2.859438131031631,0.010855597572588863,0.07733917236328125,True,False
commodity_choice,-11.425,-0.4631318843773487,0.16204921750052068,-2.857970507484003,0.010889320331109094,0.07745361328125,True,False
commodity_choice,-11.4,-0.46185419395744687,0.16168560213088023,-2.8564954941602534,0.01092331497173302,0.077606201171875,True,False
commodity_choice,-11.375,-0.46057650353754503,0.16132203165877365,-2.8550130369778053,0.010957584577254952,0.07781219482421875,True,False
commodity_choice,-11.35,-0.45929881311764315,0.16095850638844236,-2.853523081341311,0.010992132274898057,0.0780181884765625,True,False
commodity_choice,-11.325,-0.45802112269774126,0.16059502662684463,-2.8520255721367382,0.011026961237085298,0.07814788818359375,True,False
commodity_choice,-11.3,-0.45674343227783953,0.16023159268368536,-2.850520453725383,0.011062074682225354,0.078369140625,True,False
commodity_choice,-11.275,-0.45546574185793764,0.15986820487144648,-2.849007669937794,0.01109747587551486,0.07854461669921875,True,False
commodity_choice,-11.25,-0.4541880514380357,0.15950486350541768,-2.8474871640676267,0.01113316812975658,0.07866668701171875,True,False
commodity_choice,-11.225,-0.45291036101813387,0.15914156890372763,-2.845958878865402,0.011169154806194468,0.07891082763671875,True,False
commodity_choice,-11.2,-0.45163267059823203,0.15877832138737538,-2.8444227565321887,0.011205439315365709,0.07909393310546875,True,False
commodity_choice,-11.175,-0.45035498017833026,0.15841512128026244,-2.8428787387131944,0.011242025117969984,0.07930755615234375,True,False
commodity_choice,-11.15,-0.44907728975842853,0.15805196890922513,-2.8413267664912776,0.011278915725756828,0.079498291015625,True,False
commodity_choice,-11.125,-0.44779959933852664,0.15768886460406736,-2.8397667803803586,0.011316114702431141,0.07968902587890625,True,False
commodity_choice,-11.1,-0.44652190891862475,0.15732580869759394,-2.8381987203187573,0.01135362566457714,0.0798797607421875,True,False
commodity_choice,-11.075,-0.4452442184987229,0.15696280152564426,-2.836622525662425,0.011391452282601659,0.08003997802734375,True,False
commodity_choice,-11.05,-0.4439665280788211,0.1565998434271263,-2.8350381351780904,0.011429598281697088,0.0802154541015625,True,False
commodity_choice,-11.025,-0.44268883765891937,0.15623693474405137,-2.8334454870363137,0.011468067442823747,0.08040618896484375,True,False
commodity_choice,-11.0,-0.4414111472390174,0.15587407582156912,-2.831844518804435,0.011506863603713753,0.08057403564453125,True,False
commodity_choice,-10.975,-0.4401334568191156,0.15551126700800297,-2.8302351674394455,0.011545990659894603,0.080780029296875,True,False
commodity_choice,-10.95,-0.4388557663992136,0.15514850865488633,-2.828617369280733,0.011585452565735253,0.08097076416015625,True,False
commodity_choice,-10.925,-0.43757807597931186,0.15478580111699877,-2.826991060042758,0.01162525333551357,0.0811920166015625,True,False
commodity_choice,-10.9,-0.43630038555941003,0.15442314475240318,-2.8253561748075993,0.011665397044506563,0.08129119873046875,True,False
commodity_choice,-10.875,-0.4350226951395082,0.15406053992248325,-2.823712648017417,0.011705887830103552,0.08148956298828125,True,False
commodity_choice,-10.85,-0.43374500471960636,0.15369798699198134,-2.8220604134668044,0.011746729892942722,0.08164215087890625,True,False
commodity_choice,-10.825,-0.43246731429970436,0.15333548632903699,-2.8203994042950282,0.011787927498072262,0.08191680908203125,True,False
commodity_choice,-10.8,-0.4311896238798027,0.15297303830522596,-2.818729552978174,0.011829484976135752,0.08217620849609375,True,False
commodity_choice,-10.775,-0.4299119334599008,0.15261064329559976,-2.8170507913211615,0.011871406724583257,0.08235931396484375,True,False
commodity_choice,-10.75,-0.4286342430399989,0.15224830167872563,-2.815363050449672,0.011913697208908088,0.0825347900390625,True,False
commodity_choice,-10.725,-0.4273565526200972,0.15188601383672737,-2.813666260801945,0.011956360963910338,0.082763671875,True,False
commodity_choice,-10.7,-0.42607886220019536,0.15152378015532625,-2.8119603521204666,0.01199940259498741,0.082916259765625,True,False
commodity_choice,-10.675,-0.4248011717802936,0.15116160102388296,-2.8102452534435423,0.01204282677945261,0.0831298828125,True,False
commodity_choice,-10.65,-0.4235234813603916,0.15079947683543965,-2.8085208930967496,0.012086638267882258,0.0833282470703125,True,False
commodity_choice,-10.625,-0.4222457909404897,0.15043740798676325,-2.806787198684269,0.012130841885491989,0.08353424072265625,True,False
commodity_choice,-10.6,-0.42096810052058786,0.15007539487838845,-2.805044097080095,0.012175442533543033,0.08377838134765625,True,False
commodity_choice,-10.575,-0.41969041010068603,0.14971343791466218,-2.8032915144191186,0.012220445190779371,0.0839996337890625,True,False
commodity_choice,-10.55,-0.4184127196807842,0.14935153750378807,-2.8015293760880886,0.01226585491489626,0.0842132568359375,True,False
commodity_choice,-10.525,-0.4171350292608823,0.14898969405787177,-2.7997576067164442,0.012311676844040801,0.084442138671875,True,False
commodity_choice,-10.5,-0.4158573388409807,0.14862790799296702,-2.797976130167013,0.012357916198346034,0.0846099853515625,True,False
commodity_choice,-10.475,-0.4145796484210787,0.14826617972912204,-2.796184869526574,0.012404578281498579,0.08484649658203125,True,False
commodity_choice,-10.45,-0.4133019580011769,0.14790450969042687,-2.794383747096306,0.012451668482341006,0.08513641357421875,True,False
commodity_choice,-10.425,-0.4120242675812751,0.14754289830506132,-2.7925726843820646,0.012499192276510163,0.08536529541015625,True,False
commodity_choice,-10.4,-0.41074657716137325,0.14718134600534324,-2.7907516020845575,0.012547155228111413,0.08565521240234375,True,False
commodity_choice,-10.375,-0.4094688867414714,0.14681985322777802,-2.78892042008935,0.012595562991430847,0.0858306884765625,True,False
commodity_choice,-10.35,-0.4081911963215696,0.14645842041310841,-2.787079057456743,0.01264442131268566,0.08597564697265625,True,False
commodity_choice,-10.325,-0.4069135059016677,0.14609704800636514,-2.7852274324114976,0.012693736031813676,0.0861663818359375,True,False
commodity_choice,-10.3,-0.40563581548176586,0.14573573645691826,-2.783365462332419,0.012743513084303585,0.086395263671875,True,False
commodity_choice,-10.275,-0.40435812506186414,0.1453744862185291,-2.781493063741783,0.012793758503066143,0.086639404296875,True,False
commodity_choice,-10.25,-0.4030804346419622,0.14501329774940333,-2.779610152294607,0.012844478420348337,0.08679962158203125,True,False
commodity_choice,-10.225,-0.4018027442220603,0.1446521715122442,-2.777716642767782,0.012895679069690308,0.08698272705078125,True,False
commodity_choice,-10.2,-0.4005250538021585,0.1442911079743071,-2.7758124490490235,0.012947366787927645,0.08716583251953125,True,False
commodity_choice,-10.175,-0.3992473633822567,0.1439301076074544,-2.773897484125684,0.01299954801723902,0.08739471435546875,True,False
commodity_choice,-10.15,-0.39796967296235497,0.14356917088821147,-2.7719716600733846,0.013052229307241045,0.08760833740234375,True,False
commodity_choice,-10.125,-0.3966919825424531,0.1432082982978233,-2.770034888044491,0.01310541731713091,0.08780670166015625,True,False
commodity_choice,-10.1,-0.39541429212255114,0.14284749032231206,-2.768087078256421,0.01315911881787913,0.0879974365234375,True,False
commodity_choice,-10.075,-0.39413660170264936,0.1424867474525352,-2.7661281399797764,0.013213340694472248,0.08820343017578125,True,False
commodity_choice,-10.05,-0.3928589112827474,0.1421260701842448,-2.7641579815263,0.013268089948208198,0.0884246826171875,True,False
commodity_choice,-10.025,-0.3915812208628458,0.14176545901814738,-2.7621765102366687,0.01332337369904471,0.08875274658203125,True,False
commodity_choice,-10.0,-0.3903035304429438,0.14140491445996486,-2.760183632468079,0.01337919918800291,0.08899688720703125,True,False
commodity_choice,-9.975,-0.38902584002304197,0.14104443702049635,-2.758179253581688,0.013435573779626576,0.089263916015625,True,False
commodity_choice,-9.95,-0.38774814960314014,0.14068402721568057,-2.7561632779298337,0.013492504964499852,0.08956146240234375,True,False
commodity_choice,-9.925,-0.3864704591832383,0.14032368556665964,-2.7541356088430886,0.013550000361823822,0.08979034423828125,True,False
commodity_choice,-9.9,-0.3851927687633365,0.13996341259984338,-2.7520961486171105,0.013608067722053876,0.09012603759765625,True,False
commodity_choice,-9.875,-0.3839150783434346,0.1396032088469747,-2.7500447984993026,0.013666714929599956,0.090362548828125,True,False
commodity_choice,-9.85,-0.3826373879235328,0.1392430748451961,-2.7479814586752775,0.01372595000559064,0.0905609130859375,True,False
commodity_choice,-9.825,-0.38135969750363097,0.13888301113711699,-2.745906028255109,0.01378578111070318,0.09081268310546875,True,False
commodity_choice,-9.8,-0.38008200708372913,0.13852301827088181,-2.7438184052593964,0.01384621654806113,0.09108734130859375,True,False
commodity_choice,-9.775,-0.37880431666382736,0.13816309680023955,-2.7417184866051048,0.01390726476620151,0.091339111328125,True,False
commodity_choice,-9.75,-0.3775266262439254,0.13780324728461404,-2.739606168091199,0.013968934362113567,0.091583251953125,True,False
commodity_choice,-9.725,-0.3762489358240236,0.13744347028917533,-2.737481344384069,0.014031234084350067,0.0917816162109375,True,False
commodity_choice,-9.7,-0.37497124540412163,0.13708376638491218,-2.735343909002722,0.014094172836214912,0.0919342041015625,True,False
commodity_choice,-9.675,-0.37369355498421997,0.1367241361487055,-2.7331937543037688,0.014157759679027151,0.09232330322265625,True,False
commodity_choice,-9.65,-0.3724158645643182,0.13636458016340294,-2.731030771466166,0.014222003835465092,0.09258270263671875,True,False
commodity_choice,-9.625,-0.37113817414441624,0.13600509901789476,-2.728854850475746,0.014286914692991549,0.092864990234375,True,False
commodity_choice,-9.6,-0.36986048372451447,0.13564569330719045,-2.726665880109505,0.01435250180736326,0.093109130859375,True,False
commodity_choice,-9.575,-0.36858279330461247,0.13528636363249702,-2.7244637479196427,0.014418774906226657,0.09340667724609375,True,False
commodity_choice,-9.55,-0.3673051028847108,0.1349271106012979,-2.722248340217386,0.014485743892801542,0.09372711181640625,True,False
commodity_choice,-9.525,-0.36602741246480885,0.13456793482743332,-2.7200195420565354,0.014553418849656696,0.0940704345703125,True,False
commodity_choice,-9.5,-0.36474972204490697,0.13420883693118207,-2.717777237216792,0.014621810042578174,0.09441375732421875,True,False
commodity_choice,-9.475,-0.3634720316250053,0.1338498175393442,-2.7155213081868066,0.014690927924534462,0.0947265625,True,False
commodity_choice,-9.45,-0.36219434120510335,0.1334908772853248,-2.713251636146981,0.014760783139740129,0.095001220703125,True,False
commodity_choice,-9.425,-0.3609166507852016,0.1331320168092198,-2.7109681009520092,0.014831386527821214,0.095306396484375,True,False
commodity_choice,-9.4,-0.3596389603652996,0.13277323675790215,-2.7086705811131417,0.014902749128085244,0.09558868408203125,True,False
commodity_choice,-9.375,-0.35836126994539785,0.13241453778510992,-2.7063589537801924,0.014974882183898218,0.09584808349609375,True,False
commodity_choice,-9.35,-0.3570835795254961,0.13205592055153562,-2.704033094723247,0.015047797147173098,0.09619140625,True,False
commodity_choice,-9.325,-0.355805889105594,0.13169738572491668,-2.701692878314112,0.015121505682970876,0.0964813232421875,True,False
commodity_choice,-9.3,-0.3545281986856923,0.13133893398012758,-2.699338177507476,0.015196019674218943,0.09674072265625,True,False
commodity_choice,-9.275,-0.3532505082657904,0.13098056599927313,-2.6969688638217577,0.015271351226549969,0.09697723388671875,True,False
commodity_choice,-9.25,-0.35197281784588874,0.13062228247178345,-2.69458480731969,0.015347512673263904,0.09725189208984375,True,False
commodity_choice,-9.225,-0.3506951274259868,0.13026408409451032,-2.6921858765885727,0.015424516580417862,0.0976104736328125,True,False
commodity_choice,-9.2,-0.34941743700608496,0.1299059715718247,-2.6897719387202526,0.015502375752045862,0.09793853759765625,True,False
commodity_choice,-9.175,-0.3481397465861833,0.1295479456157165,-2.6873428592907587,0.01558110323551463,0.09830474853515625,True,False
commodity_choice,-9.15,-0.34686205616628124,0.12919000694589486,-2.6848985023396437,0.01566071232701668,0.09857940673828125,True,False
commodity_choice,-9.125,-0.34558436574637946,0.12883215628989092,-2.6824387303490043,0.015741216577206577,0.0989227294921875,True,False
commodity_choice,-9.1,-0.3443066753264775,0.12847439438316194,-2.6799634042221485,0.01582262979698443,0.0992584228515625,True,False
commodity_choice,-9.075,-0.3430289849065758,0.1281167219691965,-2.6774723832619705,0.015904966063429313,0.099609375,True,False
commodity_choice,-9.05,-0.34175129448667396,0.1277591397996221,-2.6749655251489477,0.01598823972588929,0.0999298095703125,True,False
commodity_choice,-9.025,-0.3404736040667721,0.1274016486343139,-2.6724426859188233,0.016072465412230716,0.100372314453125,True,False
commodity_choice,-9.0,-0.33919591364687024,0.1270442492415056,-2.6699037199399207,0.016157658035252865,0.10056304931640625,True,False
commodity_choice,-8.975,-0.3379182232269683,0.12668694239790154,-2.6673484798901077,0.01624383279927194,0.10089111328125,True,False
commodity_choice,-8.95,-0.3366405328070665,0.1263297288887911,-2.6647768167334025,0.016331005206879617,0.10114288330078125,True,False
commodity_choice,-8.925,-0.33536284238716463,0.12597260950816463,-2.6621885796961986,0.01641919106588225,0.10144805908203125,True,False
commodity_choice,-8.9,-0.3340851519672629,0.125615585058831,-2.659583616243135,0.01650840649642427,0.10181427001953125,True,False
commodity_choice,-8.875,-0.332807461547361,0.12525865635253758,-2.656961772052561,0.016598667938303457,0.1021575927734375,True,False
commodity_choice,-8.85,-0.3315297711274591,0.12490182421009155,-2.6543228909916343,0.016689992158482023,0.1024017333984375,True,False
commodity_choice,-8.825,-0.33025208070755735,0.12454508946148353,-2.6516668150910134,0.01678239625880043,0.10271453857421875,True,False
commodity_choice,-8.8,-0.3289743902876555,0.12418845294601301,-2.6489933845191445,0.01687589768390025,0.10311126708984375,True,False
commodity_choice,-8.775,-0.3276966998677538,0.12383191551241562,-2.646302437556159,0.016970514229361095,0.10347747802734375,True,False
commodity_choice,-8.75,-0.32641900944785185,0.123475478018993,-2.6435938105673262,0.01706626405005981,0.10391998291015625,True,False
commodity_choice,-8.725,-0.3251413190279499,0.12311914133374394,-2.6408673379761187,0.01716316566875721,0.10433197021484375,True,False
commodity_choice,-8.7,-0.3238636286080482,0.12276290633449836,-2.638122852236818,0.017261237984920744,0.10471343994140625,True,False
commodity_choice,-8.675,-0.32258593818814635,0.12240677390905312,-2.6353601838066916,0.017360500283789104,0.10504150390625,True,False
commodity_choice,-8.65,-0.32130824776824446,0.12205074495530983,-2.632579161117737,0.01746097224568669,0.105377197265625,True,False
commodity_choice,-8.625,-0.32003055734834257,0.12169482038141535,-2.629779610547961,0.01756267395559564,0.10564422607421875,True,False
commodity_choice,-8.6,-0.31875286692844085,0.12133900110590419,-2.626961356392201,0.017665625912993924,0.1060028076171875,True,False
commodity_choice,-8.575,-0.317475176508539,0.12098328805784338,-2.624124220832474,0.017769849041966615,0.10639190673828125,True,False
commodity_choice,-8.55,-0.3161974860886371,0.12062768217697968,-2.6212680239078616,0.01787536470159992,0.10671234130859375,True,False
commodity_choice,-8.525,-0.3149197956687353,0.12027218441388908,-2.6183925834839017,0.017982194696665746,0.107086181640625,True,False
commodity_choice,-8.5,-0.31364210524883335,0.11991679573012899,-2.6154977152214802,0.01809036128860766,0.10752105712890625,True,False
commodity_choice,-8.475,-0.3123644148289316,0.11956151709839266,-2.6125832325452394,0.018199887206835196,0.10782623291015625,True,False
commodity_choice,-8.45,-0.31108672440902974,0.1192063495026662,-2.6096489466114545,0.01831079566033883,0.10819244384765625,True,False
commodity_choice,-8.425,-0.3098090339891279,0.1188512939383884,-2.606694666275409,0.018423110349633533,0.1086273193359375,True,False
commodity_choice,-8.4,-0.3085313435692261,0.11849635141261272,-2.6037201980582343,0.01853685547904322,0.109100341796875,True,False
commodity_choice,-8.375,-0.3072536531493242,0.11814152294417245,-2.6007253461132063,0.018652055769335058,0.10955810546875,True,False
commodity_choice,-8.35,-0.3059759627294224,0.11778680956384828,-2.59770991219151,0.018768736470716623,0.1100006103515625,True,False
commodity_choice,-8.325,-0.3046982723095204,0.11743221231453879,-2.5946736956074274,0.01888692337620647,0.110443115234375,True,False
commodity_choice,-8.3,-0.30342058188961873,0.11707773225143366,-2.591616493202987,0.019006642835389508,0.11087799072265625,True,False
commodity_choice,-8.275,-0.30214289146971696,0.11672337044218982,-2.5885380993120037,0.019127921768571695,0.1113433837890625,True,False
commodity_choice,-8.25,-0.300865201049815,0.11636912796711066,-2.5854383057235624,0.019250787681344514,0.111846923828125,True,False
commodity_choice,-8.225,-0.29958751062991323,0.11601500591932791,-2.582316901644897,0.019375268679573537,0.11229705810546875,True,False
commodity_choice,-8.2,-0.2983098202100113,0.11566100540498699,-2.5791736736636475,0.019501393484826036,0.11270904541015625,True,False
commodity_choice,-8.175,-0.29703212979010957,0.11530712754343497,-2.5760084057095316,0.019629191450249182,0.11309051513671875,True,False
commodity_choice,-8.15,-0.2957544393702077,0.11495337346741222,-2.572820879015353,0.019758692576916616,0.11358642578125,True,False
commodity_choice,-8.125,-0.2944767489503059,0.11459974432324678,-2.569610872077406,0.019889927530656007,0.1139678955078125,True,False
commodity_choice,-8.1,-0.29319905853040396,0.11424624127105246,-2.5663781606152,0.020022927659375696,0.11450958251953125,True,False
commodity_choice,-8.075,-0.2919213681105022,0.11389286548492994,-2.5631225175305525,0.02015772501090519,0.11490631103515625,True,False
commodity_choice,-8.05,-0.29064367769060045,0.11353961815317146,-2.5598437128659834,0.020294352351367426,0.11527252197265625,True,False
commodity_choice,-8.025,-0.28936598727069857,0.11318650047846886,-2.5565415137624456,0.02043284318410008,0.11574554443359375,True,False
commodity_choice,-8.0,-0.28808829685079673,0.11283351367812533,-2.553215684416353,0.02057323176914411,0.1161956787109375,True,False
commodity_choice,-7.975,-0.28681060643089484,0.11248065898427063,-2.5498659860358983,0.02071555314331907,0.1167144775390625,True,False
commodity_choice,-7.95,-0.285532916010993,0.11212793764407994,-2.5464921767966575,0.020859843140903594,0.11724090576171875,True,False
commodity_choice,-7.925,-0.28425522559109123,0.11177535091999662,-2.5430940117964593,0.02100613841494277,0.11768341064453125,True,False
commodity_choice,-7.9,-0.28297753517118934,0.11142290008995874,-2.5396712430095043,0.02115447645920287,0.11827850341796875,True,False
commodity_choice,-7.875,-0.28169984475128745,0.1110705864476292,-2.536223619239748,0.021304895630794036,0.11870574951171875,True,False
commodity_choice,-7.85,-0.28042215433138556,0.11071841130263041,-2.5327508860734835,0.021457435173486968,0.11919403076171875,True,False
commodity_choice,-7.825,-0.2791444639114838,0.11036637598078236,-2.529252785831167,0.021612135241742356,0.1197052001953125,True,False
commodity_choice,-7.8,-0.27786677349158195,0.11001448182434534,-2.525729057518428,0.021769036925482245,0.120025634765625,True,False
commodity_choice,-7.775,-0.2765890830716801,0.10966273019226644,-2.5221794367762835,0.02192818227562477,0.1206207275390625,True,False
commodity_choice,-7.75,-0.27531139265177823,0.1093111224604306,-2.5186036558305207,0.0220896143304105,0.121063232421875,True,False
commodity_choice,-7.725,-0.2740337022318764,0.1089596600219159,-2.515001443440241,0.022253377142547187,0.12158203125,True,False
commodity_choice,-7.7,-0.2727560118119747,0.10860834428725336,-2.5113725248455543,0.022419515807200904,0.12213134765625,True,False
commodity_choice,-7.675,-0.2714783213920728,0.10825717668469115,-2.5077166217144016,0.022588076490862825,0.12252044677734375,True,False
commodity_choice,-7.65,-0.270200630972171,0.10790615866046356,-2.50403345208851,0.022759106461121784,0.12317657470703125,True,False
commodity_choice,-7.625,-0.26892294055226906,0.10755529167906451,-2.500322730328428,0.022932654117374943,0.12375640869140625,True,False
commodity_choice,-7.6,-0.2676452501323673,0.10720457722352607,-2.4965841670576774,0.02310876902250804,0.124420166015625,True,False
commodity_choice,-7.575,-0.26636755971246545,0.10685401679570176,-2.4928174691059453,0.023287501935580615,0.1249237060546875,True,False
commodity_choice,-7.55,-0.2650898692925636,0.1065036119165546,-2.489022339451371,0.02346890484554916,0.12548828125,True,False
commodity_choice,-7.525,-0.2638121788726618,0.1061533641264508,-2.48519847716184,0.023653031006067627,0.1259918212890625,True,False
commodity_choice,-7.5,-0.2625344884527599,0.10580327498545798,-2.48134557733533,0.02383993497140052,0.12652587890625,True,False
commodity_choice,-7.475,-0.261256798032858,0.1054533460736493,-2.47746333103925,0.024029672633489756,0.127105712890625,True,False
commodity_choice,-7.45,-0.25997910761295623,0.10510357899141243,-2.473551425248783,0.024222301260215122,0.12763214111328125,True,False
commodity_choice,-7.425,-0.25870141719305434,0.10475397535976434,-2.4696095427841938,0.024417879534891954,0.12822723388671875,True,False
commodity_choice,-7.4,-0.25742372677315256,0.10440453682067159,-2.4656373622471155,0.024616467597047737,0.12872314453125,True,False
commodity_choice,-7.375,-0.2561460363532506,0.10405526503737637,-2.461634557955752,0.024818127084527384,0.129241943359375,True,False
commodity_choice,-7.35,-0.2548683459333489,0.10370616169472831,-2.4576007998790357,0.025022921176969668,0.12985992431640625,True,False
commodity_choice,-7.325,-0.2535906555134471,0.10335722849952218,-2.453535753569664,0.02523091464070939,0.13037872314453125,True,False
commodity_choice,-7.3,-0.25231296509354517,0.10300846718084179,-2.449439080096049,0.02544217387515225,0.1309356689453125,True,False
commodity_choice,-7.275,-0.25103527467364334,0.10265987949041,-2.445310435973129,0.025656766960678392,0.131500244140625,True,False
commodity_choice,-7.25,-0.2497575842537415,0.10231146720294486,-2.4411494730920316,0.025874763708129005,0.1320037841796875,True,False
commodity_choice,-7.225,-0.24847989383383964,0.1019632321165224,-2.4369558386485797,0.02609623570993394,0.13257598876953125,True,False
commodity_choice,-7.2,-0.2472022034139378,0.10161517605294602,-2.432729175070606,0.026321256392939522,0.13330841064453125,True,False
commodity_choice,-7.175,-0.2459245129940359,0.10126730085812212,-2.428469119944077,0.0265499010729987,0.1338958740234375,True,False
commodity_choice,-7.15,-0.24464682257413412,0.10091960840244299,-2.4241753059379874,0.026782247011389173,0.1346435546875,True,False
commodity_choice,-7.125,-0.24336913215423234,0.10057210058117647,-2.419847360728015,0.027018373473125874,0.13532257080078125,True,False
commodity_choice,-7.1,-0.24209144173433045,0.10022477931486268,-2.4154849069189206,0.027258361787236757,0.136138916015625,True,False
commodity_choice,-7.075,-0.24081375131442864,0.09987764654971802,-2.411087561965671,0.027502295409075866,0.1369476318359375,True,False
commodity_choice,-7.05,-0.23953606089452675,0.09953070425804635,-2.4066549380932565,0.02775025998474846,0.13750457763671875,True,False
commodity_choice,-7.025,-0.23825837047462492,0.09918395443865802,-2.4021866422151965,0.028002343417726203,0.13800048828125,True,False
commodity_choice,-7.0,-0.2369806800547231,0.09883739911729622,-2.3976822758507033,0.02825863593773467,0.13866424560546875,True,False
commodity_choice,-6.975,-0.23570298963482123,0.09849104034707135,-2.393141435040491,0.028519230171997045,0.13933563232421875,True,False
commodity_choice,-6.95,-0.23442529921491942,0.09814488020890336,-2.388563710261202,0.028784221218923288,0.14014434814453125,True,False
commodity_choice,-6.925,-0.23314760879501753,0.09779892081197193,-2.383948686338439,0.029053706724334927,0.14084625244140625,True,False
commodity_choice,-6.9,-0.23186991837511578,0.0974531642941754,-2.3792959423583766,0.02932778696032205,0.14154052734375,True,False
commodity_choice,-6.875,-0.23059222795521386,0.09710761282259771,-2.374605051577926,0.02960656490683106,0.1423797607421875,True,False
commodity_choice,-6.85,-0.22931453753531209,0.09676226859398428,-2.3698755813334516,0.029890146336086335,0.14307403564453125,True,False
commodity_choice,-6.825,-0.2280368471154102,0.09641713383522654,-2.365107092947993,0.030178639899953473,0.14374542236328125,True,False
commodity_choice,-6.8,-0.22675915669550836,0.09607221080385545,-2.360299141636994,0.030472157220354484,0.1445770263671875,True,False
commodity_choice,-6.775,-0.22548146627560653,0.09572750178854406,-2.3554512764125057,0.03077081298285231,0.14530181884765625,True,False
commodity_choice,-6.75,-0.22420377585570467,0.09538300910961967,-2.35056303998584,0.03107472503352532,0.14595794677734375,True,False
commodity_choice,-6.725,-0.2229260854358028,0.09503873511958522,-2.345633968668666,0.03138401447925613,0.14665985107421875,True,False
commodity_choice,-6.7,-0.22164839501590103,0.09469468220365067,-2.3406635922725134,0.03169880579156681,0.1474761962890625,True,False
commodity_choice,-6.675,-0.2203707045959991,0.09435085278027393,-2.335651434006671,0.03201922691413618,0.14825439453125,True,False
commodity_choice,-6.65,-0.2190930141760973,0.09400724930171224,-2.330597010374462,0.03234540937413951,0.1490631103515625,True,False
commodity_choice,-6.625,-0.2178153237561955,0.09366387425458354,-2.325499831067862,0.03267748839756012,0.1499481201171875,True,False
commodity_choice,-6.6,-0.21653763333629364,0.09332073016043871,-2.320359398860448,0.03301560302862391,0.15068817138671875,True,False
commodity_choice,-6.575,-0.21525994291639183,0.09297781957634418,-2.3151752094986664,0.03335989625351727,0.15152740478515625,True,False
commodity_choice,-6.55,-0.21398225249648997,0.09263514509547563,-2.309946751591379,0.033710515128554504,0.15234375,True,False
commodity_choice,-6.525,-0.21270456207658817,0.09229270934772286,-2.3046735064976853,0.0340676109129671,0.15329742431640625,True,False
commodity_choice,-6.5,-0.21142687165668628,0.09195051500030599,-2.2993549482129896,0.03443133920649393,0.15421295166015625,True,False
commodity_choice,-6.475,-0.21014918123678447,0.09160856475840322,-2.2939905432532997,0.03480186009196063,0.1551361083984375,True,False
commodity_choice,-6.45,-0.20887149081688264,0.09126686136579057,-2.2885797505377306,0.035179338283042615,0.15602874755859375,True,False
commodity_choice,-6.425,-0.2075938003969808,0.09092540760549346,-2.2831220212692074,0.035563943277412316,0.15689849853515625,True,False
commodity_choice,-6.4,-0.20631610997707905,0.09058420630045083,-2.2776167988133293,0.035955849515484764,0.1577301025390625,True,False
commodity_choice,-6.375,-0.20503841955717714,0.09024326031419168,-2.2720635185753895,0.036355236544978145,0.15860748291015625,True,False
commodity_choice,-6.35,-0.20376072913727525,0.08990257255152437,-2.2664616078755393,0.036762289191518256,0.1593475341796875,True,False
commodity_choice,-6.325,-0.20248303871737344,0.08956214595923918,-2.260810485822056,0.03717719773552619,0.16019439697265625,True,False
commodity_choice,-6.3,-0.2012053482974716,0.08922198352682391,-2.2551095631827187,0.037600158095634294,0.16109466552734375,True,False
commodity_choice,-6.275,-0.1999276578775698,0.08888208828719335,-2.249358242254267,0.038031372018888454,0.16188812255859375,True,False
commodity_choice,-6.25,-0.19864996745766791,0.08854246331743226,-2.24355591672993,0.03847104727800548,0.1629486083984375,True,False
commodity_choice,-6.225,-0.19737227703776605,0.08820311173955295,-2.237701971565005,0.038919397875963,0.16381072998046875,True,False
commodity_choice,-6.2,-0.19609458661786425,0.08786403672126669,-2.2317957828404817,0.03937664425821225,0.16474151611328125,True,False
commodity_choice,-6.175,-0.1948168961979624,0.08752524147677032,-2.225836717624685,0.03984301353281616,0.165618896484375,True,False
commodity_choice,-6.15,-0.19353920577806058,0.08718672926754754,-2.2198241338329376,0.04031873969882503,0.16656494140625,True,False
commodity_choice,-6.125,-0.19226151535815875,0.08684850340318548,-2.213757380085226,0.04080406388321825,0.167572021484375,True,False
commodity_choice,-6.1,-0.19098382493825686,0.08651056724220704,-2.207635795561852,0.04129923458675041,0.16851806640625,True,False
commodity_choice,-6.075,-0.18970613451835505,0.0861729241929189,-2.201458709857078,0.04180450793905574,0.1695556640625,True,False
commodity_choice,-6.05,-0.18842844409845314,0.08583557771427583,-2.195225442830735,0.042320147963378664,0.170562744140625,True,False
commodity_choice,-6.025,-0.18715075367855138,0.08549853131676147,-2.188935304457816,0.04284642685131178,0.1716461181640625,True,False
commodity_choice,-6.0,-0.18587306325864955,0.08516178856328588,-2.182587594676016,0.043383625247940615,0.1727142333984375,True,False
commodity_choice,-5.975,-0.18459537283874763,0.08482535307010045,-2.1761816032312455,0.04393203254780588,0.17369842529296875,True,False
commodity_choice,-5.95,-0.18331768241884583,0.08448922850772993,-2.169716609521107,0.04449194720211493,0.17481231689453125,True,False
commodity_choice,-5.925,-0.182039991998944,0.08415341860192264,-2.163191882436312,0.045063677037649255,0.17586517333984375,True,False
commodity_choice,-5.9,-0.1807623015790422,0.08381792713461875,-2.156606680200078,0.0456475395878301,0.17691802978515625,True,False
commodity_choice,-5.875,-0.1794846111591403,0.08348275794493681,-2.149960250205485,0.046243862436426926,0.17807769775390625,True,False
commodity_choice,-5.85,-0.1782069207392385,0.08314791493017955,-2.143251828850805,0.04685298357440747,0.1791839599609375,True,False
commodity_choice,-5.825,-0.1769292303193366,0.08281340204685872,-2.136480641372804,0.04747525177045382,0.1802520751953125,True,False
commodity_choice,-5.8,-0.17565153989943483,0.08247922331173932,-2.1296459016780562,0.04811102695567959,0.18138885498046875,True,False
commodity_choice,-5.775,-0.174373849479533,0.08214538280290427,-2.122746812172235,0.04876068062311504,0.18247222900390625,True,False
commodity_choice,-5.75,-0.17309615905963113,0.08181188466083895,-2.115782563587456,0.04942459624253847,0.18364715576171875,True,False
commodity_choice,-5.725,-0.17181846863972922,0.08147873308953671,-2.108752334807642,0.05010316969126116,0.18475341796875,True,True
commodity_choice,-5.7,-0.1705407782198275,0.08114593235762549,-2.1016552926919614,0.05079680970149195,0.18605804443359375,True,True
commodity_choice,-5.675,-0.1692630877999256,0.08081348679951579,-2.094490591896349,0.05150593832493252,0.18719482421875,True,True
commodity_choice,-5.65,-0.1679853973800238,0.08048140081657075,-2.087257374693165,0.05223099141527646,0.18830108642578125,True,True
commodity_choice,-5.625,-0.16670770696012194,0.08014967887829824,-2.0799547707889894,0.05297241912931304,0.18949127197265625,True,True
commodity_choice,-5.6,-0.1654300165402201,0.07981832552356607,-2.0725818971406196,0.053730686447358074,0.1906585693359375,True,True
commodity_choice,-5.575,-0.16415232612031827,0.07948734536183989,-2.0651378577692965,0.054506273713763126,0.1918792724609375,True,True
commodity_choice,-5.55,-0.16287463570041635,0.07915674307444485,-2.0576217435732165,0.05529967719827789,0.193145751953125,True,True
commodity_choice,-5.525,-0.16159694528051458,0.07882652341585132,-2.0500326321383704,0.056111409679069614,0.1944122314453125,True,True
commodity_choice,-5.5,-0.16031925486061271,0.07849669121498466,-2.0423695875477677,0.056942001048230065,0.1957550048828125,True,True
commodity_choice,-5.475,-0.15904156444071088,0.07816725137656028,-2.0346316601891172,0.057791998940627226,0.19708251953125,True,True
commodity_choice,-5.45,-0.15776387402080913,0.07783820888244342,-2.0268178865610196,0.058661969386989365,0.19837188720703125,True,True
commodity_choice,-5.425,-0.1564861836009072,0.0775095687930351,-2.0189272890777437,0.05955249749213688,0.19959259033203125,True,True
commodity_choice,-5.4,-0.1552084931810054,0.07718133624868388,-2.0109588758726895,0.0604641881393023,0.20093536376953125,True,True
commodity_choice,-5.375,-0.15393080276110355,0.07685351647112434,-2.0029116406005825,0.06139766672151716,0.202301025390625,True,True
commodity_choice,-5.35,-0.15265311234120169,0.07652611476494266,-1.9947845622385305,0.06235357990106297,0.20349884033203125,True,True
commodity_choice,-5.325,-0.15137542192129988,0.07619913651906948,-1.9865766048860265,0.06333259639801929,0.2048187255859375,True,True
commodity_choice,-5.3,-0.15009773150139802,0.07587258720830083,-1.978286717564003,0.06433540780897072,0.20629119873046875,True,True
commodity_choice,-5.275,-0.14882004108149624,0.07554647239484752,-1.9699138340130649,0.06536272945695779,0.20777130126953125,True,True
commodity_choice,-5.25,-0.14754235066159432,0.07522079772991323,-1.961456872491008,0.06641530127379479,0.20920562744140625,True,True
commodity_choice,-5.225,-0.14626466024169255,0.07489556895530199,-1.95291473556979,0.06749388871589249,0.2107391357421875,True,True
commodity_choice,-5.2,-0.14498696982179066,0.07457079190505549,-1.9442863099320438,0.06859928371476612,0.21221160888671875,True,True
commodity_choice,-5.175,-0.14370927940188882,0.07424647250712048,-1.935570466167354,0.0697323056634173,0.2135772705078125,True,True
commodity_choice,-5.15,-0.14243158898198702,0.07392261678504708,-1.9267660585683948,0.07089380243982105,0.2150115966796875,True,True
commodity_choice,-5.125,-0.14115389856208518,0.07359923085971798,-1.9178719249271523,0.07208465146875576,0.21651458740234375,True,True
commodity_choice,-5.1,-0.13987620814218332,0.07327632095110959,-1.908886886331392,0.07330576082324776,0.218292236328125,True,True
commodity_choice,-5.075,-0.1385985177222815,0.07295389338008491,-1.8998097469615838,0.07455807036691398,0.21967315673828125,True,True
commodity_choice,-5.05,-0.13732082730237963,0.0726319545702192,-1.8906392938884833,0.0758425529385031,0.2209625244140625,True,True
commodity_choice,-5.025,-0.1360431368824778,0.07231051104965858,-1.8813742968716045,0.07716021557995387,0.22267913818359375,True,True
commodity_choice,-5.0,-0.13476544646257602,0.07198956945301184,-1.872013508158824,0.07851210080929007,0.2243499755859375,True,True
commodity_choice,-4.975,-0.1334877560426741,0.07166913652327656,-1.8625556622873531,0.07989928793968848,0.2260284423828125,True,True
commodity_choice,-4.95,-0.1322100656227723,0.07134921911379909,-1.8529994758863815,0.08132289444604367,0.22759246826171875,True,True
commodity_choice,-4.925,-0.13093237520287043,0.07102982419026942,-1.843343647481634,0.08278407738036536,0.22908782958984375,True,True
commodity_choice,-4.9,-0.1296546847829686,0.07071095883275148,-1.8335868573021796,0.08428403483731912,0.23070526123046875,True,True
commodity_choice,-4.875,-0.12837699436306674,0.07039263023774846,-1.8237277670897973,0.08582400747121209,0.23230743408203125,True,True
commodity_choice,-4.85,-0.12709930394316493,0.07007484572030465,-1.813765019911233,0.08740528006570163,0.23397064208984375,True,True
commodity_choice,-4.825,-0.1258216135232631,0.0697576127161433,-1.8036972399737166,0.08902918315746791,0.23569488525390625,True,True
commodity_choice,-4.8,-0.12454392310336124,0.06944093878384128,-1.793523032444116,0.09069709471505148,0.23743438720703125,True,True
commodity_choice,-4.775,-0.12326623268345943,0.0691248316070409,-1.7832409832721214,0.09241044187400248,0.23918914794921875,True,True
commodity_choice,-4.75,-0.12198854226355756,0.06880929899669917,-1.772849659017881,0.09417070272942957,0.240814208984375,True,True
commodity_choice,-4.725,-0.1207108518436557,0.06849434889337476,-1.7623476066845518,0.09597940818694586,0.24254608154296875,True,True
commodity_choice,-4.7,-0.1194331614237539,0.06817998936955305,-1.7517333535562098,0.09783814387293219,0.24462890625,True,True
commodity_choice,-4.675,-0.11815547100385206,0.06786622863200963,-1.7410054070416272,0.09974855210492027,0.246246337890625,True,True
commodity_choice,-4.65,-0.11687778058395022,0.0675530750242123,-1.7301622545244464,0.10171233392277347,0.24810791015625,True,True
commodity_choice,-4.625,-0.11560009016404839,0.06724053702876207,-1.7192023632202786,0.10373125118120208,0.249969482421875,True,True
commodity_choice,-4.6,-0.11432239974414653,0.06692862326987316,-1.7081241800413205,0.10580712870397745,0.25180816650390625,True,True
commodity_choice,-4.575,-0.1130447093242447,0.06661734251589227,-1.6969261314690944,0.1079418565000251,0.25359344482421875,True,True
commodity_choice,-4.55,-0.11176701890434283,0.06630670368185726,-1.6856066234359401,0.11013739204135366,0.2556610107421875,True,True
commodity_choice,-4.525,-0.11048932848444105,0.06599671583209545,-1.674164041215942,0.11239576260254222,0.25748443603515625,True,True
commodity_choice,-4.5,-0.10921163806453918,0.0656873881828613,-1.662596749325983,0.11471906766122154,0.25957489013671875,True,True
commodity_choice,-4.475,-0.1079339476446373,0.06537873010501406,-1.650903091437678,0.11710948135868719,0.2616424560546875,True,True
commodity_choice,-4.45,-0.10665625722473548,0.06507075112673477,-1.6390813903009491,0.11956925501942976,0.2637176513671875,True,True
commodity_choice,-4.425,-0.10537856680483364,0.06476346093628299,-1.6271299476800583,0.12210071972798893,0.265716552734375,True,True
commodity_choice,-4.4,-0.10410087638493185,0.06445686938479303,-1.6150470443029585,0.12470628896110006,0.26796722412109375,True,True
commodity_choice,-4.375,-0.10282318596502998,0.06415098648910941,-1.6028309398248421,0.12738846127264036,0.27013397216796875,True,True
commodity_choice,-4.35,-0.10154549554512811,0.06384582243466166,-1.5904798728068295,0.13014982302834355,0.2722625732421875,True,True
commodity_choice,-4.325,-0.10026780512522629,0.06354138757837768,-1.5779920607107758,0.13299305118668048,0.274566650390625,True,True
commodity_choice,-4.3,-0.09899011470532447,0.06323769245163591,-1.5653656999112036,0.13592091612165985,0.27669525146484375,True,True
commodity_choice,-4.275,-0.0977124242854226,0.06293474776325546,-1.5525989657254515,0.1389362844826017,0.2788238525390625,True,True
commodity_choice,-4.25,-0.09643473386552075,0.06263256440252386,-1.5396900124631459,0.14204212208516478,0.2810516357421875,True,True
commodity_choice,-4.225,-0.0951570434456189,0.06233115344226213,-1.5266369734961454,0.1452414968270713,0.28350830078125,True,True
commodity_choice,-4.2,-0.09387935302571711,0.06203052614192607,-1.5134379613502036,0.14853758162104128,0.28604888916015625,True,True
commodity_choice,-4.175,-0.09260166260581522,0.06173069395074329,-1.5000910678195967,0.1519336573364538,0.288482666015625,True,True
commodity_choice,-4.15,-0.09132397218591344,0.06143166851088543,-1.4865943641060508,0.1554331157401557,0.29082489013671875,True,True
commodity_choice,-4.125,-0.09004628176601161,0.06113346166067407,-1.4729459009833328,0.1590394624256531,0.29328155517578125,True,True
commodity_choice,-4.1,-0.08876859134610975,0.06083608543781986,-1.4591437089889603,0.16275631971863183,0.29587554931640625,True,True
commodity_choice,-4.075,-0.08749090092620794,0.06053955208269337,-1.445185798644507,0.16658742954537045,0.29872894287109375,True,True
commodity_choice,-4.05,-0.08621321050630606,0.06024387404162673,-1.4310701607060543,0.1705366562491013,0.30141448974609375,True,True
commodity_choice,-4.025,-0.08493552008640425,0.05994906397024433,-1.4167947664464273,0.1746079893377604,0.30425262451171875,True,True
commodity_choice,-4.0,-0.0836578296665024,0.05965513473682146,-1.4023575679708515,0.178805546144838,0.30699920654296875,True,True
commodity_choice,-3.975,-0.08238013924660055,0.05936209942566902,-1.3877564985678084,0.18313357438316863,0.3100128173828125,True,True
commodity_choice,-3.95,-0.08110244882669872,0.059069971340542586,-1.372989473096869,0.18759645456951582,0.3131561279296875,True,True
commodity_choice,-3.925,-0.07982475840679686,0.05877876400807393,-1.358054388415381,0.19219870229568292,0.3161163330078125,True,True
commodity_choice,-3.9,-0.07854706798689501,0.058488491181222894,-1.3429491238459526,0.19694497031961228,0.31952667236328125,True,True
commodity_choice,-3.875,-0.07726937756699317,0.05819916684274737,-1.3276715416867224,0.20184005044754616,0.3228912353515625,True,True
commodity_choice,-3.85,-0.07599168714709136,0.057910805208688985,-1.3122194877664988,0.2068888751757752,0.326202392578125,True,True
commodity_choice,-3.825,-0.07471399672718952,0.05762342073187177,-1.2965907920469024,0.21209651905782223,0.32975006103515625,True,True
commodity_choice,-3.8,-0.07343630630728767,0.057337028105411206,-1.2807832692737189,0.21746819976009746,0.3331756591796875,True,True
commodity_choice,-3.775,-0.07215861588738583,0.05705164226623049,-1.2647947196797404,0.22300927876610568,0.3367156982421875,True,True
commodity_choice,-3.75,-0.07088092546748398,0.05676727839858078,-1.2486229297414415,0.22872526168620322,0.34050750732421875,True,True
commodity_choice,-3.725,-0.06960323504758213,0.05648395193756216,-1.2322656729918995,0.23462179812670877,0.34471893310546875,True,True
commodity_choice,-3.7,-0.0683255446276803,0.05620167857264144,-1.2157207108924442,0.24070468106885776,0.34868621826171875,True,True
commodity_choice,-3.675,-0.06704785420777847,0.05592047425116305,-1.198985793765581,0.24697984570467982,0.35303497314453125,True,True
commodity_choice,-3.65,-0.06577016378787665,0.05564035518184886,-1.182058661791799,0.2534533676734057,0.35689544677734375,True,True
commodity_choice,-3.625,-0.0644924733679748,0.05536133783828219,-1.1649370460729447,0.2601314606384544,0.36135101318359375,True,True
commodity_choice,-3.6,-0.06321478294807295,0.05508343896237191,-1.1476186697648934,0.26702047314149235,0.3660888671875,True,True
commodity_choice,-3.575,-0.06193709252817112,0.05480667556779106,-1.1301012492823133,0.274126884666483,0.37107086181640625,True,True
commodity_choice,-3.55,-0.06065940210826928,0.05453106494338501,-1.112382495578379,0.281457300843108,0.3760223388671875,True,True
commodity_choice,-3.525,-0.05938171168836745,0.05425662465654365,-1.0944601155023324,0.2890184477154996,0.3806304931640625,True,True
commodity_choice,-3.5,-0.05810402126846559,0.053983372556531344,-1.0763318132378465,0.29681716499889493,0.3861541748046875,True,True
commodity_choice,-3.475,-0.05682633084856377,0.05371132677776895,-1.0579952918251894,0.30486039824369127,0.3920440673828125,True,True
commodity_choice,-3.45,-0.055548640428661936,0.05344050574306081,-1.03944825477021,0.3131551898235067,0.39774322509765625,True,True
commodity_choice,-3.425,-0.05427095000876006,0.05317092816676013,-1.02068840774323,0.3217086686612736,0.40357208251953125,True,True
commodity_choice,-3.4,-0.052993259588858234,0.052902613057865415,-1.001713460370921,0.3305280386052598,0.40956878662109375,True,True
commodity_choice,-3.375,-0.05171556916895641,0.052635579723040164,-0.9825211281242706,0.3396205653652387,0.4160919189453125,True,True
commodity_choice,-3.35,-0.050437878749054574,0.052369847769547846,-0.9631091343057774,0.3489935619179665,0.423004150390625,True,True
commodity_choice,-3.325,-0.04916018832915274,0.052105437108093934,-0.9434752121389711,0.3586543722907641,0.429779052734375,True,True
commodity_choice,-3.3,-0.04788249790925087,0.05184236795556569,-0.9236171069633848,0.3686103536324549,0.4369354248046875,True,True
commodity_choice,-3.275,-0.04660480748934904,0.05158066083766098,-0.9035325785380616,0.37886885648231283,0.444061279296875,True,True
commodity_choice,-3.25,-0.0453271170694472,0.051320336591396,-0.8832194034566487,0.38943720315016606,0.4522247314453125,True,True
commodity_choice,-3.225,-0.04404942664954538,0.051061416367482015,-0.8626753776771034,0.4003226641244989,0.46044921875,True,True
commodity_choice,-3.2,-0.042771736229643545,0.05080392163256059,-0.8418983191689446,0.4115324324305062,0.46855926513671875,True,True
commodity_choice,-3.175,-0.04149404580974168,0.050547874171286096,-0.8208860706809411,0.4230735958666504,0.47754669189453125,True,True
commodity_choice,-3.15,-0.040216355389839864,0.05029329608824423,-0.7996365026320119,0.43495310705660917,0.48633575439453125,True,True
commodity_choice,-3.125,-0.03893866496993801,0.050040209809694536,-0.7781475161280046,0.44717775126366605,0.49596405029296875,True,True
commodity_choice,-3.1,-0.037660974550036176,0.04978863808512452,-0.7564170461069157,0.459754111926777,0.505615234375,True,True
commodity_choice,-3.075,-0.03638328413013434,0.04953860398860259,-0.7344430646149231,0.4726885338919308,0.515960693359375,True,True
commodity_choice,-3.05,-0.03510559371023247,0.04929013091991627,-0.7122235842154688,0.4859870843290901,0.5268402099609375,True,True
commodity_choice,-3.025,-0.03382790329033065,0.049043242605482346,-0.689756661533411,0.49965551134416747,0.5370407104492188,True,True
commodity_choice,-3.0,-0.0325502128704288,0.04879796309901394,-0.6670404009360493,0.5136992003172155,0.5478286743164062,True,True
commodity_choice,-2.975,-0.03127252245052698,0.04855431678193064,-0.6440729583525922,0.5281231280224211,0.559112548828125,True,True
commodity_choice,-2.95,-0.02999483203062515,0.04831232836349572,-0.6208525452333389,0.5429318146126626,0.5717620849609375,True,True
commodity_choice,-2.925,-0.028717141610723265,0.04807202288066531,-0.5973774326495708,0.5581292735813184,0.5847930908203125,True,True
commodity_choice,-2.9,-0.02743945119082146,0.04783342569763327,-0.5736459555347951,0.5737189598467225,0.59893798828125,True,True
commodity_choice,-2.875,-0.026161760770919612,0.047596562505055055,-0.5496565170676153,0.5897037161400984,0.6129379272460938,True,True
commodity_choice,-2.85,-0.024884070351017782,0.047361459318933985,-0.5254075931961354,0.6060857179157605,0.6266860961914062,True,True
commodity_choice,-2.825,-0.02360637993111595,0.04712814247915231,-0.5008977373033217,0.6228664170428263,0.6407852172851562,True,True
commodity_choice,-2.8,-0.022328689511214073,0.046896638647629524,-0.47612558501232194,0.6400464845801799,0.6554412841796875,True,True
commodity_choice,-2.775,-0.021050999091312236,0.046666974806089744,-0.4510898591302133,0.657625752980773,0.6710586547851562,True,True
commodity_choice,-2.75,-0.019773308671410406,0.04643917825341988,-0.42578937472809947,0.6756031581170487,0.6871185302734375,True,True
commodity_choice,-2.725,-0.01849561825150858,0.046213276602599974,-0.4002230443549205,0.6939766815657779,0.7039871215820312,True,True
commodity_choice,-2.7,-0.017217927831606753,0.04598929777718657,-0.37438988338169127,0.7127432936373224,0.7207412719726562,True,True
commodity_choice,-2.675,-0.015940237411704913,0.04576727000733032,-0.3482890154722325,0.7318988976805489,0.7381057739257812,True,True
commodity_choice,-2.65,-0.01466254699180306,0.04554722182530822,-0.32191967817575745,0.751438276239417,0.755584716796875,True,True
commodity_choice,-2.625,-0.013384856571901207,0.04532918206055132,-0.2952812286359269,0.7713550396798196,0.7742538452148438,True,True
commodity_choice,-2.6,-0.012107166151999381,0.04511317983414822,-0.2683731494102066,0.7916415779444428,0.7938308715820312,True,True
commodity_choice,-2.575,-0.01082947573209754,0.04489924455280514,-0.2411950543925344,0.8122890161281769,0.8131332397460938,True,True
commodity_choice,-2.55,-0.009551785312195695,0.044687405902243016,-0.21374669483144595,0.8332871745957354,0.833404541015625,True,True
commodity_choice,-2.525,-0.008274094892293866,0.044477693840012225,-0.18602796543490016,0.8546245343853964,0.8547515869140625,True,True
commodity_choice,-2.5,-0.006996404472392049,0.04427013858770623,-0.1580389105521107,0.8762882086568913,0.87548828125,True,True
commodity_choice,-2.475,-0.0057187140524901986,0.04406477062255501,-0.12977973042172186,0.8982639209461358,0.8971633911132812,True,True
commodity_choice,-2.45,-0.004441023632588361,0.04386162066838017,-0.10125078747466104,0.920535990983493,0.91937255859375,True,True
commodity_choice,-2.425,-0.0031633332126864825,0.043660719685893606,-0.07245261267895517,0.9430873288143853,0.9420318603515625,True,True
commodity_choice,-2.4,-0.0018856427927846679,0.043462098862322524,-0.043385911912766355,0.9658994379302016,0.9649887084960938,True,True
commodity_choice,-2.375,-0.0006079523728828314,0.04326578960034398,-0.014051572350779378,0.9889524280727127,0.9888076782226562,True,True
commodity_choice,-2.35,0.0006697380470190119,0.0430718235063131,0.015549331151973341,0.9877749616842554,0.9873809814453125,True,True
commodity_choice,-2.325,0.0019474284669208262,0.04288023237776999,0.045415529695926125,0.9643053290467076,0.9630050659179688,True,True
commodity_choice,-2.3,0.003225118886822691,0.04269104819021125,0.07554555401059905,0.940662563366785,0.9384918212890625,True,True
commodity_choice,-2.275,0.004502809306724529,0.04250430308311313,0.10593772818530191,0.9168717889296799,0.9133682250976562,True,True
commodity_choice,-2.25,0.005780499726626358,0.04232002934519491,0.13659016347734848,0.8929592964475105,0.888214111328125,True,True
commodity_choice,-2.225,0.007058190146528198,0.042138259398911956,0.1675007522192634,0.8689524626807008,0.8634796142578125,True,True
commodity_choice,-2.2,0.008335880566430028,0.04195902578417,0.19866716184756916,0.8448796582542485,0.837677001953125,True,True
commodity_choice,-2.175,0.009613570986331888,0.041782361141253235,0.23008682907678144,0.8207701438940842,0.812896728515625,True,True
commodity_choice,-2.15,0.010891261406233721,0.04160829819296136,0.2617569542432316,0.7966539554753427,0.7870941162109375,True,True
commodity_choice,-2.125,0.012168951826135569,0.041436869725951675,0.29367449584431865,0.7725617784471297,0.7617950439453125,True,True
commodity_choice,-2.1,0.013446642246037387,0.04126810857128548,0.3258361652996526,0.7485248123743695,0.7353286743164062,True,True
commodity_choice,-2.075,0.01472433266593922,0.04110204758417928,0.35823842196141126,0.7245746265130619,0.7111968994140625,True,True
commodity_choice,-2.05,0.016002023085841095,0.04093871962296434,0.3908774684019393,0.7007430075072829,0.6859970092773438,True,True
commodity_choice,-2.025,0.017279713505742925,0.040778157527260224,0.42374924600728775,0.6770618004604788,0.6607666015625,True,True
commodity_choice,-2.0,0.018557403925644755,0.04062039409537075,0.4568494309059307,0.6535627447862146,0.6354598999023438,True,True
commodity_choice,-1.975,0.0198350943455466,0.040465462060913476,0.4901734302622921,0.6302773063804538,0.6102676391601562,True,True
commodity_choice,-1.95,0.021112784765448426,0.040313394068696835,0.523716378965035,0.6072365077747882,0.5869140625,True,True
commodity_choice,-1.925,0.022390475185350273,0.04016422264986178,0.5574731367402009,0.5844707580242028,0.563568115234375,True,True
commodity_choice,-1.9,0.02366816560525212,0.040017980196308214,0.5914382857192674,0.5620096841506197,0.540802001953125,True,True
commodity_choice,-1.875,0.02494585602515396,0.039874698934429326,0.6256061284920389,0.5398819660018163,0.5195388793945312,True,True
commodity_choice,-1.85,0.0262235464450558,0.03973441089818066,0.6599706866739155,0.5181151763921732,0.49761199951171875,True,True
commodity_choice,-1.825,0.027501236864957642,0.03959714790151372,0.6945257000165491,0.4967356283655899,0.47618865966796875,True,True
commodity_choice,-1.8,0.02877892728485947,0.039462941510207565,0.7292646260901624,0.47576823136105534,0.4553680419921875,True,True
commodity_choice,-1.775,0.03005661770476132,0.03933182301313519,0.7641806405648592,0.45523635796801787,0.43547821044921875,True,True
commodity_choice,-1.75,0.03133430812466316,0.039203823393005106,0.7992666381170859,0.43516172283283294,0.41596221923828125,True,True
commodity_choice,-1.725,0.03261199854456499,0.039078973296621994,0.834515233986047,0.41556427512113986,0.39728546142578125,True,True
commodity_choice,-1.7,0.033889688964466834,0.03895730300471366,0.8699187662032543,0.39646210575684665,0.37952423095703125,True,True
commodity_choice,-1.675,0.03516737938436867,0.03883884240137525,0.905469298516565,0.37787137045007235,0.362548828125,True,True
commodity_choice,-1.65,0.03644506980427052,0.03872362094318496,0.9411586240280186,0.3598062292982141,0.345855712890625,True,True
commodity_choice,-1.625,0.03772276022417234,0.038611667628048636,0.9769782695624737,0.3422788035012291,0.33025360107421875,True,True
commodity_choice,-1.6,0.03900045064407418,0.038503010963834246,1.012919500781567,0.3252991494795516,0.315155029296875,True,True
commodity_choice,-1.575,0.040278141063976015,0.03839767893686021,1.0489733280547495,0.30887525042650316,0.30112457275390625,True,True
commodity_choice,-1.55,0.041555831483877856,0.0382956989803042,1.0851305130962714,0.2930130250722867,0.28702545166015625,True,True
commodity_choice,-1.525,0.0428335219037797,0.03819709794260244,1.1213815763737933,0.2777163531894541,0.2744598388671875,True,True
commodity_choice,-1.5,0.044111212323681544,0.03810190205591146,1.1577168052910298,0.2629871171354143,0.26190185546875,True,True
commodity_choice,-1.475,0.04538890274358337,0.038010136904707316,1.1941262631432996,0.24882525851125276,0.2502288818359375,True,True
commodity_choice,-1.45,0.046666593163485225,0.03792182739459866,1.2305997988412372,0.23522884882215572,0.23914337158203125,True,True
commodity_choice,-1.425,0.04794428358338706,0.037836997721432515,1.2671270573941267,0.22219417285695722,0.2287139892578125,True,True
commodity_choice,-1.4,0.04922197400328892,0.03775567134077291,1.303697491140447,0.2097158233655664,0.21891021728515625,True,True
commodity_choice,-1.375,0.05049966442319073,0.03767787093783365,1.3403003717092272,0.19778680550545408,0.20908355712890625,True,True
commodity_choice,-1.35,0.051777354843092586,0.037603618397947486,1.3769248026918266,0.18639864945306953,0.2004547119140625,True,True
commodity_choice,-1.325,0.05305504526299443,0.03753293477765462,1.4135597329996417,0.17554152953334684,0.19200897216796875,True,True
commodity_choice,-1.3,0.054332735682896253,0.03746584027649338,1.4501939708792657,0.1652043882096624,0.1841278076171875,True,True
commodity_choice,-1.275,0.05561042610279811,0.037402354209575724,1.4868161985525705,0.155375063296351,0.17645263671875,True,True
commodity_choice,-1.25,0.05688811652269993,0.03734249498102981,1.5234149874452523,0.14604041680399082,0.1689605712890625,True,True
commodity_choice,-1.225,0.05816580694260176,0.03728628005839042,1.5599788139635795,0.13718646390135794,0.16239166259765625,True,True
commodity_choice,-1.2,0.05944349736250363,0.03723372594801688,1.5964960757753461,0.12879850057399947,0.1556549072265625,True,True
commodity_choice,-1.175,0.06072118778240546,0.03718484817161615,1.6329551085475458,0.12086122867411432,0.14934539794921875,True,True
commodity_choice,-1.15,0.0619988782023073,0.0371396612439462,1.6693442030899832,0.11335887718605828,0.14337158203125,True,True
commodity_choice,-1.125,0.06327656862220912,0.03709817865177254,1.7056516228509182,0.10627531867237154,0.137725830078125,True,True
commodity_choice,-1.1,0.06455425904211097,0.037060412834146884,1.7418656217081232,0.09959418001282468,0.13201904296875,True,True
commodity_choice,-1.075,0.06583194946201282,0.03702637516407437,1.777974461996152,0.09329894669993621,0.12670135498046875,True,True
commodity_choice,-1.05,0.06710963988191464,0.0369960759316307,1.813966432708546,0.08737306010513379,0.12177276611328125,True,True
commodity_choice,-1.025,0.06838733030181651,0.0369695243285872,1.849829867811825,0.08180000727715267,0.11688995361328125,True,True
commodity_choice,-1.0,0.06966502072171835,0.036946728434596676,1.8855531646067063,0.07656340297553478,0.11222076416015625,True,True
commodity_choice,-0.975,0.07094271114162015,0.03692769520498786,1.92112480207099,0.07164706377491406,0.10773468017578125,True,True
commodity_choice,-0.95,0.07222040156152201,0.0369124304602115,1.95653335911786,0.06703507419826023,0.10306549072265625,True,True
commodity_choice,-0.925,0.07349809198142386,0.03690093887697482,1.9917675327032036,0.06271184494794915,0.09873199462890625,True,True
commodity_choice,-0.9,0.07477578240132567,0.03689322398109618,2.026816155715755,0.0586621634014838,0.09479522705078125,True,True
commodity_choice,-0.875,0.07605347282122751,0.036889288142104945,2.061668214584523,0.05487123662332858,0.0909271240234375,True,True
commodity_choice,-0.85,0.07733116324112936,0.03688913256960614,2.0963128665390305,0.05132472721547638,0.087310791015625,True,True
commodity_choice,-0.825,0.07860885366103118,0.03689275731142257,2.130739456459457,0.04800878238720222,0.0835723876953125,True,False
commodity_choice,-0.8,0.07988654408093304,0.03690016125352147,2.164937533255611,0.04491005666945595,0.08022308349609375,True,False
commodity_choice,-0.775,0.08116423450083489,0.0369113421217255,2.198896865716047,0.04201572873218889,0.0767364501953125,True,False
commodity_choice,-0.75,0.0824419249207367,0.03692629648520229,2.2326074577712975,0.03931351278451118,0.073486328125,True,False
commodity_choice,-0.725,0.08371961534063856,0.036945019761719926,2.2660595631182607,0.036791665048963494,0.07048797607421875,True,False
commodity_choice,-0.7,0.08499730576054042,0.036967506224649574,2.2992436991561265,0.034438985803495574,0.0675048828125,True,False
commodity_choice,-0.675,0.08627499618044224,0.036993749011690474,2.3321506601879762,0.03224481747912823,0.06479644775390625,True,False
commodity_choice,-0.65,0.08755268660034408,0.03702374013528632,2.364771529846062,0.03019903928895395,0.06219482421875,True,False
commodity_choice,-0.625,0.08883037702024595,0.037057470494696335,2.3970976927029963,0.02829205884623045,0.0593109130859375,True,False
commodity_choice,-0.6,0.09010806744014775,0.037094929889678774,2.4291208450354627,0.026514801206980066,0.056854248046875,True,False
commodity_choice,-0.575,0.0913857578600496,0.037136107035739406,2.460833004711584,0.02485869574675937,0.0544281005859375,True,False
commodity_choice,-0.55,0.09266344827995143,0.03718098958089229,2.492226520177725,0.023315661253064134,0.051971435546875,True,False
commodity_choice,-0.525,0.09394113869985328,0.03722956412387558,2.5232940785253017,0.02187808958505073,0.0497894287109375,False,False
commodity_choice,-0.5,0.09521882911975511,0.03728181623376098,2.554028712622874,0.02053882822164459,0.04755401611328125,False,False
commodity_choice,-0.475,0.09649651953965696,0.03733773047089096,2.584423807303635,0.01929116198832639,0.0455322265625,False,False
commodity_choice,-0.45,0.0977742099595588,0.037397290409074975,2.6144731046031215,0.018128794222494193,0.043548583984375,False,False
commodity_choice,-0.425,0.09905190037946066,0.03746047865897204,2.6441707080466537,0.017045827607747706,0.04174041748046875,False,False
commodity_choice,-0.4,0.10032959079936248,0.037527276892584734,2.673511085990555,0.016036744879098976,0.03989410400390625,False,False
commodity_choice,-0.375,0.10160728121926428,0.03759766586878719,2.7024890740256446,0.015096389574258576,0.038055419921875,False,False
commodity_choice,-0.35,0.10288497163916613,0.037671625459807574,2.731099876455707,0.014219946980983427,0.0363006591796875,False,False
commodity_choice,-0.325,0.10416266205906799,0.037749134678584303,2.7593390668677014,0.013402925407138508,0.0345001220703125,False,False
commodity_choice,-0.3,0.10544035247896982,0.037830171706913863,2.787202587814305,0.012641137878695564,0.033050537109375,False,False
commodity_choice,-0.275,0.10671804289887166,0.037914713924307696,2.8146867496329206,0.01193068435139993,0.03162384033203125,False,False
commodity_choice,-0.25,0.1079957333187735,0.038002737937475176,2.8417882284285887,0.011267934504264939,0.0303192138671875,False,False
commodity_choice,-0.225,0.10927342373867535,0.03809421961034973,2.868504063251295,0.010649511167357163,0.02901458740234375,False,False
commodity_choice,-0.2,0.11055111415857717,0.03818913409457602,2.894831652500827,0.010072274422444145,0.02768707275390625,False,False
commodity_choice,-0.175,0.11182880457847902,0.03828745586037652,2.920768749594826,0.00953330640289355,0.02640533447265625,False,False
commodity_choice,-0.15,0.11310649499838085,0.03838915872771723,2.9463134579377273,0.009029896808635536,0.02512359619140625,False,False
commodity_choice,-0.125,0.11438418541828266,0.03849421589769393,2.9714642252301355,0.008559529142910785,0.0240020751953125,False,False
commodity_choice,-0.1,0.11566187583818452,0.038602599984061854,2.99621983715964,0.008119867669805221,0.0230560302734375,False,False
commodity_choice,-0.075,0.1169395662580864,0.0387142830448341,3.0205794105152726,0.007708745085095876,0.02202606201171875,False,False
commodity_choice,-0.05,0.11821725667798824,0.038829236613876175,3.044542385768708,0.0073241508875792165,0.02105712890625,False,False
commodity_choice,-0.025,0.11949494709789008,0.038947431732426874,3.0681085191658712,0.006964220433706032,0.02021026611328125,False,False
commodity_choice,-0.0,0.12077263751779192,0.039068838980478256,3.091277874372951,0.006627224654890914,0.01920318603515625,False,False
commodity_choice,0.025,0.12205032793769377,0.039193428507950656,3.114050813720852,0.006311560414194372,0.01827239990234375,False,False
commodity_choice,0.05,0.12332801835759559,0.03932117006560153,3.1364279890919096,0.006015741477089424,0.01744842529296875,False,False
commodity_choice,0.075,0.12460570877749744,0.03945203303561037,3.158410332492251,0.005738390069632067,0.01662445068359375,False,False
commodity_choice,0.1,0.1258833991973993,0.03958598646178522,3.179999046352483,0.005478228996469378,0.01595306396484375,False,False
commodity_choice,0.125,0.12716108961730108,0.039722999079339544,3.201195593598552,0.005234074290664786,0.01514434814453125,False,False
commodity_choice,0.15,0.12843878003720297,0.03986303934419193,3.222001687533557,0.005004828367226776,0.014495849609375,False,False
commodity_choice,0.175,0.12971647045710477,0.04000607546174448,3.242419281570001,0.004789473652435536,0.0138397216796875,False,False
commodity_choice,0.2,0.13099416087700666,0.04015207541509915,3.262450558850724,0.004587066661512148,0.01313018798828125,False,False
commodity_choice,0.225,0.13227185129690844,0.04030100699267504,3.2820979217950974,0.004396732497825851,0.0124359130859375,False,False
commodity_choice,0.25,0.13354954171681027,0.04045283781519278,3.3013639816055966,0.004217659747636426,0.01180267333984375,False,False
commodity_choice,0.275,0.13482723213671213,0.04060753536199602,3.3202515477680263,0.004049095745292057,0.0113067626953125,False,False
commodity_choice,0.3,0.13610492255661394,0.04076506699668281,3.3387636175770115,0.003890342184810198,0.0108795166015625,False,False
commodity_choice,0.325,0.13738261297651583,0.04092539999202372,3.3569033657164358,0.0037407510548389954,0.010467529296875,False,False
commodity_choice,0.35,0.13866030339641766,0.04108850155414589,3.3746741339226727,0.003599720875101948,0.0100250244140625,False,False
commodity_choice,0.375,0.13993799381631955,0.041254338845966,3.3920794207565685,0.0034666932135543043,0.00966644287109375,False,False
commodity_choice,0.4,0.14121568423622136,0.0414228790098579,3.409122871508148,0.0033411494646075723,0.00939178466796875,False,False
commodity_choice,0.425,0.14249337465612316,0.04159408918954338,3.425808268256191,0.0032226078698967273,0.00904083251953125,False,False
commodity_choice,0.45,0.143771065076025,0.0417679365511976,3.4421395201028355,0.003110620764163427,0.00882720947265625,False,False
commodity_choice,0.475,0.1450487554959268,0.04194438830376316,3.4581206536015534,0.0030047720298989828,0.00858306884765625,False,False
commodity_choice,0.5,0.1463264459158287,0.042123411718469284,3.473755803394978,0.0029046747454263408,0.00833892822265625,False,False
commodity_choice,0.525,0.14760413633573055,0.04230497414755509,3.4890492030772453,0.00280996901209825,0.00807952880859375,False,False
commodity_choice,0.55,0.1488818267556324,0.04248904304219794,3.504005176293818,0.002720319947242576,0.007781982421875,False,False
commodity_choice,0.575,0.1501595171755342,0.04267558596965025,3.518628128089997,0.0026354158303964624,0.0074920654296875,False,False
commodity_choice,0.6,0.151437207595436,0.04286457062958973,3.532922536517787,0.002554966391234857,0.007293701171875,False,False
commodity_choice,0.625,0.15271489801533786,0.04305596486969002,3.546892944509162,0.0024787012284169956,0.007080078125,False,False
commodity_choice,0.65,0.15399258843523972,0.043249736700420385,3.560543952022323,0.0024063683493460285,0.00684356689453125,False,False
commodity_choice,0.675,0.15527027885514164,0.04344585430908473,3.5738802084661483,0.0023377328215625948,0.00659942626953125,False,False
commodity_choice,0.7,0.15654796927504339,0.043644286073111084,3.5869064054066726,0.0022725755271751458,0.0063934326171875,False,False
commodity_choice,0.725,0.15782565969494525,0.04384500057260483,3.599627269558246,0.002210692012367064,0.00620269775390625,False,False
commodity_choice,0.75,0.15910335011484705,0.044047966602179175,3.6120475560607552,0.0021518914246178565,0.00597381591796875,False,False
commodity_choice,0.775,0.16038104053474891,0.04425315318207826,3.6241720420433317,0.0020959955308310803,0.0058135986328125,False,False
commodity_choice,0.8,0.16165873095465072,0.044460529568608284,3.6360055204738537,0.0020428378100806697,0.005645751953125,False,False
commodity_choice,0.825,0.16293642137455264,0.04467006526389362,3.6475527942927046,0.0019922626151685713,0.00551605224609375,False,False
commodity_choice,0.85,0.16421411179445447,0.04488173002497514,3.6588186708283073,0.0019441243976349002,0.005340576171875,False,False
commodity_choice,0.875,0.16549180221435628,0.04509549387226857,3.6698079564913093,0.0018982869912761587,0.0052337646484375,False,False
commodity_choice,0.9,0.1667694926342581,0.04531132709740121,3.6805254517434562,0.0018546229496127686,0.005096435546875,False,False
commodity_choice,0.925,0.16804718305415994,0.04552920027044594,3.690975946336647,0.0018130129331027985,0.00501251220703125,False,False
commodity_choice,0.95,0.16932487347406183,0.04574908424657132,3.7011642148170854,0.0017733451422283753,0.004913330078125,False,False
commodity_choice,0.975,0.17060256389396364,0.0459709501721272,3.7110950122889186,0.0017355147928859018,0.00482177734375,False,False
commodity_choice,1.0,0.1718802543138655,0.04619476949018514,3.720773070431369,0.0016994236307922132,0.0046844482421875,False,False
commodity_choice,1.025,0.1731579447337673,0.046420513945553146,3.730203093762924,0.0016649794818786208,0.00455474853515625,False,False
commodity_choice,1.05,0.17443563515366914,0.046648155589284174,3.7393897561458953,0.0016320958358838537,0.0044403076171875,False,False
commodity_choice,1.075,0.17571332557357097,0.046877666782697835,3.748337697524343,0.0016006914605780362,0.00432586669921875,False,False
commodity_choice,1.1,0.17699101599347286,0.04710902020093451,3.7570515208881776,0.0015706900442528022,0.0042266845703125,False,False
commodity_choice,1.125,0.17826870641337467,0.04734218883606117,3.765535789456043,0.00154201986430038,0.004119873046875,False,False
commodity_choice,1.15,0.17954639683327656,0.04757714599974773,3.7737950240695097,0.0015146134798767268,0.00406646728515625,False,False
commodity_choice,1.175,0.18082408725317836,0.04781386532553255,3.7818337007909397,0.001488407446802829,0.00402069091796875,False,False
commodity_choice,1.2,0.18210177767308014,0.04805232077069568,3.789656248697429,0.0014633420530041881,0.00397491455078125,False,False
commodity_choice,1.225,0.183379468092982,0.04829248661775781,3.797267047863111,0.0014393610729233391,0.003936767578125,False,False
commodity_choice,1.25,0.18465715851288386,0.04853433747562254,3.8046704275222067,0.0014164115394635457,0.003875732421875,False,False
commodity_choice,1.275,0.1859348489327857,0.04877784828037965,3.811870664405177,0.0013944435321359995,0.0037994384765625,False,False
commodity_choice,1.3,0.18721253935268758,0.04902299429578603,3.818871981240448,0.0013734099801872093,0.00372314453125,False,False
commodity_choice,1.325,0.18849022977258942,0.04926975111344099,3.825678545414217,0.0013532664795797846,0.00368499755859375,False,False
commodity_choice,1.35,0.18976792019249122,0.049518094652672026,3.832294467781006,0.0013339711227880185,0.00363922119140625,False,False
commodity_choice,1.375,0.19104561061239303,0.04976800116014676,3.8387238016177068,0.0013154843404513527,0.0035552978515625,False,False
commodity_choice,1.4,0.1923233010322949,0.050019447209226214,3.844970541714031,0.0012977687540034484,0.00348663330078125,False,False
commodity_choice,1.425,0.1936009914521967,0.050272409699074344,3.8510386235924043,0.0012807890384635987,0.0034332275390625,False,False
commodity_choice,1.45,0.1948786818720986,0.05052686585353791,3.8569319228505665,0.0012645117946402007,0.00341033935546875,False,False
commodity_choice,1.475,0.19615637229200047,0.05078279321981082,3.862654254620207,0.0012489054300546354,0.00335693359375,False,False
commodity_choice,1.5,0.19743406271190225,0.05104016966689597,3.868209373135285,0.001233940047947117,0.0033111572265625,False,False
commodity_choice,1.525,0.1987117531318041,0.05129897338387786,3.8736009714037443,0.0012195873437753778,0.00328826904296875,False,False
commodity_choice,1.55,0.19998944355170592,0.051559182878018014,3.8788326809766094,0.0012058205086626019,0.00325775146484375,False,False
commodity_choice,1.575,0.20126713397160775,0.05182077697268556,3.8839080718086207,0.001192614139292357,0.00321197509765625,False,False
commodity_choice,1.6,0.20254482439150964,0.05208373480513421,3.8888306522047564,0.0011799441537869194,0.00319671630859375,False,False
commodity_choice,1.625,0.20382251481141153,0.052348035824136656,3.893603868847223,0.0011677877131405794,0.0031585693359375,False,False
commodity_choice,1.65,0.20510020523131328,0.05261365978748729,3.898231106897656,0.0011561231478120577,0.00315093994140625,False,False
commodity_choice,1.675,0.20637789565121514,0.052880586759383036,3.9027156901695275,0.0011449298891100198,0.00315093994140625,False,False
commodity_choice,1.7,0.20765558607111695,0.05314879710769219,3.907060881365894,0.0011341884050334922,0.00312042236328125,False,False
commodity_choice,1.725,0.20893327649101884,0.053418271501120676,3.911269882377897,0.0011238801402539615,0.0031280517578125,False,False
commodity_choice,1.75,0.21021096691092067,0.05368899090628421,3.915345834639552,0.0011139874599497954,0.0030670166015625,False,False
commodity_choice,1.775,0.21148865733082253,0.05396093658469535,3.919291819534614,0.0011044935972248102,0.00307464599609375,False,False
commodity_choice,1.8,0.2127663477507243,0.05423409008967305,3.923110858851453,0.0010953826038629625,0.00305938720703125,False,False
commodity_choice,1.825,0.21404403817062617,0.054508433263182776,3.9268059152821086,0.0010866393041892677,0.0030059814453125,False,False
commodity_choice,1.85,0.215321728590528,0.05478394823261411,3.930379892961825,0.0010782492518240949,0.00296783447265625,False,False
commodity_choice,1.875,0.21659941901042987,0.055060617407503266,3.9338356380455926,0.0010701986891335528,0.00296783447265625,False,False
commodity_choice,1.9,0.21787710943033167,0.055338423476206634,3.9371759393183714,0.0010624745091929325,0.0029754638671875,False,False
commodity_choice,1.925,0.21915479985023356,0.05561734940253193,3.9404035288358554,0.0010550642200937242,0.002960205078125,False,False
commodity_choice,1.95,0.22043249027013534,0.0558973784223328,3.9435210825927656,0.0010479559114367648,0.002960205078125,False,False
commodity_choice,1.975,0.22171018069003717,0.05617849404007241,3.9465312212159005,0.001041138222865395,0.00296783447265625,False,False
commodity_choice,2.0,0.22298787110993906,0.05646068002536138,3.949436510679218,0.0010346003145032536,0.002960205078125,False,False
commodity_choice,2.025,0.2242655615298409,0.05674392040947513,3.9522394630384565,0.001028331839170634,0.00290679931640625,False,False
commodity_choice,2.05,0.2255432519497427,0.05702819948185521,3.95494253718293,0.0010223229162624758,0.00290679931640625,False,False
commodity_choice,2.075,0.22682094236964456,0.05731350178659921,3.957548139602226,0.00101656410717935,0.002899169921875,False,False
commodity_choice,2.1,0.2280986327895464,0.0575998121189433,3.96005862516572,0.0010110463922103912,0.00290679931640625,False,False
commodity_choice,2.125,0.22937632320944823,0.057887115521741445,3.9624762979129313,0.0010057611487741035,0.002899169921875,False,False
commodity_choice,2.15,0.23065401362935006,0.05817539728194495,3.964803411852845,0.0010007001309297948,0.00289154052734375,False,False
commodity_choice,2.175,0.2319317040492519,0.0584646429270857,3.967042171770484,0.000995855450078109,0.00286865234375,False,False
commodity_choice,2.2,0.23320939446915379,0.05875483822176651,3.9691947340390814,0.00099121955677507,0.00286865234375,False,False
commodity_choice,2.225,0.2344870848890556,0.059045969164161334,3.9712632074363574,0.0009867852235889848,0.00289154052734375,False,False
commodity_choice,2.25,0.23576477530895742,0.05933802198252858,3.9732496539634528,0.0009825455289346112,0.0028839111328125,False,False
commodity_choice,2.275,0.23704246572885926,0.05963098313173962,3.9751560896652283,0.0009784938418232426,0.00289154052734375,False,False
commodity_choice,2.3,0.23832015614876115,0.05992483928982539,3.9769844854506835,0.000974623807471725,0.00292205810546875,False,False
commodity_choice,2.325,0.23959784656866295,0.060219577354543134,3.978736767912354,0.0009709293337171014,0.00292205810546875,False,False
commodity_choice,2.35,0.24087553698856481,0.06051518443996534,3.9804148201436558,0.0009674045781872083,0.0029449462890625,False,False
commodity_choice,2.375,0.2421532274084666,0.06081164787309302,3.982020482553158,0.0009640439361809413,0.00296783447265625,False,False
commodity_choice,2.4,0.24343091782836845,0.061108955190494876,3.9835555536749325,0.0009608420292148372,0.00298309326171875,False,False
commodity_choice,2.425,0.24470860824827032,0.06140709413497416,3.9850217909741072,0.0009577936941955889,0.00298309326171875,False,False
commodity_choice,2.45,0.24598629866817218,0.061706052652264684,3.9864209116468934,0.0009548939731807559,0.0030059814453125,False,False
commodity_choice,2.475,0.24726398908807398,0.06200581888775732,3.9877545934143734,0.0009521381036923433,0.003021240234375,False,False
commodity_choice,2.5,0.24854167950797587,0.062306381183258264,3.9890244753094257,0.0009495215095502737,0.0030364990234375,False,False
commodity_choice,2.525,0.24981936992787762,0.06260772807378026,3.9902321584561773,0.0009470397921949378,0.00302886962890625,False,False
commodity_choice,2.55,0.25109706034777945,0.0629098482843677,3.9913792068415126,0.0009446887224698854,0.003021240234375,False,False
commodity_choice,2.575,0.25237475076768134,0.06321273072695664,3.992467148078098,0.000942464232837741,0.00302886962890625,False,False
commodity_choice,2.6,0.2536524411875832,0.06351636449727038,3.9934974741585516,0.0009403624100039628,0.00302886962890625,False,False
commodity_choice,2.625,0.25493013160748496,0.06382073887175162,3.994471642200343,0.0009383794879248029,0.0030517578125,False,False
commodity_choice,2.65,0.2562078220273868,0.06412584330453146,3.9953910751811015,0.0009365118411773147,0.00304412841796875,False,False
commodity_choice,2.675,0.2574855124472886,0.0644316674244362,3.996257162664011,0.0009347559786705765,0.003021240234375,False,False
commodity_choice,2.7,0.25876320286719046,0.06473820103203211,3.997071261513057,0.0009331085376786314,0.003021240234375,False,False
commodity_choice,2.725,0.2600408932870923,0.06504543409670863,3.9978346965978764,0.0009315662781769038,0.0030364990234375,False,False
commodity_choice,2.75,0.2613185837069942,0.06535335675380069,3.9985487614880153,0.0009301260774649426,0.00304412841796875,False,False
commodity_choice,2.775,0.262596274126896,0.06566195930174976,3.9992147191364475,0.000928784925059351,0.0030364990234375,False,False
commodity_choice,2.8,0.2638739645467979,0.06597123219930452,3.9998338025521933,0.0009275399178418826,0.0030364990234375,False,False
commodity_choice,2.825,0.2651516549666998,0.06628116606276087,4.000407215461943,0.0009263882554484467,0.003021240234375,False,False
commodity_choice,2.85,0.26642934538660157,0.06659175166324151,4.000936132960592,0.0009253272358857504,0.003021240234375,False,False
commodity_choice,2.875,0.26770703580650346,0.06690297992401527,4.001421702150643,0.0009243542513630319,0.00304412841796875,False,False
commodity_choice,2.9,0.2689847262264053,0.06721484191785597,4.001865042770384,0.0009234667843271568,0.00307464599609375,False,False
commodity_choice,2.925,0.2702624166463071,0.06752732886444096,4.002267247810892,0.0009226624036899684,0.00308990478515625,False,False
commodity_choice,2.95,0.27154010706620896,0.06784043212778919,4.00262938412179,0.0009219387612375365,0.0030975341796875,False,False
commodity_choice,2.975,0.27281779748611074,0.06815414321373867,4.002952493005818,0.0009212935882114742,0.0030975341796875,False,False
commodity_choice,3.0,0.2740954879060126,0.06846845376746317,4.003237590802223,0.0009207246920531501,0.003143310546875,False,False
commodity_choice,3.025,0.2753731783259144,0.06878335557102824,4.003485669459,0.0009202299533021135,0.003173828125,False,False
commodity_choice,3.05,0.27665086874581624,0.06909884054098576,4.003697697094087,0.000919807322640525,0.0031890869140625,False,False
commodity_choice,3.075,0.277928559165718,0.06941490072600745,4.003874618545517,0.0009194548180759916,0.00321197509765625,False,False
commodity_choice,3.1,0.27920624958562,0.0697315283045566,4.004017355910659,0.000919170522255449,0.00322723388671875,False,False
commodity_choice,3.125,0.2804839400055218,0.07004871558259797,4.004126809074594,0.0009189525799033835,0.0032501220703125,False,False
commodity_choice,3.15,0.28176163042542357,0.07036645499134545,4.004203856227774,0.0009187991953777864,0.00327301025390625,False,False
commodity_choice,3.175,0.2830393208453255,0.07068473908504722,4.004249354373018,0.0009187086303379474,0.00328826904296875,False,False
commodity_choice,3.2,0.28431701126522735,0.07100356053880803,4.00426413982197,0.0009186792015182647,0.00331878662109375,False,False
commodity_choice,3.225,0.28559470168512924,0.07132291214644818,4.004249028681194,0.0009187092786026016,0.00334930419921875,False,False
commodity_choice,3.25,0.286872392105031,0.07164278681839904,4.004204817327925,0.0009187972821942435,0.00335693359375,False,False
commodity_choice,3.275,0.2881500825249328,0.07196317757963439,4.0041322828757275,0.0009189416818764646,0.0033721923828125,False,False
commodity_choice,3.3,0.2894277729448348,0.07228407756763747,4.004032183630097,0.0009191409943592887,0.00336456298828125,False,False
commodity_choice,3.325,0.29070546336473657,0.07260548003040326,4.003905259534195,0.0009193937817080644,0.0034027099609375,False,False
commodity_choice,3.35,0.2919831537846384,0.07292737832447536,4.003752232604872,0.0009196986496497902,0.00341033935546875,False,False
commodity_choice,3.375,0.2932608442045401,0.07324976591301739,4.003573807359077,0.0009200542459533806,0.0034332275390625,False,False
commodity_choice,3.4,0.29453853462444196,0.07357263636391828,4.003370671230839,0.000920459258880237,0.00342559814453125,False,False
commodity_choice,3.425,0.29581622504434385,0.07389598334793084,4.003143494978973,0.000920912415701639,0.0034332275390625,False,False
commodity_choice,3.45,0.2970939154642457,0.0742198006368436,4.002892933085632,0.0009214124812797628,0.00345611572265625,False,False
commodity_choice,3.475,0.2983716058841476,0.07454408210168505,4.002619624145898,0.0009219582567092035,0.00345611572265625,False,False
commodity_choice,3.5,0.2996492963040494,0.0748688217109601,4.0023241912485386,0.0009225485780161179,0.00347900390625,False,False
commodity_choice,3.525,0.3009269867239513,0.07519401352891808,4.0020072423481015,0.0009231823149122072,0.0035247802734375,False,False
commodity_choice,3.55,0.302204677143853,0.07551965171385207,4.001669370628488,0.0009238583696009516,0.00353240966796875,False,False
commodity_choice,3.575,0.3034823675637549,0.07584573051642879,4.001311154858192,0.0009245756756335502,0.003570556640625,False,False
commodity_choice,3.6,0.30476005798365674,0.07617224427804901,4.000933159737309,0.0009253331968123742,0.00356292724609375,False,False
commodity_choice,3.625,0.3060377484035586,0.07649918742923759,4.000535936236528,0.0009261299261395026,0.00357818603515625,False,False
commodity_choice,3.65,0.30731543882346046,0.07682655448806285,4.0001200219282325,0.0009269648848083914,0.003570556640625,False,False
commodity_choice,3.675,0.3085931292433623,0.077154340058585,3.999685941309856,0.0009278371212366216,0.00360107421875,False,False
commodity_choice,3.7,0.3098708196632641,0.07748253882933286,3.9992342061196777,0.000928745710137807,0.0036468505859375,False,False
commodity_choice,3.725,0.31114851008316596,0.0778111455718086,3.9987653156451763,0.000929689751630897,0.00366973876953125,False,False
commodity_choice,3.75,0.3124262005030678,0.07814015513902005,3.998279757024116,0.0009306683703851486,0.003692626953125,False,False
commodity_choice,3.775,0.3137038909229697,0.07846956246403997,3.9977780055385157,0.0009316807147991381,0.00371551513671875,False,False
commodity_choice,3.8,0.31498158134287146,0.07879936255859203,3.9972605249016304,0.0009327259562122935,0.0037384033203125,False,False
commodity_choice,3.825,0.3162592717627733,0.07912955051166294,3.996727767538117,0.0009338032881474318,0.0037384033203125,False,False
commodity_choice,3.85,0.31753696218267513,0.07946012148814029,3.996180174857506,0.0009349119255830318,0.003753662109375,False,False
commodity_choice,3.875,0.3188146526025771,0.0797910707274757,3.995618177521143,0.0009360511042537302,0.0037689208984375,False,False
commodity_choice,3.9,0.32009234302247885,0.08012239354237277,3.9950421957027262,0.0009372200799779751,0.0037689208984375,False,False
commodity_choice,3.925,0.32137003344238063,0.0804540853174996,3.994452639342595,0.0009384181280115198,0.0037841796875,False,False
commodity_choice,3.95,0.32264772386228247,0.08078614150822508,3.993849908395894,0.0009396445424256564,0.0038299560546875,False,False
commodity_choice,3.975,0.32392541428218435,0.08111855763937896,3.993234393074747,0.0009408986355091419,0.003875732421875,False,False
commodity_choice,4.0,0.32520310470208624,0.08145132930403495,3.992606474084595,0.0009421797371927334,0.003875732421875,False,False
commodity_choice,4.025,0.326480795121988,0.08178445216231663,3.9919665228548022,0.0009434871944953782,0.00389862060546875,False,False
commodity_choice,4.05,0.3277584855418898,0.08211792194022559,3.991314901763689,0.0009448203709911295,0.00391387939453125,False,False
commodity_choice,4.075,0.3290361759617917,0.08245173442849173,3.9906519643580856,0.0009461786462959029,0.00394439697265625,False,False
commodity_choice,4.1,0.3303138663816935,0.08278588548144478,3.9899780555675575,0.0009475614155732424,0.00399017333984375,False,False
commodity_choice,4.125,0.33159155680159547,0.0831203710159072,3.9892935119134267,0.0009489680890582135,0.00402069091796875,False,False
commodity_choice,4.15,0.3328692472214973,0.08345518701010776,3.9885986617126807,0.0009503980915987869,0.0040283203125,False,False
commodity_choice,4.175,0.3341469376413991,0.08379032950261546,3.9878938252769243,0.0009518508622138585,0.0040435791015625,False,False
commodity_choice,4.2,0.33542462806130097,0.08412579459129343,3.9871793151064705,0.0009533258536672697,0.00405120849609375,False,False
commodity_choice,4.225,0.3367023184812027,0.08446157843227262,3.9864554360796713,0.0009548225320571967,0.0040740966796875,False,False
commodity_choice,4.25,0.3379800089011046,0.08479767723894444,3.9857224856376474,0.0009563403764201561,0.0041046142578125,False,False
commodity_choice,4.275,0.3392576993210064,0.08513408728097267,3.9849807539644573,0.0009578788783491753,0.0041046142578125,False,False
commodity_choice,4.3,0.3405353897409082,0.08547080488332354,3.9842305241628897,0.0009594375416254266,0.004150390625,False,False
commodity_choice,4.325,0.3418130801608102,0.08580782642531432,3.983472072425917,0.0009610158818628326,0.00421142578125,False,False
commodity_choice,4.35,0.34309077058071197,0.08614514833967955,3.9827056682039514,0.0009626134261651281,0.00423431396484375,False,False
commodity_choice,4.375,0.34436846100061375,0.08648276711165488,3.9819315743680086,0.0009642297127948265,0.00426483154296875,False,False
commodity_choice,4.4,0.34564615142051563,0.08682067927807807,3.981150047368843,0.0009658642908536498,0.0042877197265625,False,False
commodity_choice,4.425,0.3469238418404176,0.08715888142650675,3.9803613373921882,0.0009675167199739832,0.00434112548828125,False,False
commodity_choice,4.45,0.3482015322603194,0.087497370194353,3.9795656885101676,0.00096918657002087,0.00434112548828125,False,False
commodity_choice,4.475,0.3494792226802212,0.0878361422680337,3.9787633388290042,0.000970873420804118,0.004364013671875,False,False
commodity_choice,4.5,0.350756913100123,0.0881751943821372,3.977954520633078,0.0009725768618002194,0.0043792724609375,False,False
commodity_choice,4.525,0.3520346035200248,0.08851452331860529,3.977139460525445,0.0009742964918835782,0.00440216064453125,False,False
commodity_choice,4.55,0.35331229393992664,0.08885412590593061,3.9763183795649115,0.0009760319190667431,0.004425048828125,False,False
commodity_choice,4.575,0.3545899843598285,0.08919399901836918,3.9754914933997076,0.0009777827602493242,0.00444793701171875,False,False
commodity_choice,4.6,0.35586767477973025,0.08953413957516726,3.974659012397902,0.000979548640975193,0.00445556640625,False,False
commodity_choice,4.625,0.35714536519963214,0.08987454453980302,3.973821141774599,0.0009813291951976573,0.00449371337890625,False,False
commodity_choice,4.65,0.3584230556195341,0.09021521091924219,3.972978081715988,0.0009831240650523855,0.00450897216796875,False,False
commodity_choice,4.675,0.35970074603943586,0.09055613576320762,3.972130027500356,0.0009849329006377094,0.00455474853515625,False,False
commodity_choice,4.7,0.36097843645933775,0.0908973161634624,3.971277169616133,0.0009867553598019814,0.0045623779296875,False,False
commodity_choice,4.725,0.36225612687923947,0.09123874925310634,3.970419693877007,0.0009885911079378891,0.00460052490234375,False,False
commodity_choice,4.75,0.36353381729914136,0.09158043220588552,3.969557781534235,0.0009904398177832542,0.00461578369140625,False,False
commodity_choice,4.775,0.36481150771904325,0.09192236223551481,3.9686916093861644,0.0009923011692282936,0.0046539306640625,False,False
commodity_choice,4.8,0.366089198138945,0.09226453659501258,3.9678213498850896,0.0009941748491288712,0.00469970703125,False,False
commodity_choice,4.825,0.36736688855884697,0.09260695257604824,3.966947171241464,0.0009960605511257319,0.0047149658203125,False,False
commodity_choice,4.85,0.36864457897874875,0.0929496075083015,3.966069237525553,0.0009979579754693614,0.00473785400390625,False,False
commodity_choice,4.875,0.3699222693986505,0.09329249875883358,3.9651877087666034,0.0009998668288503064,0.0047607421875,False,False
commodity_choice,4.9,0.3711999598185524,0.09363562373147012,3.964302741049562,0.0010017868242347744,0.004791259765625,False,False
commodity_choice,4.925,0.37247765023845425,0.09397897986619531,3.9634144866094276,0.0010037176807052939,0.0048370361328125,False,False
commodity_choice,4.95,0.37375534065835603,0.09432256463855754,3.9625230939232847,0.001005659123306294,0.004852294921875,False,False
commodity_choice,4.975,0.3750330310782578,0.09466637555908536,3.9616287078000947,0.0010076108828943257,0.0048828125,False,False
commodity_choice,5.0,0.37631072149815975,0.095010410172715,3.9607314694682616,0.0010095726959929285,0.00492095947265625,False,False
commodity_choice,5.025,0.3775884119180616,0.09535466605822762,3.9598315166610725,0.0010115443046518123,0.00493621826171875,False,False
commodity_choice,5.05,0.3788661023379634,0.09569914082769755,3.958928983700037,0.0010135254563102814,0.00496673583984375,False,False
commodity_choice,5.075,0.38014379275786525,0.0960438321259501,3.9580240015761943,0.001015515903664749,0.00496673583984375,False,False
commodity_choice,5.1,0.38142148317776703,0.09638873763002967,3.9571166980294192,0.001017515404540201,0.0050048828125,False,False
commodity_choice,5.125,0.38269917359766903,0.09673385504867739,3.9562071976258073,0.0010195237217654283,0.0050201416015625,False,False
commodity_choice,5.15,0.3839768640175708,0.09707918212181835,3.9552956218331468,0.0010215406230519616,0.0050506591796875,False,False
commodity_choice,5.175,0.38525455443747264,0.09742471662005815,3.9543820890945764,0.001023565880876514,0.00508880615234375,False,False
commodity_choice,5.2,0.38653224485737436,0.09777045634418874,3.953466714900416,0.0010255992723668852,0.0051116943359375,False,False
commodity_choice,5.225,0.38780993527727636,0.09811639912470295,3.9525496118582764,0.0010276405791911276,0.005126953125,False,False
commodity_choice,5.25,0.38908762569717825,0.09846254282131821,3.951630889761427,0.0010296895874499397,0.0051422119140625,False,False
commodity_choice,5.275,0.3903653161170799,0.09880888532250857,3.95071065565553,0.0010317460875721184,0.00518035888671875,False,False
commodity_choice,5.3,0.39164300653698175,0.0991554245450454,3.9497890139037417,0.0010338098742129786,0.00519561767578125,False,False
commodity_choice,5.325,0.39292069695688364,0.09950215843354633,3.948866066250214,0.0010358807461557104,0.00521087646484375,False,False
commodity_choice,5.35,0.39419838737678553,0.0998490849600322,3.947941911882078,0.0010379585062154553,0.005218505859375,False,False
commodity_choice,5.375,0.39547607779668725,0.10019620212349231,3.947016647489902,0.001040042961146099,0.00527191162109375,False,False
commodity_choice,5.4,0.3967537682165892,0.10054350794945704,3.9460903673267125,0.0010421339215496575,0.00528717041015625,False,False
commodity_choice,5.425,0.39803145863649103,0.10089100048957864,3.9451631632655384,0.0010442312017882175,0.00531768798828125,False,False
commodity_choice,5.45,0.3993091490563929,0.10123867782121909,3.94423512485561,0.001046334619898251,0.00537109375,False,False
commodity_choice,5.475,0.40058683947629464,0.10158653804704565,3.943306339377165,0.00104844399750731,0.005401611328125,False,False
commodity_choice,5.5,0.40186452989619653,0.10193457929463352,3.942376891894949,0.0010505591597530306,0.0054473876953125,False,False
commodity_choice,5.525,0.40314222031609837,0.10228279971607555,3.9414468653104087,0.0010526799352042814,0.00547027587890625,False,False
commodity_choice,5.55,0.40441991073600025,0.1026311974875989,3.940516340412641,0.001054806155784483,0.00550079345703125,False,False
commodity_choice,5.575,0.40569760115590203,0.1029797708091888,3.93958539592809,0.0010569376566970181,0.0055389404296875,False,False
commodity_choice,5.6,0.4069752915758039,0.10332851790421842,3.938654108569083,0.001059074276352552,0.00555419921875,False,False
commodity_choice,5.625,0.4082529819957057,0.10367743701908601,3.937722553081152,0.0010612158562984125,0.00557708740234375,False,False
commodity_choice,5.65,0.4095306724156077,0.10402652642285774,3.9367908022892664,0.0010633622411497057,0.00560760498046875,False,False
commodity_choice,5.675,0.41080836283550937,0.10437578440691742,3.9358589271429074,0.0010655132785223971,0.005645751953125,False,False
commodity_choice,5.7,0.4120860532554113,0.10472520928462217,3.9349269967601006,0.0010676688189680092,0.00567626953125,False,False
commodity_choice,5.725,0.4133637436753131,0.10507479939096402,3.9339950784703626,0.0010698287159101405,0.0056915283203125,False,False
commodity_choice,5.75,0.4146414340952149,0.10542455308223778,3.9330632378566364,0.0010719928255825556,0.00571441650390625,False,False
commodity_choice,5.775,0.4159191245151168,0.10577446873571442,3.9321315387962144,0.0010741610069689238,0.00572967529296875,False,False
commodity_choice,5.8,0.4171968149350186,0.10612454474932033,3.931200043500686,0.0010763331217440851,0.00574493408203125,False,False
commodity_choice,5.825,0.4184745053549205,0.10647477954132228,3.930268812554928,0.0010785090342168358,0.005767822265625,False,False
commodity_choice,5.85,0.4197521957748222,0.10682517155001758,3.9293379049551653,0.0010806886112741654,0.00579833984375,False,False
commodity_choice,5.875,0.42102988619472415,0.10717571923342993,3.928407378146129,0.00108287172232689,0.00583648681640625,False,False
commodity_choice,5.9,0.4223075766146261,0.10752642106901047,3.927477288057314,0.0010850582392567109,0.0058746337890625,False,False
commodity_choice,5.925,0.4235852670345278,0.10787727555334391,3.9265476891383897,0.0010872480363645612,0.00592041015625,False,False
commodity_choice,5.95,0.42486295745442965,0.1082282812018599,3.925618634393765,0.001089440990320224,0.00594329833984375,False,False
commodity_choice,5.975,0.4261406478743314,0.10857943654854929,3.924690175416323,0.0010916369801132627,0.0059967041015625,False,False
commodity_choice,6.0,0.4274183382942334,0.10893074014568542,3.923762362420364,0.0010938358870051354,0.00605010986328125,False,False
commodity_choice,6.025,0.42869602871413526,0.10928219056355001,3.9228352442737595,0.0010960375944824797,0.00609588623046875,False,False
commodity_choice,6.05,0.429973719134037,0.10963378639016393,3.9219088685293566,0.0010982419882115681,0.006134033203125,False,False
commodity_choice,6.075,0.43125140955393887,0.10998552623102252,3.920983281455629,0.00110044895599385,0.00615692138671875,False,False
commodity_choice,6.1,0.4325290999738407,0.1103374087088355,3.9200585280666016,0.0011026583877225941,0.0061798095703125,False,False
commodity_choice,6.125,0.43380679039374254,0.11068943246327127,3.9191346521510746,0.0011048701753405784,0.0062255859375,False,False
commodity_choice,6.15,0.4350844808136443,0.11104159615070558,3.918211696301159,0.0011070842127987848,0.006256103515625,False,False
commodity_choice,6.175,0.43636217123354615,0.11139389844397452,3.917289701940131,0.001109300396016087,0.00627899169921875,False,False
commodity_choice,6.2,0.4376398616534481,0.11174633803213166,3.91636870934964,0.0011115186228399128,0.00627899169921875,False,False
commodity_choice,6.225,0.43891755207334987,0.11209891362020945,3.915448757696264,0.001113738793007842,0.00628662109375,False,False
commodity_choice,6.25,0.4401952424932518,0.11245162392898443,3.914529885057457,0.0011159608081100826,0.00630950927734375,False,False
commodity_choice,6.275,0.4414729329131536,0.11280446769474659,3.913612128446872,0.0011181845715528618,0.00634002685546875,False,False
commodity_choice,6.3,0.44275062333305537,0.11315744366907253,3.9126955238391017,0.0011204099885226547,0.00635528564453125,False,False
commodity_choice,6.325,0.44402831375295726,0.11351055061860257,3.9117801061938295,0.00112263696595126,0.00640869140625,False,False
commodity_choice,6.35,0.4453060041728591,0.11386378732482141,3.9108659094794214,0.0011248654124816815,0.00646209716796875,False,False
commodity_choice,6.375,0.44658369459276104,0.11421715258384271,3.9099529666959607,0.0011270952384347937,0.0064849853515625,False,False
commodity_choice,6.4,0.44786138501266287,0.11457064520619699,3.909041309897752,0.001129326355776781,0.00650787353515625,False,False
commodity_choice,6.425,0.4491390754325645,0.11492426401662337,3.9081309702152907,0.0011315586780873234,0.00653076171875,False,False
commodity_choice,6.45,0.4504167658524663,0.1152780078538645,3.907221977876736,0.0011337921205284746,0.0065765380859375,False,False
commodity_choice,6.475,0.4516944562723682,0.11563187557046523,3.906314362228855,0.0011360265998143202,0.00661468505859375,False,False
commodity_choice,6.5,0.45297214669227015,0.11598586603257434,3.9054081517575088,0.0011382620341812452,0.0066680908203125,False,False
commodity_choice,6.525,0.45424983711217193,0.11633997811974964,3.904503374107644,0.0011404983433589218,0.006683349609375,False,False
commodity_choice,6.55,0.4555275275320739,0.11669421072476638,3.903600056102833,0.0011427354485419,0.0067138671875,False,False
commodity_choice,6.575,0.45680521795197565,0.11704856275342879,3.902698223764342,0.0011449732723619007,0.006744384765625,False,False
commodity_choice,6.6,0.4580829083718775,0.11740303312438462,3.901797902329779,0.0011472117388606343,0.00678253173828125,False,False
commodity_choice,6.625,0.45936059879177926,0.11775762076894285,3.9008991162712934,0.001149450773463319,0.00678253173828125,False,False
commodity_choice,6.65,0.4606382892116812,0.1181123246308944,3.9000018893133612,0.0011516903029526776,0.00684356689453125,False,False
commodity_choice,6.675,0.4619159796315831,0.11846714366633569,3.8991062444501545,0.0011539302554436225,0.00687408447265625,False,False
commodity_choice,6.7,0.4631936700514849,0.11882207684349522,3.8982122039625158,0.0011561705603583845,0.00688934326171875,False,False
commodity_choice,6.725,0.46447136047138665,0.1191771231425627,3.89731978943454,0.00115841114840224,0.00691986083984375,False,False
commodity_choice,6.75,0.46574905089128854,0.11953228155552141,3.896429021769766,0.0011606519515397506,0.0069427490234375,False,False
commodity_choice,6.775,0.46702674131119043,0.11988755108598287,3.8955399212070043,0.0011628929029715363,0.006988525390625,False,False
commodity_choice,6.8,0.4683044317310921,0.12024293074902438,3.8946525073357945,0.0011651339371115104,0.00701141357421875,False,False
commodity_choice,6.825,0.46958212215099404,0.12059841957102926,3.8937667991115146,0.0011673749895646124,0.007049560546875,False,False
commodity_choice,6.85,0.47085981257089593,0.12095401658952945,3.892882814870131,0.0011696159971050415,0.00708770751953125,False,False
commodity_choice,6.875,0.4721375029907976,0.12130972085305095,3.892000572342619,0.0011718568976549358,0.00714874267578125,False,False
commodity_choice,6.9,0.4734151934106996,0.12166553142096133,3.8911200886690622,0.0011740976302634576,0.0071868896484375,False,False
commodity_choice,6.925,0.47469288383060126,0.12202144736332024,3.8902413804123945,0.0011763381350864315,0.00722503662109375,False,False
commodity_choice,6.95,0.4759705742505032,0.1223774677607318,3.889364463571876,0.0011785783533662614,0.0072784423828125,False,False
commodity_choice,6.975,0.47724826467040504,0.12273359170419965,3.888489353596215,0.001180818227412405,0.00732421875,False,False
commodity_choice,7.0,0.47852595509030693,0.12308981829498426,3.8876160653964194,0.0011830577005821625,0.007354736328125,False,False
commodity_choice,7.025,0.47980364551020876,0.12344614664446239,3.886744613358347,0.0011852967172619028,0.0073699951171875,False,False
commodity_choice,7.05,0.4810813359301105,0.12380257587398898,3.8858750113549623,0.0011875352228486672,0.00739288330078125,False,False
commodity_choice,7.075,0.4823590263500124,0.12415910511476112,3.8850072727583256,0.001189773163732146,0.0074005126953125,False,False
commodity_choice,7.1,0.4836367167699142,0.12451573350768416,3.884141410451297,0.0011920104872770534,0.0074462890625,False,False
commodity_choice,7.125,0.4849144071898161,0.12487246020323997,3.883277436838987,0.0011942471418058165,0.00746917724609375,False,False
commodity_choice,7.15,0.48619209760971804,0.12522928436135738,3.8824153638599306,0.001196483076581658,0.007476806640625,False,False
commodity_choice,7.175,0.4874697880296197,0.12558620515128432,3.881555202997027,0.0011987182417919804,0.00751495361328125,False,False
commodity_choice,7.2,0.4887474784495216,0.1259432217514625,3.880696965288218,0.001200952588532127,0.00751495361328125,False,False
commodity_choice,7.225,0.49002516886942343,0.12630033334940352,3.879840661336922,0.0012031860687894596,0.00756072998046875,False,False
commodity_choice,7.25,0.49130285928932527,0.12665753914156735,3.8789863013222408,0.001205418635427707,0.007598876953125,False,False
commodity_choice,7.275,0.49258054970922716,0.1270148383332424,3.878133895008932,0.0012076502421717163,0.00763702392578125,False,False
commodity_choice,7.3,0.493858240129129,0.12737223013842755,3.877283451757154,0.0012098808435924127,0.00765228271484375,False,False
commodity_choice,7.325,0.49513593054903077,0.12772971377971618,3.8764349805319904,0.0012121103950921207,0.0076904296875,False,False
commodity_choice,7.35,0.4964136209689326,0.12808728848818177,3.8755884899127615,0.0012143388528901603,0.00772857666015625,False,False
commodity_choice,7.375,0.4976913113888345,0.12844495350326535,3.874743988102126,0.001216566174008696,0.00774383544921875,False,False
commodity_choice,7.4,0.4989690018087363,0.1288027080726648,3.8739014829349707,0.0012187923162589244,0.00775146484375,False,False
commodity_choice,7.425,0.5002466922286382,0.12916055145222569,3.8730609818871127,0.001221017238227466,0.007781982421875,False,False
commodity_choice,7.45,0.5015243826485398,0.12951848290583393,3.8722224920837887,0.001223240899263067,0.0078125,False,False
commodity_choice,7.475,0.5028020730684418,0.12987650170530984,3.871386020307978,0.0012254632594635181,0.007843017578125,False,False
commodity_choice,7.5,0.5040797634883439,0.13023460713030438,3.8705515730085023,0.0012276842796628959,0.00785064697265625,False,False
commodity_choice,7.525,0.5053574539082457,0.13059279846819627,3.8697191563079736,0.0012299039214189757,0.00786590576171875,False,False
commodity_choice,7.55,0.5066351443281473,0.13095107501399114,3.8688887760105604,0.0012321221470009169,0.0078887939453125,False,False
commodity_choice,7.575,0.5079128347480492,0.1313094360702222,3.8680604376095675,0.0012343389193771742,0.0078887939453125,False,False
commodity_choice,7.6,0.5091905251679508,0.13166788094685208,3.867234146294845,0.0012365542022036758,0.0079345703125,False,False
commodity_choice,7.625,0.5104682155878529,0.13202640896117665,3.8664099069600533,0.0012387679598121653,0.0079498291015625,False,False
commodity_choice,7.65,0.5117459060077547,0.13238501943772998,3.865587724209724,0.0012409801571988514,0.00801849365234375,False,False
commodity_choice,7.675,0.5130235964276565,0.1327437117081907,3.8647676023662174,0.0012431907600131378,0.0080413818359375,False,False
commodity_choice,7.7,0.5143012868475583,0.13310248511128991,3.8639495454764776,0.0012453997345467113,0.00806427001953125,False,False
commodity_choice,7.725,0.5155789772674604,0.13346133899272053,3.8631335573186627,0.0012476070477227335,0.00809478759765625,False,False
commodity_choice,7.75,0.516856667687362,0.133820272705048,3.8623196414086,0.0012498126670853096,0.0081329345703125,False,False
commodity_choice,7.775,0.5181343581072639,0.1341792856076219,3.861507801006148,0.0012520165607890475,0.0081634521484375,False,False
commodity_choice,7.8,0.5194120485271658,0.13453837706648966,3.860698039121353,0.0012542186975889396,0.00818634033203125,False,False
commodity_choice,7.825,0.5206897389470675,0.13489754645431082,3.859890358520514,0.0012564190468303431,0.0081939697265625,False,False
commodity_choice,7.85,0.5219674293669695,0.13525679315027303,3.859084761732101,0.0012586175784391569,0.0082244873046875,False,False
commodity_choice,7.875,0.5232451197868714,0.13561611654000927,3.8582812510525204,0.0012608142629122322,0.00826263427734375,False,False
commodity_choice,7.9,0.5245228102067732,0.13597551601551588,3.857479828551788,0.001263009071307884,0.00826263427734375,False,False
commodity_choice,7.925,0.5258005006266749,0.1363349909750724,3.8566804960790493,0.0012652019752366257,0.0082855224609375,False,False
commodity_choice,7.95,0.5270781910465769,0.13669454082316215,3.855883255267985,0.0012673929468520627,0.00830078125,False,False
commodity_choice,7.975,0.5283558814664786,0.13705416497039422,3.855088107542091,0.0012695819588419617,0.0083465576171875,False,False
commodity_choice,8.0,0.5296335718863805,0.13741386283342644,3.854295054119861,0.001271768984419427,0.00838470458984375,False,False
commodity_choice,8.025,0.5309112623062823,0.1377736338348897,3.8535040960198197,0.001273953997314331,0.00843048095703125,False,False
commodity_choice,8.05,0.5321889527261844,0.13813347740331308,3.8527152340654824,0.0012761369717647945,0.00844573974609375,False,False
commodity_choice,8.075,0.5334666431460859,0.13849339297305033,3.8519284688901667,0.0012783178825089144,0.0084686279296875,False,False
commodity_choice,8.1,0.5347443335659879,0.13885337998420752,3.8511438009417347,0.0012804967047765753,0.008514404296875,False,False
commodity_choice,8.125,0.5360220239858896,0.1392134378825712,3.8503612304871955,0.0012826734142814369,0.00855255126953125,False,False
commodity_choice,8.15,0.5372997144057916,0.13957356611953822,3.849580757617238,0.0012848479872130314,0.0085906982421875,False,False
commodity_choice,8.175,0.5385774048256933,0.1399337641520464,3.848802382250625,0.0012870204002290839,0.00861358642578125,False,False
commodity_choice,8.2,0.5398550952455949,0.14029403144250568,3.8480261041385395,0.0012891906304478389,0.0086822509765625,False,False
commodity_choice,8.225,0.541132785665497,0.14065436745873136,3.8472519228687863,0.0012913586554406322,0.00872802734375,False,False
commodity_choice,8.25,0.5424104760853988,0.1410147716738771,3.846479837869922,0.0012935244532245862,0.0087738037109375,False,False
commodity_choice,8.275,0.5436881665053006,0.14137524356636977,3.8457098484153045,0.0012956880022553343,0.0088043212890625,False,False
commodity_choice,8.3,0.5449658569252025,0.14173578261984474,3.8449419536270346,0.0012978492814199854,0.00882720947265625,False,False
commodity_choice,8.325,0.5462435473451043,0.14209638832308227,3.844176152479816,0.0013000082700301745,0.00885009765625,False,False
commodity_choice,8.35,0.5475212377650062,0.142457060169945,3.843412443804733,0.0013021649478151885,0.0088653564453125,False,False
commodity_choice,8.375,0.548798928184908,0.14281779765931585,3.8426508262929406,0.0013043192949152914,0.00891876220703125,False,False
commodity_choice,8.4,0.5500766186048098,0.14317860029503726,3.841891298499278,0.0013064712918750949,0.00893402099609375,False,False
commodity_choice,8.425,0.5513543090247117,0.14353946758585123,3.8411338588457955,0.0013086209196370947,0.00896453857421875,False,False
commodity_choice,8.45,0.5526319994446136,0.14390039904533977,3.8403785056252118,0.0013107681595352684,0.00901031494140625,False,False
commodity_choice,8.475,0.5539096898645155,0.144261394191867,3.839625237004282,0.0013129129932888527,0.0090484619140625,False,False
commodity_choice,8.5,0.5551873802844173,0.14462245254852124,3.838874051027107,0.0013150554029961444,0.00907135009765625,False,False
commodity_choice,8.525,0.556465070704319,0.14498357364305836,3.8381249456183615,0.001317195371128467,0.00909423828125,False,False
commodity_choice,8.55,0.5577427611242209,0.145344757007846,3.837377918586447,0.0013193328805242268,0.00911712646484375,False,False
commodity_choice,8.575,0.5590204515441227,0.1457060021798082,3.836632967626582,0.0013214679143830634,0.00913238525390625,False,False
commodity_choice,8.6,0.5602981419640246,0.1460673087003713,3.8358900903238204,0.0013236004562600851,0.00916290283203125,False,False
commodity_choice,8.625,0.5615758323839265,0.14642867611541013,3.835149284156004,0.0013257304900602517,0.0092010498046875,False,False
commodity_choice,8.65,0.5628535228038285,0.14679010397519518,3.834410546496652,0.0013278580000327873,0.0092010498046875,False,False
commodity_choice,8.675,0.56413121322373,0.14715159183434057,3.833673874617777,0.0013299829707657462,0.00920867919921875,False,False
commodity_choice,8.7,0.565408903643632,0.14751313925175244,3.8329392656926666,0.00133210538718059,0.00921630859375,False,False
commodity_choice,8.725,0.5666865940635337,0.14787474579057877,3.8322067167985474,0.0013342252345270164,0.00923919677734375,False,False
commodity_choice,8.75,0.5679642844834358,0.1482364110181587,3.831476224919269,0.0013363424983776193,0.00927734375,False,False
commodity_choice,8.775,0.5692419749033374,0.14859813450597387,3.8307477869478435,0.0013384571646229393,0.00928497314453125,False,False
commodity_choice,8.8,0.5705196653232391,0.1489599158295994,3.830021399689008,0.0013405692194663136,0.00933074951171875,False,False
commodity_choice,8.825,0.5717973557431411,0.1493217545686561,3.8292970598616725,0.001342678649419012,0.00933837890625,False,False
commodity_choice,8.85,0.5730750461630432,0.1496836503067634,3.8285747641013335,0.0013447854412953798,0.0093841552734375,False,False
commodity_choice,8.875,0.5743527365829448,0.1500456026314924,3.827854508962441,0.0013468895822080491,0.0093994140625,False,False
commodity_choice,8.9,0.5756304270028468,0.15040761113431994,3.8271362909207176,0.001348991059563224,0.009429931640625,False,False
commodity_choice,8.925,0.5769081174227486,0.15076967541058353,3.8264201063753935,0.0013510898610561177,0.00945281982421875,False,False
commodity_choice,8.95,0.5781858078426503,0.15113179505943622,3.8257059516514365,0.0013531859746663429,0.00949859619140625,False,False
commodity_choice,8.975,0.5794634982625522,0.15149396968380285,3.824993823001696,0.0013552793886535115,0.0095062255859375,False,False
commodity_choice,9.0,0.580741188682454,0.15185619889033616,3.824283716609024,0.0013573700915527887,0.0095367431640625,False,False
commodity_choice,9.025,0.5820188791023558,0.15221848228937418,3.8235756285883324,0.0013594580721705961,0.00955963134765625,False,False
commodity_choice,9.05,0.5832965695222576,0.15258081949489755,3.822869554988618,0.0013615433195803554,0.00957489013671875,False,False
commodity_choice,9.075,0.5845742599421595,0.15294321012448805,3.822165491794932,0.001363625823118306,0.00957489013671875,False,False
commodity_choice,9.1,0.5858519503620614,0.1533056537992873,3.8214634349303105,0.0013657055723793879,0.00958251953125,False,False
commodity_choice,9.125,0.5871296407819633,0.1536681501439559,3.8207633802576644,0.0013677825572132004,0.0096282958984375,False,False
commodity_choice,9.15,0.5884073312018651,0.15403069878663356,3.8200653235816247,0.0013698567677200015,0.0096588134765625,False,False
commodity_choice,9.175,0.5896850216217671,0.1543932993588993,3.8193692606503475,0.0013719281942468056,0.0096893310546875,False,False
commodity_choice,9.2,0.590962712041669,0.15475595149573274,3.818675187157272,0.0013739968273835345,0.009735107421875,False,False
commodity_choice,9.225,0.5922404024615705,0.1551186548354752,3.817983098742852,0.0013760626579592075,0.00977325439453125,False,False
commodity_choice,9.25,0.5935180928814725,0.15548140901979188,3.817292990996249,0.0013781256770381977,0.00977325439453125,False,False
commodity_choice,9.275,0.5947957833013742,0.15584421369363433,3.8166048594569633,0.0013801858759166052,0.0097808837890625,False,False
commodity_choice,9.3,0.5960734737212763,0.15620706850520338,3.8159186996164682,0.0013822432461185776,0.0098114013671875,False,False
commodity_choice,9.325,0.5973511641411778,0.15656997310591284,3.8152345069197624,0.0013842977793928392,0.00982666015625,False,False
commodity_choice,9.35,0.5986288545610798,0.1569329271503532,3.814552276766938,0.0013863494677090872,0.00984954833984375,False,False
commodity_choice,9.375,0.5999065449809815,0.15729593029625613,3.813872004514666,0.0013883983032546405,0.00989532470703125,False,False
commodity_choice,9.4,0.6011842354008834,0.15765898220445954,3.8131936854776822,0.001390444278430985,0.0099334716796875,False,False
commodity_choice,9.425,0.6024619258207855,0.1580220825388728,3.812517314930224,0.0013924873858504698,0.00994110107421875,False,False
commodity_choice,9.45,0.6037396162406872,0.1583852309664426,3.8118428881074315,0.0013945276183330241,0.0099639892578125,False,False
commodity_choice,9.475,0.6050173066605888,0.1587484271571194,3.8111704002067373,0.0013965649689029191,0.0099945068359375,False,False
commodity_choice,9.5,0.6062949970804906,0.1591116707838238,3.810499846389207,0.0013985994307855571,0.010009765625,False,False
commodity_choice,9.525,0.6075726875003926,0.15947496152241403,3.8098312217808497,0.0014006309974043986,0.0100250244140625,False,False
commodity_choice,9.55,0.6088503779202946,0.15983829905165328,3.8091645214739103,0.0014026596623778382,0.01004791259765625,False,False
commodity_choice,9.575,0.6101280683401964,0.16020168305317792,3.808499740528121,0.0014046854195161875,0.01007080078125,False,False
commodity_choice,9.6,0.6114057587600983,0.16056511321146577,3.807836873971939,0.0014067082628186794,0.01007080078125,False,False
commodity_choice,9.625,0.61268344918,0.160928589213805,3.807175916803736,0.0014087281864705427,0.01010894775390625,False,False
commodity_choice,9.65,0.6139611395999018,0.16129211075026323,3.806516863992989,0.0014107451848400746,0.0101318359375,False,False
commodity_choice,9.675,0.6152388300198037,0.16165567751365734,3.805859710481408,0.0014127592524758367,0.0101470947265625,False,False
commodity_choice,9.7,0.6165165204397056,0.16201928919952335,3.8052044511840712,0.0014147703841038293,0.0101776123046875,False,False
commodity_choice,9.725,0.6177942108596073,0.16238294550608698,3.804551080990516,0.0014167785746247298,0.01019287109375,False,False
commodity_choice,9.75,0.6190719012795092,0.16274664613423426,3.8038995947658147,0.0014187838191111564,0.010223388671875,False,False
commodity_choice,9.775,0.6203495916994112,0.1631103907874827,3.8032499873516183,0.0014207861128050236,0.01023101806640625,False,False
commodity_choice,9.8,0.6216272821193131,0.16347417917195306,3.8026022535671764,0.001422785451114897,0.01025390625,False,False
commodity_choice,9.825,0.6229049725392147,0.16383801099634082,3.801956388210345,0.0014247818296133866,0.01027679443359375,False,False
commodity_choice,9.85,0.6241826629591166,0.16420188597188892,3.8013123860585596,0.0014267752440345987,0.0102996826171875,False,False
commodity_choice,9.875,0.6254603533790184,0.16456580381235997,3.800670241869789,0.0014287656902716253,0.010345458984375,False,False
commodity_choice,9.9,0.6267380437989202,0.1649297642340093,3.8000299503834727,0.0014307531643740533,0.0103912353515625,False,False
commodity_choice,9.925,0.6280157342188221,0.16529376695555842,3.7993915063214274,0.0014327376625455429,0.01043701171875,False,False
commodity_choice,9.95,0.629293424638724,0.16565781169816843,3.7987549043887414,0.0014347191811414175,0.01045989990234375,False,False
commodity_choice,9.975,0.6305711150586258,0.16602189818541413,3.7981201392746438,0.0014366977166662914,0.010467529296875,False,False
commodity_choice,10.0,0.6318488054785277,0.16638602614325831,3.797487205653353,0.0014386732657717602,0.010498046875,False,False
commodity_choice,10.025,0.6331264958984296,0.16675019530002613,3.796856098184914,0.0014406458252540725,0.0105133056640625,False,False
commodity_choice,10.05,0.6344041863183314,0.16711440538638048,3.796226811516,0.0014426153920519187,0.01055145263671875,False,False
commodity_choice,10.075,0.6356818767382328,0.16747865613529672,3.7955993402807144,0.0014445819632441614,0.01059722900390625,False,False
commodity_choice,10.1,0.6369595671581348,0.16784294728203875,3.7949736791013637,0.001446545536047646,0.01062774658203125,False,False
commodity_choice,10.125,0.6382372575780366,0.16820727856413448,3.7943498225892047,0.001448506107815107,0.01064300537109375,False,False
commodity_choice,10.15,0.6395149479979386,0.16857164972135216,3.793727765345197,0.0014504636760329487,0.01065826416015625,False,False
commodity_choice,10.175,0.6407926384178404,0.16893606049567683,3.7931075019607117,0.0014524182383192279,0.01068878173828125,False,False
commodity_choice,10.2,0.6420703288377423,0.16930051063128693,3.79248902701825,0.0014543697924215351,0.010711669921875,False,False
commodity_choice,10.225,0.6433480192576441,0.1696649998745318,3.7918723350921137,0.0014563183362150311,0.0107269287109375,False,False
commodity_choice,10.25,0.6446257096775458,0.17002952797390825,3.791257420749097,0.0014582638677003614,0.0107421875,False,False
commodity_choice,10.275,0.645903400097448,0.1703940946800388,3.7906442785491308,0.001460206385001751,0.01074981689453125,False,False
commodity_choice,10.3,0.6471810905173497,0.17075869974564936,3.790032903045918,0.0014621458863650612,0.01076507568359375,False,False
commodity_choice,10.325,0.6484587809372515,0.1711233429255473,3.7894232887875754,0.001464082370155833,0.0107879638671875,False,False
commodity_choice,10.35,0.6497364713571532,0.17148802397659987,3.7888154303172326,0.0014660158348574475,0.0108184814453125,False,False
commodity_choice,10.375,0.6510141617770552,0.17185274265771305,3.788209322173634,0.0014679462790692342,0.01085662841796875,False,False
commodity_choice,10.4,0.6522918521969572,0.17221749872981035,3.7876049588917144,0.001469873701504687,0.01087188720703125,False,False
commodity_choice,10.425,0.653569542616859,0.17258229195581193,3.787002335003172,0.0014717981009896388,0.010894775390625,False,False
commodity_choice,10.45,0.6548472330367606,0.17294712210061436,3.786401445037023,0.0014737194764604757,0.01091766357421875,False,False
commodity_choice,10.475,0.6561249234566625,0.17331198893107,3.785802283520143,0.0014756378269624145,0.010955810546875,False,False
commodity_choice,10.5,0.6574026138765645,0.17367689221596713,3.7852048449777915,0.0014775531516477754,0.010986328125,False,False
commodity_choice,10.525,0.6586803042964665,0.17404183172601012,3.7846091239341306,0.001479465449774274,0.010986328125,False,False
commodity_choice,10.55,0.6599579947163683,0.17440680723379978,3.784015114912725,0.001481374720703364,0.0110015869140625,False,False
commodity_choice,10.575,0.66123568513627,0.17477181851381413,3.7834228124370366,0.0014832809638985892,0.011016845703125,False,False
commodity_choice,10.6,0.6625133755561715,0.17513686534238923,3.7828322110309016,0.0014851841789239586,0.01103973388671875,False,False
commodity_choice,10.625,0.6637910659760737,0.1755019474977004,3.7822433052189997,0.001487084365442324,0.01105499267578125,False,False
commodity_choice,10.65,0.6650687563959755,0.17586706475974356,3.7816560895272957,0.0014889815232138864,0.0111083984375,False,False
commodity_choice,10.675,0.6663464468158774,0.17623221691031662,3.7810705584835067,0.0014908756520945446,0.0111236572265625,False,False
commodity_choice,10.7,0.6676241372357788,0.17659740373300156,3.780486706617516,0.0014927667520344351,0.01114654541015625,False,False
commodity_choice,10.725,0.6689018276556808,0.1769626250131463,3.77990452846181,0.001494654823076386,0.0111541748046875,False,False
commodity_choice,10.75,0.6701795180755828,0.177327880537847,3.7793240185518755,0.0014965398653544726,0.0111846923828125,False,False
commodity_choice,10.775,0.6714572084954846,0.17769317009593041,3.778745171426612,0.001498421879092525,0.0112152099609375,False,False
commodity_choice,10.8,0.6727348989153864,0.1780584934779366,3.778167981628721,0.001500300864602694,0.01123809814453125,False,False
commodity_choice,10.825,0.6740125893352882,0.1784238504761018,3.777592443705086,0.0015021768222840443,0.01123809814453125,False,False
commodity_choice,10.85,0.6752902797551901,0.1787892408843415,3.7770185522071453,0.0015040497526211355,0.01125335693359375,False,False
commodity_choice,10.875,0.6765679701750921,0.1791546644982337,3.776446301691254,0.0015059196561826736,0.011260986328125,False,False
commodity_choice,10.9,0.6778456605949938,0.17952012111500226,3.775875686719037,0.0015077865336201198,0.01126861572265625,False,False
commodity_choice,10.925,0.6791233510148957,0.1798856105335007,3.775306701857736,0.0015096503856663714,0.0112762451171875,False,False
commodity_choice,10.95,0.6804010414347974,0.18025113255419592,3.7747393416805406,0.0015115112131344399,0.01128387451171875,False,False
commodity_choice,10.975,0.6816787318546994,0.18061668697915254,3.7741736007669178,0.001513369016916145,0.0113067626953125,False,False
commodity_choice,11.0,0.6829564222746012,0.18098227361201658,3.773609473702928,0.0015152237979808546,0.01134490966796875,False,False
commodity_choice,11.025,0.6842341126945028,0.18134789225800038,3.7730469550815364,0.0015170755573741981,0.01136016845703125,False,False
commodity_choice,11.05,0.6855118031144046,0.18171354272386694,3.7724860395029154,0.0015189242962168256,0.011383056640625,False,False
commodity_choice,11.075,0.6867894935343068,0.18207922481791464,3.7719267215747405,0.0015207700157031895,0.0113983154296875,False,False
commodity_choice,11.1,0.6880671839542087,0.1824449383499626,3.771368995912458,0.0015226127171003665,0.01143646240234375,False,False
commodity_choice,11.125,0.6893448743741105,0.18281068313133503,3.7708128571395947,0.0015244524017467957,0.01146697998046875,False,False
commodity_choice,11.15,0.6906225647940125,0.1831764589748474,3.7702582998880017,0.0015262890710511744,0.01151275634765625,False,False
commodity_choice,11.175,0.6919002552139141,0.18354226569479123,3.76970531879813,0.0015281227264912624,0.0115203857421875,False,False
commodity_choice,11.2,0.6931779456338157,0.18390810310692002,3.7691539085192876,0.0015299533696127444,0.01154327392578125,False,False
commodity_choice,11.225,0.694455636053718,0.18427397102843507,3.7686040637098848,0.0015317810020281264,0.01157379150390625,False,False
commodity_choice,11.25,0.6957333264736195,0.18463986927797138,3.768055779037667,0.0015336056254156376,0.01160430908203125,False,False
commodity_choice,11.275,0.6970110168935214,0.18500579767558367,3.767509049179977,0.0015354272415180861,0.011627197265625,False,False
commodity_choice,11.3,0.6982887073134231,0.18537175604273287,3.7669638688239533,0.0015372458521418486,0.0116424560546875,False,False
commodity_choice,11.325,0.6995663977333251,0.18573774420227226,3.7664202326667793,0.0015390614591557408,0.01165008544921875,False,False
commodity_choice,11.35,0.7008440881532271,0.18610376197843453,3.765878135415876,0.001540874064490059,0.01165008544921875,False,False
commodity_choice,11.375,0.7021217785731289,0.18646980919681805,3.7653375717891278,0.0015426836701354773,0.0116729736328125,False,False
commodity_choice,11.4,0.7033994689930305,0.18683588568437398,3.764798536515083,0.0015444902781420703,0.01169586181640625,False,False
commodity_choice,11.425,0.7046771594129326,0.1872019912693933,3.7642610243331545,0.001546293890618272,0.01172637939453125,False,False
commodity_choice,11.45,0.7059548498328341,0.18756812578149398,3.763725029993799,0.0015480945097299686,0.01177215576171875,False,False
commodity_choice,11.475,0.7072325402527362,0.18793428905160847,3.763190548258725,0.0015498921376994356,0.01178741455078125,False,False
commodity_choice,11.5,0.7085102306726379,0.18830048091197094,3.7626575739010515,0.0015516867768044535,0.011810302734375,False,False
commodity_choice,11.525,0.7097879210925399,0.1886667011961049,3.762126101705507,0.0015534784293773016,0.01183319091796875,False,False
commodity_choice,11.55,0.7110656115124416,0.1890329497388113,3.7615961264685764,0.0015552670978038858,0.01183319091796875,False,False
commodity_choice,11.575,0.7123433019323433,0.189399226376156,3.7610676429986842,0.0015570527845227783,0.01186370849609375,False,False
commodity_choice,11.6,0.7136209923522454,0.18976553094545817,3.7605406461163495,0.0015588354920243255,0.01189422607421875,False,False
commodity_choice,11.625,0.7148986827721472,0.19013186328527815,3.7600151306543346,0.001560615222849784,0.01190948486328125,False,False
commodity_choice,11.65,0.7161763731920489,0.19049822323540605,3.759491091457803,0.0015623919795904001,0.0119171142578125,False,False
commodity_choice,11.675,0.717454063611951,0.19086461063684987,3.758968523384468,0.001564165764886553,0.01192474365234375,False,False
commodity_choice,11.7,0.7187317540318526,0.1912310253318243,3.7584474213047203,0.0015659365814269313,0.01195526123046875,False,False
commodity_choice,11.725,0.7200094444517546,0.19159746716373927,3.7579277801017814,0.0015677044319476452,0.0119781494140625,False,False
commodity_choice,11.75,0.7212871348716564,0.19196393597718897,3.757409594671818,0.0015694693192314566,0.01200103759765625,False,False
commodity_choice,11.775,0.7225648252915583,0.19233043161794047,3.7568928599240863,0.0015712312461068992,0.01200103759765625,False,False
commodity_choice,11.8,0.7238425157114601,0.19269695393292305,3.7563775707810434,0.0015729902154475058,0.01202392578125,False,False
commodity_choice,11.825,0.725120206131362,0.19306350277021717,3.755863722178474,0.0015747462301710078,0.0120391845703125,False,False
commodity_choice,11.85,0.7263978965512639,0.19343007797904407,3.755351309065598,0.0015764992932385644,0.0120849609375,False,False
commodity_choice,11.875,0.7276755869711656,0.1937966794097549,3.754840326405188,0.001578249407653969,0.01209259033203125,False,False
commodity_choice,11.9,0.7289532773910672,0.19416330691382028,3.754330769173675,0.0015799965764628898,0.0121002197265625,False,False
commodity_choice,11.925,0.7302309678109691,0.19452996034382014,3.753822632361253,0.0015817408027521333,0.0121307373046875,False,False
commodity_choice,11.95,0.731508658230871,0.1948966395534333,3.753315910971974,0.0015834820896488988,0.012176513671875,False,False
commodity_choice,11.975,0.732786348650773,0.19526334439742757,3.7528106000238455,0.0015852204403200565,0.01218414306640625,False,False
commodity_choice,12.0,0.7340640390706746,0.1956300747316494,3.7523066945489254,0.0015869558579714189,0.01219940185546875,False,False
commodity_choice,12.025,0.7353417294905766,0.19599683041301424,3.7518041895934138,0.0015886883458470086,0.01221466064453125,False,False
commodity_choice,12.05,0.7366194199104783,0.19636361129949667,3.7513030802177267,0.001590417907228424,0.01222991943359375,False,False
commodity_choice,12.075,0.7378971103303804,0.19673041725012064,3.750803361496596,0.001592144545434076,0.01226806640625,False,False
commodity_choice,12.1,0.739174800750282,0.1970972481249501,3.7503050285191244,0.001593868263818584,0.01226806640625,False,False
commodity_choice,12.125,0.7404524911701839,0.19746410378507925,3.7498080763888884,0.001595589065772029,0.01227569580078125,False,False
commodity_choice,12.15,0.7417301815900856,0.19783098409262326,3.7493125002239895,0.0015973069547193493,0.01230621337890625,False,False
commodity_choice,12.175,0.7430078720099875,0.19819788891070914,3.7488182951571334,0.0015990219341196824,0.01232147216796875,False,False
commodity_choice,12.2,0.7442855624298895,0.19856481810346624,3.748325456335696,0.0016007340074656845,0.01235198974609375,False,False
commodity_choice,12.225,0.7455632528497916,0.19893177153601757,3.747833978921782,0.0016024431782829635,0.01236724853515625,False,False
commodity_choice,12.25,0.7468409432696932,0.19929874907447057,3.7473438580922873,0.0016041494501294136,0.01239776611328125,False,False
commodity_choice,12.275,0.7481186336895951,0.19966575058590816,3.746855089038967,0.0016058528265945787,0.01239776611328125,False,False
commodity_choice,12.3,0.7493963241094971,0.20003277593838012,3.7463676669684762,0.0016075533112990968,0.01241302490234375,False,False
commodity_choice,12.325,0.7506740145293986,0.20039982500089443,3.745881587102425,0.0016092509078940978,0.01247406005859375,False,False
commodity_choice,12.35,0.7519517049493005,0.20076689764340847,3.7453968446774395,0.0016109456200605577,0.0124969482421875,False,False
commodity_choice,12.375,0.7532293953692023,0.20113399373682067,3.7449134349451945,0.0016126374515088,0.0125274658203125,False,False
commodity_choice,12.4,0.7545070857891041,0.20150111315296199,3.7444313531724682,0.001614326405977856,0.01256561279296875,False,False
commodity_choice,12.425,0.7557847762090061,0.20186825576458767,3.7439505946411815,0.001616012487234939,0.0125732421875,False,False
commodity_choice,12.45,0.757062466628908,0.20223542144536893,3.743471154648434,0.0016176956990748758,0.0125732421875,False,False
commodity_choice,12.475,0.7583401570488097,0.2026026100698849,3.7429930285065485,0.001619376045319558,0.012603759765625,False,False
commodity_choice,12.5,0.7596178474687116,0.20296982151361434,3.7425162115431023,0.0016210535298173967,0.01262664794921875,False,False
commodity_choice,12.525,0.7608955378886132,0.20333705565292798,3.7420406991009587,0.0016227281564428096,0.01263427734375,False,False
commodity_choice,12.55,0.7621732283085154,0.20370431236508027,3.741566486538308,0.001624399929095656,0.01264190673828125,False,False
commodity_choice,12.575,0.763450918728417,0.20407159152820187,3.741093569228675,0.0016260688517007848,0.0126495361328125,False,False
commodity_choice,12.6,0.7647286091483189,0.20443889302129178,3.74062194256097,0.001627734928207445,0.012664794921875,False,False
commodity_choice,12.625,0.7660062995682206,0.20480621672420962,3.7401516019394982,0.00162939816258885,0.0126800537109375,False,False
commodity_choice,12.65,0.7672839899881225,0.2051735625176681,3.7396825427839877,0.0016310585588416291,0.012725830078125,False,False
commodity_choice,12.675,0.7685616804080244,0.20554093028322562,3.739214760529608,0.0016327161209853751,0.0127410888671875,False,False
commodity_choice,12.7,0.7698393708279261,0.20590831990327876,3.73874825062699,0.0016343708530621513,0.01277923583984375,False,False
commodity_choice,12.725,0.7711170612478279,0.206275731261055,3.738283008542243,0.0016360227591360047,0.0128173828125,False,False
commodity_choice,12.75,0.7723947516677296,0.20664316424060533,3.7378190297569702,0.0016376718432925058,0.01284027099609375,False,False
commodity_choice,12.775,0.7736724420876319,0.2070106187267972,3.737356309768283,0.0016393181096382892,0.01287841796875,False,False
commodity_choice,12.8,0.7749501325075338,0.20737809460530743,3.736894844088805,0.0016409615623006082,0.0128936767578125,False,False
commodity_choice,12.825,0.7762278229274355,0.20774559176261503,3.736434628246692,0.001642602205426862,0.01290130615234375,False,False
commodity_choice,12.85,0.7775055133473371,0.20811311008599426,3.735975657785637,0.001644240043184158,0.0129241943359375,False,False
commodity_choice,12.875,0.7787832037672391,0.20848064946350786,3.7355179282648776,0.0016458750797588792,0.01293182373046875,False,False
commodity_choice,12.9,0.7800608941871412,0.20884820978400015,3.7350614352591958,0.001647507319356271,0.0129547119140625,False,False
commodity_choice,12.925,0.7813385846070429,0.20921579093709028,3.7346061743589227,0.001649136766200003,0.01296234130859375,False,False
commodity_choice,12.95,0.7826162750269446,0.2095833928131654,3.7341521411699516,0.0016507634245317368,0.01297760009765625,False,False
commodity_choice,12.975,0.7838939654468465,0.2099510153033744,3.7336993313137246,0.0016523872986107244,0.0130157470703125,False,False
commodity_choice,13.0,0.7851716558667482,0.210318658299621,3.733247740427237,0.0016540083927134228,0.01302337646484375,False,False
commodity_choice,13.025,0.7864493462866502,0.21068632169455737,3.7327973641630408,0.0016556267111330469,0.013031005859375,False,False
commodity_choice,13.05,0.787727036706552,0.2110540053815779,3.7323481981892286,0.001657242258179231,0.01303863525390625,False,False
commodity_choice,13.075,0.7890047271264538,0.21142170925481263,3.7319002381894397,0.001658855038177598,0.01309967041015625,False,False
commodity_choice,13.1,0.7902824175463558,0.21178943320912105,3.731453479862852,0.0016604650554693748,0.01309967041015625,False,False
commodity_choice,13.125,0.7915601079662573,0.21215717714008597,3.731007918924164,0.0016620723144110641,0.01311492919921875,False,False
commodity_choice,13.15,0.7928377983861594,0.212524940944007,3.730563551103608,0.001663676819373985,0.01312255859375,False,False
commodity_choice,13.175,0.7941154888060611,0.21289272451789507,3.7301203721469136,0.0016652785747439992,0.01316070556640625,False,False
commodity_choice,13.2,0.7953931792259629,0.21326052775946575,3.7296783778153184,0.0016668775849210812,0.0131683349609375,False,False
commodity_choice,13.225,0.7966708696458646,0.2136283505671337,3.729237563885544,0.0016684738543189864,0.01317596435546875,False,False
commodity_choice,13.25,0.7979485600657664,0.21399619284000665,3.728797926149786,0.0016700673873648979,0.01322174072265625,False,False
commodity_choice,13.275,0.7992262504856684,0.2143640544778794,3.7283594604157013,0.001671658188499067,0.013275146484375,False,False
commodity_choice,13.3,0.8005039409055705,0.2147319353812283,3.7279221625063874,0.001673246262174512,0.0132904052734375,False,False
commodity_choice,13.325,0.8017816313254721,0.21509983545120526,3.7274860282603695,0.0016748316128566256,0.01331329345703125,False,False
commodity_choice,13.35,0.803059321745374,0.21546775458963222,3.727051053531586,0.0016764142450228668,0.01331329345703125,False,False
commodity_choice,13.375,0.804337012165276,0.21583569269899544,3.7266172341893644,0.0016779941631624399,0.013336181640625,False,False
commodity_choice,13.4,0.805614702585178,0.21620364968244,3.7261845661184037,0.0016795713717759665,0.01334381103515625,False,False
commodity_choice,13.425,0.8068923930050796,0.21657162544376415,3.7257530452187537,0.0016811458753751628,0.0133514404296875,False,False
commodity_choice,13.45,0.8081700834249814,0.21693961988741414,3.7253226674057975,0.001682717678482522,0.0133819580078125,False,False
commodity_choice,13.475,0.809447773844883,0.21730763291847852,3.7248934286102218,0.0016842867856310224,0.0134124755859375,False,False
commodity_choice,13.5,0.8107254642647852,0.2176756644426829,3.7244653247780057,0.0016858532013637902,0.013427734375,False,False
commodity_choice,13.525,0.8120031546846869,0.21804371436638484,3.724038351870376,0.0016874169302338567,0.01346588134765625,False,False
commodity_choice,13.55,0.8132808451045889,0.21841178259656815,3.72361250586381,0.0016889779768037736,0.01348114013671875,False,False
commodity_choice,13.575,0.8145585355244906,0.21877986904083813,3.7231877827499873,0.0016905363456454162,0.01349639892578125,False,False
commodity_choice,13.6,0.8158362259443924,0.21914797360741634,3.7227641785357726,0.0016920920413396304,0.0135040283203125,False,False
commodity_choice,13.625,0.8171139163642944,0.21951609620513532,3.722341689243192,0.0016936450684759672,0.01352691650390625,False,False
commodity_choice,13.65,0.8183916067841962,0.21988423674343374,3.7219203109093963,0.0016951954316524142,0.01354217529296875,False,False
commodity_choice,13.675,0.8196692972040981,0.22025239513235134,3.7215000395866413,0.0016967431354751035,0.01357269287109375,False,False
commodity_choice,13.7,0.8209469876239998,0.22062057128252402,3.7210808713422514,0.001698288184558052,0.01357269287109375,False,False
commodity_choice,13.725,0.8222246780439015,0.22098876510517879,3.7206628022585977,0.0016998305835228768,0.013580322265625,False,False
commodity_choice,13.75,0.8235023684638038,0.22135697651212927,3.72024582843306,0.0017013703369985504,0.01366424560546875,False,False
commodity_choice,13.775,0.8247800588837054,0.2217252054157705,3.719829945977995,0.001702907449621156,0.01367950439453125,False,False
commodity_choice,13.8,0.8260577493036072,0.2220934517290744,3.719415151020715,0.0017044419260335705,0.01369476318359375,False,False
commodity_choice,13.825,0.8273354397235088,0.22246171536558512,3.7190014397034434,0.0017059737708852718,0.013702392578125,False,False
commodity_choice,13.85,0.8286131301434108,0.22282999623941419,3.7185888081832927,0.0017075029888320482,0.01371002197265625,False,False
commodity_choice,13.875,0.8298908205633126,0.22319829426523602,3.718177252632218,0.0017090295845358001,0.01372528076171875,False,False
commodity_choice,13.9,0.8311685109832146,0.2235666093582833,3.717766769236997,0.001710553562664246,0.0137481689453125,False,False
commodity_choice,13.925,0.8324462014031164,0.2239349414343425,3.7173573541991827,0.001712074927890721,0.01377105712890625,False,False
commodity_choice,13.95,0.8337238918230182,0.22430329040974945,3.7169490037350785,0.0017135936848939244,0.0138092041015625,False,False
commodity_choice,13.975,0.8350015822429199,0.22467165620138468,3.7165417140756967,0.0017151098383576982,0.0138397216796875,False,False
commodity_choice,14.0,0.836279272662822,0.2250400387266693,3.7161354814667265,0.0017166233929707718,0.01384735107421875,False,False
commodity_choice,14.025,0.8375569630827238,0.22540843790356044,3.715730302168489,0.001718134353426603,0.0138702392578125,False,False
commodity_choice,14.05,0.8388346535026258,0.22577685365054698,3.715326172455914,0.0017196427244230575,0.01389312744140625,False,False
commodity_choice,14.075,0.8401123439225272,0.22614528588664537,3.7149230886184865,0.0017211485106622972,0.01389312744140625,False,False
commodity_choice,14.1,0.8413900343424292,0.2265137345313954,3.7145210469602246,0.0017226517168504728,0.0139007568359375,False,False
commodity_choice,14.125,0.8426677247623311,0.22688219950485577,3.714120043799629,0.0017241523476975744,0.01390838623046875,False,False
commodity_choice,14.15,0.8439454151822332,0.2272506807276002,3.7137200754696518,0.0017256504079171972,0.01390838623046875,False,False
commodity_choice,14.175,0.8452231056021348,0.22761917812071333,3.713321138317648,0.0017271459022263395,0.01390838623046875,False,False
commodity_choice,14.2,0.8465007960220365,0.22798769160578636,3.712923228705353,0.001728638835345189,0.01390838623046875,False,False
commodity_choice,14.225,0.8477784864419385,0.2283562211049135,3.7125263430088222,0.0017301292119969451,0.0139312744140625,False,False
commodity_choice,14.25,0.8490561768618404,0.22872476654068732,3.7121304776184076,0.0017316170369076117,0.0139617919921875,False,False
commodity_choice,14.275,0.8503338672817423,0.22909332783619543,3.7117356289387073,0.001733102314805794,0.01396942138671875,False,False
commodity_choice,14.3,0.851611557701644,0.2294619049150162,3.7113417933885273,0.0017345850504225208,0.01398468017578125,False,False
commodity_choice,14.325,0.8528892481215457,0.22983049770121494,3.710948967400844,0.0017360652484910556,0.01401519775390625,False,False
commodity_choice,14.35,0.8541669385414477,0.23019910611934014,3.7105571474227586,0.0017375429137466807,0.01403045654296875,False,False
commodity_choice,14.375,0.8554446289613495,0.2305677300944195,3.7101663299154546,0.001739018050926577,0.0140380859375,False,False
commodity_choice,14.4,0.8567223193812509,0.23093636955195643,3.709776511354155,0.0017404906647695963,0.01404571533203125,False,False
commodity_choice,14.425,0.8580000098011532,0.2313050244179259,3.709387688228095,0.0017419607600160625,0.0140533447265625,False,False
commodity_choice,14.45,0.859277700221055,0.23167369461877102,3.708999857040452,0.0017434283414076675,0.01406097412109375,False,False
commodity_choice,14.475,0.860555390640957,0.2320423800813996,3.708613014308323,0.0017448934136872656,0.0140533447265625,False,False
commodity_choice,14.5,0.8618330810608587,0.23241108073317984,3.7082271565626788,0.0017463559815986658,0.014068603515625,False,False
commodity_choice,14.525,0.8631107714807607,0.23277979650193745,3.707842280348316,0.0017478160498865165,0.01407623291015625,False,False
commodity_choice,14.55,0.8643884619006622,0.23314852731595154,3.7074583822238134,0.001749273623296141,0.01410675048828125,False,False
commodity_choice,14.575,0.8656661523205641,0.23351727310395134,3.7070754587614965,0.001750728706573317,0.0141448974609375,False,False
commodity_choice,14.6,0.8669438427404658,0.23388603379511272,3.706693506547382,0.0017521813044641774,0.01418304443359375,False,False
commodity_choice,14.625,0.8682215331603678,0.2342548093190546,3.706312522181142,0.001753631421715052,0.0141754150390625,False,False
commodity_choice,14.65,0.8694992235802697,0.23462359960583565,3.7059325022760548,0.0017550790630722654,0.01422119140625,False,False
commodity_choice,14.675,0.8707769140001714,0.2349924045859507,3.705553443458963,0.0017565242332820339,0.01424407958984375,False,False
commodity_choice,14.7,0.8720546044200733,0.23536122419032754,3.70517534237023,0.0017579669370902844,0.01425933837890625,False,False
commodity_choice,14.725,0.8733322948399754,0.23573005835032346,3.704798195663693,0.0017594071792425027,0.0142822265625,False,False
commodity_choice,14.75,0.874609985259877,0.23609890699772207,3.7044220000066135,0.0017608449644836485,0.01428985595703125,False,False
commodity_choice,14.775,0.8758876756797788,0.23646777006472988,3.704046752079644,0.001762280297557917,0.01428985595703125,False,False
commodity_choice,14.8,0.8771653660996809,0.23683664748397298,3.703672448576776,0.0017637131832086528,0.01432037353515625,False,False
commodity_choice,14.825,0.8784430565195825,0.23720553918849413,3.7032990862052864,0.0017651436261782356,0.01434326171875,False,False
commodity_choice,14.85,0.8797207469394843,0.23757444511174938,3.702926661685707,0.001766571631207895,0.0143585205078125,False,False
commodity_choice,14.875,0.8809984373593864,0.2379433651876047,3.7025551717517726,0.001767997203037571,0.01436614990234375,False,False
commodity_choice,14.9,0.8822761277792882,0.2383122993503332,3.7021846131503686,0.0017694203464058435,0.01438140869140625,False,False
commodity_choice,14.925,0.88355381819919,0.23868124753461187,3.7018149826414968,0.0017708410660497345,0.01439666748046875,False,False
commodity_choice,14.95,0.8848315086190919,0.23905020967551832,3.701446276998223,0.0017722593667046046,0.0144195556640625,False,False
commodity_choice,14.975,0.8861091990389937,0.23941918570852824,3.701078493006628,0.0017736752531040372,0.0144195556640625,False,False
commodity_choice,15.0,0.8873868894588954,0.2397881755695118,3.7007116274657688,0.0017750887299797127,0.01446533203125,False,False
commodity_choice,15.025,0.8886645798787972,0.24015717919473092,3.700345677187628,0.0017764998020612648,0.01447296142578125,False,False
commodity_choice,15.05,0.8899422702986991,0.24052619652083643,3.6999806389970695,0.0017779084740761736,0.01448822021484375,False,False
commodity_choice,15.075,0.891219960718601,0.24089522748486472,3.699616509731791,0.0017793147507496453,0.01450347900390625,False,False
commodity_choice,15.1,0.8924976511385028,0.24126427202423542,3.699253286242274,0.0017807186368045105,0.01450347900390625,False,False
commodity_choice,15.125,0.8937753415584048,0.24163333007674792,3.698890965391747,0.0017821201369610695,0.01454925537109375,False,False
commodity_choice,15.15,0.8950530319783063,0.24200240158057895,3.6985295440561266,0.0017835192559370289,0.01456451416015625,False,False
commodity_choice,15.175,0.8963307223982083,0.24237148647427936,3.698169019123987,0.001784915998447338,0.0145721435546875,False,False
commodity_choice,15.2,0.8976084128181102,0.24274058469677165,3.697809387496495,0.0017863103692041251,0.01457977294921875,False,False
commodity_choice,15.225,0.898886103238012,0.24310969618734712,3.6974506460873746,0.0017877023729165689,0.01461029052734375,False,False
commodity_choice,15.25,0.9001637936579137,0.24347882088566275,3.697092791822863,0.001789092014290784,0.01461029052734375,False,False
commodity_choice,15.275,0.9014414840778157,0.24384795873173903,3.696735821641655,0.0017904792980297268,0.01462554931640625,False,False
commodity_choice,15.3,0.9027191744977175,0.2442171096659568,3.696379732494861,0.0017918642288330927,0.01462554931640625,False,False
commodity_choice,15.325,0.9039968649176194,0.24458627362905472,3.696024521345962,0.0017932468113972145,0.0146331787109375,False,False
commodity_choice,15.35,0.9052745553375212,0.24495545056212678,3.6956701851707567,0.001794627050414964,0.0146636962890625,False,False
commodity_choice,15.375,0.9065522457574231,0.24532464040661928,3.6953167209573246,0.0017960049505756465,0.01468658447265625,False,False
commodity_choice,15.4,0.9078299361773249,0.2456938431043285,3.6949641257059698,0.0017973805165649073,0.01471710205078125,False,False
commodity_choice,15.425,0.9091076265972267,0.24606305859739808,3.69461239642918,0.0017987537530646455,0.01473236083984375,False,False
commodity_choice,15.45,0.9103853170171285,0.2464322868283162,3.6942615301515804,0.0018001246647528963,0.01476287841796875,False,False
commodity_choice,15.475,0.9116630074370303,0.2468015277399135,3.6939115239098794,0.0018014932563037824,0.01477813720703125,False,False
commodity_choice,15.5,0.9129406978569322,0.24717078127536007,3.6935623747528337,0.001802859532387372,0.01480865478515625,False,False
commodity_choice,15.525,0.9142183882768339,0.2475400473781633,3.69321407974119,0.0018042234976696386,0.01483154296875,False,False
commodity_choice,15.55,0.9154960786967361,0.247909325992165,3.692866635947652,0.0018055851568123148,0.01483154296875,False,False
commodity_choice,15.575,0.916773769116638,0.24827861706153953,3.692520040456815,0.0018069445144728933,0.0148468017578125,False,False
commodity_choice,15.6,0.9180514595365398,0.2486479205307908,3.6921742903651382,0.001808301575304454,0.01485443115234375,False,False
commodity_choice,15.625,0.9193291499564413,0.24901723634475012,3.691829382780888,0.0018096563439556276,0.0148773193359375,False,False
commodity_choice,15.65,0.9206068403763433,0.24938656444857377,3.691485314824097,0.0018110088250704944,0.01490020751953125,False,False
commodity_choice,15.675,0.9218845307962452,0.2497559047877406,3.6911420836265108,0.0018123590232885327,0.0149078369140625,False,False
commodity_choice,15.7,0.9231622212161469,0.2501252573080497,3.6907996863315455,0.0018137069432445075,0.0149078369140625,False,False
commodity_choice,15.725,0.9244399116360487,0.2504946219556181,3.6904581200942435,0.0018150525895684218,0.014923095703125,False,False
commodity_choice,15.75,0.9257176020559504,0.2508639986768783,3.6901173820812265,0.0018163959668853864,0.014923095703125,False,False
commodity_choice,15.775,0.9269952924758526,0.25123338741857615,3.6897774694706467,0.0018177370798156231,0.0149383544921875,False,False
commodity_choice,15.8,0.9282729828957544,0.2516027881277685,3.689438379452141,0.001819075932974338,0.0149383544921875,False,False
commodity_choice,15.825,0.9295506733156562,0.2519722007518209,3.689100109226786,0.0018204125309716614,0.01495361328125,False,False
commodity_choice,15.85,0.930828363735558,0.2523416252384057,3.6887626560070537,0.0018217468784125779,0.01496124267578125,False,False
commodity_choice,15.875,0.9321060541554599,0.25271106153549916,3.6884260170167655,0.0018230789798968474,0.01496124267578125,False,False
commodity_choice,15.9,0.9333837445753616,0.25308050959137984,3.688090189491042,0.0018244088400189572,0.014984130859375,False,False
commodity_choice,15.925,0.9346614349952637,0.2534499693546262,3.687755170676265,0.0018257364633680257,0.01499176025390625,False,False
commodity_choice,15.95,0.9359391254151652,0.2538194407741146,3.687420957830018,0.0018270618545277728,0.0149993896484375,False,False
commodity_choice,15.975,0.9372168158350672,0.25418892379901686,3.687087548221061,0.00182838501807641,0.01502227783203125,False,False
commodity_choice,16.0,0.9384945062549691,0.2545584183787983,3.6867549391292678,0.0018297059585866157,0.0150299072265625,False,False
commodity_choice,16.025,0.9397721966748708,0.2549279244632157,3.6864231278455852,0.001831024680625468,0.01503753662109375,False,False
commodity_choice,16.05,0.9410498870947728,0.25529744200231547,3.6860921116719916,0.0018323411887543398,0.01506805419921875,False,False
commodity_choice,16.075,0.9423275775146746,0.25566697094643054,3.685761887921451,0.00183365548752889,0.0150909423828125,False,False
commodity_choice,16.1,0.9436052679345766,0.2560365112461799,3.6854324539178602,0.0018349675814989903,0.01511383056640625,False,False
commodity_choice,16.125,0.9448829583544782,0.25640606285246487,3.685103806996017,0.0018362774752086386,0.01513671875,False,False
commodity_choice,16.15,0.9461606487743799,0.2567756257164686,3.6847759445015607,0.001837585173195942,0.01513671875,False,False
commodity_choice,16.175,0.947438339194282,0.25714519978965317,3.6844488637909403,0.0018388906799930303,0.01513671875,False,False
commodity_choice,16.2,0.9487160296141838,0.25751478502375763,3.68412256223136,0.0018401940001260238,0.01514434814453125,False,False
commodity_choice,16.225,0.9499937200340856,0.25788438137079644,3.6837970372007396,0.0018414951381149531,0.01514434814453125,False,False
commodity_choice,16.25,0.9512714104539874,0.2582539887830573,3.68347228608767,0.0018427940984737218,0.0151519775390625,False,False
commodity_choice,16.275,0.9525491008738893,0.258623607213099,3.6831483062913666,0.0018440908857100527,0.015167236328125,False,False
commodity_choice,16.3,0.953826791293791,0.2589932366137504,3.6828250952216206,0.0018453855043254574,0.0151824951171875,False,False
commodity_choice,16.325,0.9551044817136928,0.25936287693810695,3.6825026502987708,0.0018466779588151296,0.01519775390625,False,False
commodity_choice,16.35,0.9563821721335947,0.25973252813953046,3.6821809689536393,0.0018479682536679462,0.015228271484375,False,False
commodity_choice,16.375,0.9576598625534967,0.26010219017164604,3.681860048627503,0.0018492563933663996,0.0152587890625,False,False
commodity_choice,16.4,0.9589375529733983,0.2604718629883411,3.6815398867720353,0.0018505423823865727,0.01528167724609375,False,False
commodity_choice,16.425,0.9602152433933004,0.26084154654376274,3.6812204808492814,0.001851826225198035,0.015289306640625,False,False
commodity_choice,16.45,0.9614929338132021,0.2612112407923165,3.6809018283315944,0.0018531079262638706,0.01529693603515625,False,False
commodity_choice,16.475,0.9627706242331041,0.2615809456886644,3.6805839267016065,0.0018543874900405746,0.0153350830078125,False,False
commodity_choice,16.5,0.9640483146530058,0.261950661187723,3.6802667734521775,0.00185566492097805,0.0153350830078125,False,False
commodity_choice,16.525,0.9653260050729078,0.2623203872446617,3.6799503660863566,0.0018569402235195248,0.01534271240234375,False,False
commodity_choice,16.55,0.9666036954928094,0.26269012381490137,3.679634702117331,0.0018582134021015646,0.015350341796875,False,False
commodity_choice,16.575,0.967881385912711,0.26305987085411164,3.6793197790683965,0.0018594844611539599,0.015350341796875,False,False
commodity_choice,16.6,0.9691590763326131,0.26342962831821026,3.6790055944729034,0.0018607534050997336,0.01535797119140625,False,False
commodity_choice,16.625,0.970436766752515,0.26379939616336073,3.6786921458742126,0.0018620202383551234,0.015380859375,False,False
commodity_choice,16.65,0.9717144571724167,0.26416917434597076,3.678379430825661,0.0018632849653294785,0.01540374755859375,False,False
commodity_choice,16.675,0.9729921475923188,0.26453896282269057,3.6780674468905166,0.0018645475904252556,0.01541900634765625,False,False
commodity_choice,16.7,0.9742698380122206,0.2649087615504112,3.6777561916419304,0.001865808118038003,0.01544189453125,False,False
commodity_choice,16.725,0.9755475284321224,0.2652785704862631,3.6774456626628997,0.0018670665525562752,0.01544189453125,False,False
commodity_choice,16.75,0.9768252188520242,0.26564838958761383,3.677135857546226,0.00186832289836164,0.01544952392578125,False,False
commodity_choice,16.775,0.978102909271926,0.2660182188120672,3.6768267738944687,0.0018695771598286185,0.0154876708984375,False,False
commodity_choice,16.8,0.9793805996918279,0.2663880581174613,3.6765184093199075,0.0018708293413246646,0.01549530029296875,False,False
commodity_choice,16.825,0.9806582901117297,0.2667579074618666,3.6762107614444983,0.0018720794472101214,0.01549530029296875,False,False
commodity_choice,16.85,0.9819359805316317,0.267127766803585,3.6759038278998313,0.0018733274818381973,0.0155029296875,False,False
commodity_choice,16.875,0.9832136709515334,0.26749763610114763,3.675597606327091,0.0018745734495549187,0.0155181884765625,False,False
commodity_choice,16.9,0.984491361371435,0.26786751531331354,3.675292094377014,0.00187581735469913,0.0155181884765625,False,False
commodity_choice,16.925,0.9857690517913369,0.2682374043990685,3.6749872897098466,0.0018770592016024395,0.015533447265625,False,False
commodity_choice,16.95,0.987046742211239,0.2686073033176227,3.6746831899953074,0.00187829899458916,0.01554107666015625,False,False
commodity_choice,16.975,0.9883244326311409,0.26897721202840985,3.6743797929125397,0.0018795367379763493,0.0155487060546875,False,False
commodity_choice,17.0,0.9896021230510427,0.2693471304910853,3.6740770961500777,0.0018807724360737435,0.0155487060546875,False,False
commodity_choice,17.025,0.9908798134709443,0.2697170586655247,3.6737750974058017,0.0018820060931837028,0.01555633544921875,False,False
commodity_choice,17.05,0.9921575038908462,0.2700869965118227,3.6734737943868976,0.0018832377136012396,0.01557159423828125,False,False
commodity_choice,17.075,0.9934351943107479,0.2704569439902909,3.6731731848098197,0.0018844673016139477,0.0156097412109375,False,False
commodity_choice,17.1,0.9947128847306499,0.27082690106145696,3.672873266400247,0.0018856948615019898,0.0156097412109375,False,False
commodity_choice,17.125,0.9959905751505518,0.2711968676860627,3.672574036893043,0.001886920397538093,0.0156402587890625,False,False
commodity_choice,17.15,0.9972682655704536,0.2715668438250633,3.6722754940322146,0.0018881439139875002,0.01564788818359375,False,False
commodity_choice,17.175,0.9985459559903554,0.2719368294396248,3.671977635570881,0.00188936541510793,0.015655517578125,False,False
commodity_choice,17.2,0.999823646410257,0.2723068244911238,3.67168045927122,0.001890584905149613,0.0157012939453125,False,False
commodity_choice,17.225,1.0011013368301596,0.27267682894114537,3.6713839629044442,0.0018918023883551893,0.015716552734375,False,False
commodity_choice,17.25,1.002379027250061,0.2730468427514817,3.6710881442507413,0.0018930178689597747,0.01573944091796875,False,False
commodity_choice,17.275,1.0036567176699627,0.27341686588413106,3.6707930010992578,0.0018942313511908474,0.01575469970703125,False,False
commodity_choice,17.3,1.0049344080898646,0.2737868983012962,3.6704985312480414,0.0018954428392683024,0.0157623291015625,False,False
commodity_choice,17.325,1.0062120985097665,0.27415693996538276,3.670204732504013,0.0018966523374043802,0.01578521728515625,False,False
commodity_choice,17.35,1.0074897889296686,0.2745269908389984,3.6699116026829226,0.0018978598498036788,0.01581573486328125,False,False
commodity_choice,17.375,1.00876747934957,0.274897050884951,3.669619139609308,0.001899065380663129,0.01583099365234375,False,False
commodity_choice,17.4,1.0100451697694717,0.2752671200662476,3.6693273411164675,0.0019002689341719476,0.0158538818359375,False,False
commodity_choice,17.425,1.0113228601893738,0.27563719834609307,3.6690362050464094,0.0019014705145116468,0.015869140625,False,False
commodity_choice,17.45,1.012600550609276,0.27600728568788846,3.6687457292498205,0.0019026701258560248,0.015869140625,False,False
commodity_choice,17.475,1.0138782410291776,0.27637738205523044,3.668455911586018,0.0019038677723711291,0.0158843994140625,False,False
commodity_choice,17.5,1.0151559314490797,0.2767474874119089,3.668166749922933,0.0019050634582152164,0.015899658203125,False,False
commodity_choice,17.525,1.0164336218689811,0.27711760172190686,3.6678782421370437,0.0019062571875388108,0.0159149169921875,False,False
commodity_choice,17.55,1.0177113122888835,0.27748772494939833,3.6675903861133663,0.001907448964484589,0.01592254638671875,False,False
commodity_choice,17.575,1.0189890027087847,0.2778578570587474,3.6673031797453914,0.0019086387931874708,0.01593017578125,False,False
commodity_choice,17.6,1.0202666931286868,0.2782279980145069,3.6670166209350707,0.0019098266777745011,0.0159454345703125,False,False
commodity_choice,17.625,1.0215443835485885,0.27859814778141734,3.666730707592759,0.0019110126223649115,0.0159454345703125,False,False
commodity_choice,17.65,1.0228220739684901,0.27896830632440534,3.6664454376371904,0.0019121966310700787,0.01598358154296875,False,False
commodity_choice,17.675,1.0240997643883925,0.2793384736085827,3.6661608089954383,0.0019133787079934949,0.0160064697265625,False,False
commodity_choice,17.7,1.0253774548082941,0.27970864959924513,3.6658768196028695,0.001914558857230806,0.01599884033203125,False,False
commodity_choice,17.725,1.026655145228196,0.2800788342618709,3.665593467403123,0.0019157370828697272,0.01601409912109375,False,False
commodity_choice,17.75,1.027932835648098,0.2804490275621198,3.6653107503480626,0.0019169133889900961,0.01601409912109375,False,False
commodity_choice,17.775,1.0292105260679998,0.28081922946583177,3.6650286663977454,0.0019180877796638098,0.01602935791015625,False,False
commodity_choice,17.8,1.0304882164879015,0.2811894399390262,3.6647472135203767,0.00191926025895487,0.01605224609375,False,False
commodity_choice,17.825,1.0317659069078033,0.2815596589478999,3.6644663896922904,0.001920430830919303,0.01605987548828125,False,False
commodity_choice,17.85,1.0330435973277048,0.281929886458827,3.664186192897894,0.0019215994996052224,0.0160675048828125,False,False
commodity_choice,17.875,1.0343212877476071,0.28230012243835667,3.6639066211296543,0.0019227662690527328,0.01607513427734375,False,False
commodity_choice,17.9,1.0355989781675088,0.2826703668532133,3.6636276723880314,0.0019239311432940383,0.016082763671875,False,False
commodity_choice,17.925,1.0368766685874107,0.28304061967029387,3.6633493446814787,0.0019250941263533098,0.01609039306640625,False,False
commodity_choice,17.95,1.0381543590073126,0.2834108808566681,3.6630716360263795,0.0019262552222467561,0.01609039306640625,False,False
commodity_choice,17.975,1.0394320494272147,0.28378115037957674,3.6627945444470256,0.0019274144349825833,0.01609039306640625,False,False
commodity_choice,18.0,1.0407097398471161,0.2841514282064304,3.662518067975576,0.0019285717685610178,0.01609039306640625,False,False
commodity_choice,18.025,1.0419874302670176,0.28452171430480877,3.6622422046520287,0.0019297272269742447,0.01609039306640625,False,False
commodity_choice,18.05,1.0432651206869201,0.28489200864245934,3.661966952524183,0.0019308808142064246,0.0160980224609375,False,False
commodity_choice,18.075,1.0445428111068216,0.2852623111872961,3.661692309647596,0.0019320325342337403,0.01611328125,False,False
commodity_choice,18.1,1.0458205015267235,0.28563262190739924,3.6614182740855616,0.0019331823910243152,0.01612091064453125,False,False
commodity_choice,18.125,1.0470981919466253,0.286002940771013,3.6611448439090695,0.001934330388538226,0.0161285400390625,False,False
commodity_choice,18.15,1.0483758823665272,0.2863732677465456,3.6608720171967706,0.0019354765307275324,0.01613616943359375,False,False
commodity_choice,18.175,1.0496535727864296,0.2867436028025676,3.660599792034944,0.0019366208215362286,0.016143798828125,False,False
commodity_choice,18.2,1.050931263206331,0.287113945907811,3.66032816651746,0.0019377632649002776,0.01616668701171875,False,False
commodity_choice,18.225,1.0522089536262327,0.2874842970311683,3.6600571387457554,0.0019389038647475568,0.01618194580078125,False,False
commodity_choice,18.25,1.0534866440461346,0.2878546561416914,3.65978670682879,0.0019400426249978826,0.016204833984375,False,False
commodity_choice,18.275,1.0547643344660365,0.28822502320859056,3.659516868883018,0.0019411795495630378,0.01621246337890625,False,False
commodity_choice,18.3,1.056042024885938,0.28859539820123364,3.659247623032347,0.0019423146423467165,0.01621246337890625,False,False
commodity_choice,18.325,1.05731971530584,0.28896578108914467,3.658978967408122,0.0019434479072445296,0.01621246337890625,False,False
commodity_choice,18.35,1.0585974057257421,0.28933617184200305,3.658710900149074,0.0019445793481440178,0.0162506103515625,False,False
commodity_choice,18.375,1.059875096145644,0.2897065704296428,3.658443419401293,0.0019457089689246744,0.016265869140625,False,False
commodity_choice,18.4,1.0611527865655457,0.2900769768220513,3.6581765233182,0.0019468367734578648,0.01627349853515625,False,False
commodity_choice,18.425,1.0624304769854473,0.2904473909893683,3.6579102100605105,0.0019479627656069003,0.01630401611328125,False,False
commodity_choice,18.45,1.0637081674053492,0.29081781290188524,3.6576444777962007,0.0019490869492270028,0.01631927490234375,False,False
commodity_choice,18.475,1.0649858578252511,0.29118824253004394,3.657379324700478,0.001950209328165301,0.01633453369140625,False,False
commodity_choice,18.5,1.066263548245153,0.2915586798444359,3.6571147489557463,0.0019513299062608376,0.0163421630859375,False,False
commodity_choice,18.525,1.0675412386650545,0.29192912481580113,3.6568507487515753,0.0019524486873445767,0.01634979248046875,False,False
commodity_choice,18.55,1.0688189290849568,0.2922995774150277,3.65658732228467,0.001953565675239371,0.01636505126953125,False,False
commodity_choice,18.575,1.0700966195048585,0.29267003761315025,3.6563244677588305,0.001954680873760028,0.0163726806640625,False,False
commodity_choice,18.6,1.0713743099247601,0.29304050538134935,3.6560621833849325,0.0019557942867132177,0.016387939453125,False,False
commodity_choice,18.625,1.072652000344662,0.2934109806909504,3.655800467380891,0.00195690591789754,0.016387939453125,False,False
commodity_choice,18.65,1.0739296907645641,0.29378146351342305,3.6555393179716242,0.001958015771103502,0.01641082763671875,False,False
commodity_choice,18.675,1.075207381184466,0.29415195382038,3.6552787333890264,0.0019591238501135426,0.0164337158203125,False,False
commodity_choice,18.7,1.0764850716043675,0.2945224515835764,3.6550187118719344,0.001960230158701993,0.01645660400390625,False,False
commodity_choice,18.725,1.0777627620242696,0.2948929567749084,3.654759251666106,0.0019613347006350885,0.0164642333984375,False,False
commodity_choice,18.75,1.0790404524441712,0.29526346936641296,3.654500351024173,0.0019624374796710074,0.01648712158203125,False,False
commodity_choice,18.775,1.0803181428640731,0.29563398933026663,3.6542420082056224,0.001963538499559825,0.0164947509765625,False,False
commodity_choice,18.8,1.0815958332839752,0.2960045166387847,3.653984221476763,0.0019646377640435424,0.016510009765625,False,False
commodity_choice,18.825,1.0828735237038767,0.29637505126442026,3.65372698911069,0.001965735276856099,0.01651763916015625,False,False
commodity_choice,18.85,1.0841512141237786,0.2967455931797636,3.653470309387265,0.001966831041723319,0.01654052734375,False,False
commodity_choice,18.875,1.0854289045436802,0.2971161423575409,3.6532141805930785,0.001967925062362978,0.01654052734375,False,False
commodity_choice,18.9,1.0867065949635826,0.2974866987706142,3.6529586010214175,0.0019690173424847753,0.01654052734375,False,False
commodity_choice,18.925,1.0879842853834842,0.2978572623919796,3.6527035689722376,0.0019701078857903673,0.01654052734375,False,False
commodity_choice,18.95,1.0892619758033864,0.29822783319476703,3.6524490827521445,0.0019711966959732887,0.01654815673828125,False,False
commodity_choice,18.975,1.0905396662232876,0.29859841115223956,3.6521951406743387,0.0019722837767190927,0.0165557861328125,False,False
commodity_choice,19.0,1.09181735664319,0.29896899623779183,3.6519417410586215,0.001973369131705181,0.01657867431640625,False,False
commodity_choice,19.025,1.0930950470630918,0.29933958842495,3.651688882231329,0.001974452764600995,0.0166015625,False,False
commodity_choice,19.05,1.0943727374829935,0.29971018768737073,3.6514365625253267,0.001975534679067865,0.01663970947265625,False,False
commodity_choice,19.075,1.095650427902895,0.30008079399884013,3.651184780279973,0.0019766148787591017,0.01663970947265625,False,False
commodity_choice,19.1,1.096928118322797,0.3004514073332733,3.6509335338410924,0.001977693367319964,0.01665496826171875,False,False
commodity_choice,19.125,1.0982058087426991,0.3008220276647131,3.650682821560944,0.0019787701483876792,0.01665496826171875,False,False
commodity_choice,19.15,1.0994834991626008,0.30119265496733016,3.6504326417981865,0.0019798452255914666,0.016693115234375,False,False
commodity_choice,19.175,1.1007611895825025,0.3015632892154213,3.6501829929178657,0.0019809186025525004,0.01670074462890625,False,False
commodity_choice,19.2,1.1020388800024041,0.30193393038340893,3.649933873291375,0.0019819902828839245,0.01671600341796875,False,False
commodity_choice,19.225,1.1033165704223065,0.30230457844584074,3.649685281296428,0.0019830602701908853,0.0167236328125,False,False
commodity_choice,19.25,1.1045942608422084,0.3026752333773883,3.649437215317031,0.001984128568070516,0.01673126220703125,False,False
commodity_choice,19.275,1.1058719512621098,0.3030458951528471,3.64918967374345,0.001985195180111979,0.01674652099609375,False,False
commodity_choice,19.3,1.1071496416820115,0.3034165637471347,3.6489426549722,0.0019862601098963703,0.01676177978515625,False,False
commodity_choice,19.325,1.1084273321019136,0.3037872391352911,3.6486961574059977,0.0019873233609968566,0.01676177978515625,False,False
commodity_choice,19.35,1.1097050225218157,0.3041579212924774,3.6484501794537403,0.0019883849369786042,0.01677703857421875,False,False
commodity_choice,19.375,1.1109827129417176,0.304528610193975,3.6482047195304808,0.0019894448413987935,0.0167999267578125,False,False
commodity_choice,19.4,1.112260403361619,0.3048993058151854,3.647959776057396,0.0019905030778066568,0.01680755615234375,False,False
commodity_choice,19.425,1.1135380937815211,0.3052700081316288,3.647715347461768,0.0019915596497434344,0.0168304443359375,False,False
commodity_choice,19.45,1.1148157842014228,0.30564071711894386,3.6474714321769452,0.0019926145607424366,0.01683807373046875,False,False
commodity_choice,19.475,1.1160934746213247,0.30601143275288695,3.6472280286423233,0.001993667814329005,0.0168609619140625,False,False
commodity_choice,19.5,1.1173711650412264,0.30638215500933125,3.6469851353033125,0.0019947194140205646,0.01686859130859375,False,False
commodity_choice,19.525,1.1186488554611285,0.30675288386426597,3.6467427506113212,0.0019957693633265777,0.0168914794921875,False,False
commodity_choice,19.55,1.1199265458810301,0.30712361929379633,3.6465008730237107,0.001996817665748611,0.01690673828125,False,False
commodity_choice,19.575,1.1212042363009318,0.3074943612741417,3.6462595010037924,0.0019978643247802936,0.01689910888671875,False,False
commodity_choice,19.6,1.122481926720834,0.3078651097816362,3.646018633020781,0.0019989093439073506,0.0169219970703125,False,False
commodity_choice,19.625,1.1237596171407358,0.3082358647927268,3.64577826754978,0.001999952726607588,0.016937255859375,False,False
commodity_choice,19.65,1.1250373075606377,0.30860662628397373,3.645538403071749,0.0020009944763509633,0.01694488525390625,False,False
commodity_choice,19.675,1.1263149979805398,0.30897739423204923,3.645299038073481,0.0020020345965995156,0.0169525146484375,False,False
commodity_choice,19.7,1.1275926884004412,0.30934816861373676,3.6450601710475743,0.002003073090807421,0.01696014404296875,False,False
commodity_choice,19.725,1.128870378820343,0.30971894940593075,3.6448218004924122,0.002004109962420979,0.01699066162109375,False,False
commodity_choice,19.75,1.130148069240245,0.3100897365856356,3.644583924912132,0.0020051452148786204,0.016998291015625,False,False
commodity_choice,19.775,1.1314257596601465,0.3104605301299653,3.6443465428165958,0.002006178851610967,0.0170135498046875,False,False
commodity_choice,19.8,1.1327034500800486,0.3108313300161425,3.6441096527213763,0.002007210876040755,0.01703643798828125,False,False
commodity_choice,19.825,1.1339811404999502,0.3112021362214981,3.64387325314772,0.002008241291582921,0.0170440673828125,False,False
commodity_choice,19.85,1.1352588309198526,0.31157294872347074,3.6436373426225295,0.0020092701016445635,0.0170440673828125,False,False
commodity_choice,19.875,1.136536521339754,0.31194376749960556,3.6434019196783316,0.002010297309624993,0.01705169677734375,False,False
commodity_choice,19.9,1.137814211759656,0.31231459252755417,3.6431669828532636,0.0020113229189156786,0.01706695556640625,False,False
commodity_choice,19.925,1.1390919021795578,0.312685423785074,3.642932530691033,0.0020123469329003385,0.01709747314453125,False,False
commodity_choice,19.95,1.14036959259946,0.3130562612500271,3.6426985617409087,0.0020133693549548724,0.0171051025390625,False,False
commodity_choice,19.975,1.1416472830193616,0.3134271049003802,3.642465074557681,0.002014390188447444,0.017120361328125,False,False
commodity_choice,20.0,1.142924973439263,0.3137979547142038,3.6422320677016495,0.0020154094367384255,0.017120361328125,False,False
commodity_labour,-1.0,-0.0566778810041275,0.012552830236777439,-4.515147575092025,0.00030568908955779206,0.00373077392578125,False,False
commodity_labour,-0.9975,-0.05653665896707055,0.012521611616772869,-4.515126382880214,0.00030570293619504546,0.00372314453125,False,False
commodity_labour,-0.995,-0.05639543693001359,0.012490397272901937,-4.5151035389694245,0.0003057178627392515,0.00371551513671875,False,False
commodity_labour,-0.9925,-0.05625421489295663,0.012459187237303986,-4.515079019322078,0.00030573388505896116,0.00371551513671875,False,False
commodity_labour,-0.99,-0.05611299285589966,0.01242798154243674,-4.515052799547178,0.00030575101926890607,0.00371551513671875,False,False
commodity_labour,-0.9875,-0.05597177081884271,0.012396780221080213,-4.515024854894582,0.0003057692817343877,0.00371551513671875,False,False
commodity_labour,-0.985,-0.05583054878178574,0.01236558330634064,-4.514995160249156,0.000305788689075776,0.0037078857421875,False,False
commodity_labour,-0.9825,-0.05568932674472879,0.012334390831654496,-4.514963690124841,0.0003058092581730821,0.00370025634765625,False,False
commodity_labour,-0.98,-0.05554810470767181,0.012303202830792564,-4.514930418658589,0.00030583100617064376,0.003692626953125,False,False
commodity_labour,-0.9775,-0.05540688267061485,0.012272019337864057,-4.514895319604215,0.00030585395048189135,0.00368499755859375,False,False
commodity_labour,-0.975,-0.05526566063355789,0.012240840387320795,-4.514858366326115,0.0003058781087942312,0.0036773681640625,False,False
commodity_labour,-0.9725,-0.055124438596500944,0.012209666013961482,-4.514819531792874,0.00030590349907401963,0.00366973876953125,False,False
commodity_labour,-0.97,-0.05498321655944397,0.012178496252935975,-4.514778788570773,0.00030593013957164465,0.00366973876953125,False,False
commodity_labour,-0.9675,-0.054841994522387014,0.012147331139749695,-4.514736108817156,0.00030595804882671464,0.00366973876953125,False,False
commodity_labour,-0.965,-0.054700772485330035,0.012116170710268038,-4.514691464273692,0.00030598724567335907,0.00366973876953125,False,False
commodity_labour,-0.9625,-0.054559550448273084,0.012085015000720897,-4.514644826259503,0.00030601774924563755,0.003662109375,False,False
commodity_labour,-0.96,-0.05441832841121611,0.012053864047707209,-4.514596165664166,0.00030604957898307006,0.0036468505859375,False,False
commodity_labour,-0.9575,-0.05427710637415917,0.012022717888199629,-4.5145454529405935,0.00030608275463628055,0.00363922119140625,False,False
commodity_labour,-0.955,-0.05413588433710221,0.011991576559549197,-4.514492658097773,0.0003061172962727661,0.00362396240234375,False,False
commodity_labour,-0.9525,-0.05399466230004524,0.011960440099490136,-4.514437750693387,0.00030615322428277885,0.0036163330078125,False,False
commodity_labour,-0.95,-0.05385344026298828,0.011929308546144695,-4.514380699826277,0.0003061905593853496,0.0036163330078125,False,False
commodity_labour,-0.9475,-0.053712218225931314,0.011898181938028081,-4.514321474128777,0.0003062293226344368,0.0036163330078125,False,False
commodity_labour,-0.945,-0.053570996188874356,0.01186706031405343,-4.514260041758911,0.0003062695354252025,0.00360870361328125,False,False
commodity_labour,-0.9425,-0.053429774151817405,0.011835943713536898,-4.514196370392433,0.0003063112195004314,0.00360870361328125,False,False
commodity_labour,-0.94,-0.053288552114760426,0.011804832176202793,-4.514130427214723,0.0003063543969570902,0.00360870361328125,False,False
commodity_labour,-0.9375,-0.05314733007770347,0.01177372574218881,-4.514062178912539,0.000306399090253024,0.00360107421875,False,False
commodity_labour,-0.935,-0.05300610804064651,0.011742624452051324,-4.513991591665596,0.00030644532221381354,0.00360107421875,False,False
commodity_labour,-0.9325,-0.052864886003589545,0.011711528346770765,-4.513918631138014,0.0003064931160397617,0.00360107421875,False,False
commodity_labour,-0.93,-0.05272366396653258,0.011680437467757114,-4.51384326246957,0.00030654249531306333,0.00360107421875,False,False
commodity_labour,-0.9275,-0.05258244192947562,0.011649351856855417,-4.513765450266821,0.0003065934840051035,0.00360107421875,False,False
commodity_labour,-0.925,-0.05244121989241866,0.011618271556351433,-4.513685158594033,0.0003066461064839445,0.00359344482421875,False,False
commodity_labour,-0.9225,-0.0522999978553617,0.01158719660897735,-4.513602350963952,0.00030670038752196257,0.00359344482421875,False,False
commodity_labour,-0.92,-0.052158775818304755,0.011556127057917594,-4.513516990328395,0.0003067563523036605,0.00359344482421875,False,False
commodity_labour,-0.9175,-0.05201755378124777,0.01152506294681472,-4.513429039068659,0.00030681402643366394,0.00360107421875,False,False
commodity_labour,-0.915,-0.05187633174419081,0.011494004319775396,-4.513338458985765,0.00030687343594488055,0.00360107421875,False,False
commodity_labour,-0.9125,-0.05173510970713385,0.011462951221376489,-4.513245211290485,0.0003069346073068649,0.00360107421875,False,False
commodity_labour,-0.91,-0.05159388767007688,0.011431903696671242,-4.513149256593201,0.0003069975674343585,0.00359344482421875,False,False
commodity_labour,-0.9075,-0.051452665633019916,0.011400861791195517,-4.513050554893578,0.00030706234369602106,0.00359344482421875,False,False
commodity_labour,-0.905,-0.05131144359596296,0.011369825550974193,-4.512949065570005,0.0003071289639233805,0.0035858154296875,False,False
commodity_labour,-0.9025,-0.051170221558906,0.011338795022527609,-4.512844747368869,0.00030719745641996724,0.00357818603515625,False,False
commodity_labour,-0.9,-0.051028999521849035,0.01130777025287813,-4.5127375583936,0.00030726784997066846,0.00357818603515625,False,False
commodity_labour,-0.8975,-0.05088777748479208,0.011276751289556831,-4.5126274560935125,0.0003073401738512998,0.0035858154296875,False,False
commodity_labour,-0.895,-0.05074655544773512,0.011245738180610258,-4.512514397252429,0.0003074144578383957,0.0035858154296875,False,False
commodity_labour,-0.8925,-0.05060533341067816,0.011214730974607299,-4.51239833797709,0.0003074907322192189,0.0035858154296875,False,False
commodity_labour,-0.89,-0.05046411137362119,0.011183729720646192,-4.512279233685325,0.00030756902780202505,0.0035858154296875,False,False
commodity_labour,-0.8875,-0.05032288933656423,0.011152734468361602,-4.5121570390940136,0.00030764937592653687,0.00359344482421875,False,False
commodity_labour,-0.885,-0.05018166729950726,0.01112174526793185,-4.512031708206784,0.00030773180847469816,0.00359344482421875,False,False
commodity_labour,-0.8825,-0.0500404452624503,0.011090762170086215,-4.511903194301507,0.0003078163578816474,0.00359344482421875,False,False
commodity_labour,-0.88,-0.04989922322539335,0.01105978522611239,-4.51177144991751,0.0003079030571469754,0.00359344482421875,False,False
commodity_labour,-0.8775,-0.049758001188336384,0.011028814487864042,-4.51163642684256,0.0003079919398462446,0.00359344482421875,False,False
commodity_labour,-0.875,-0.04961677915127943,0.010997850007768482,-4.5114980760995955,0.0003080830401427662,0.00357818603515625,False,False
commodity_labour,-0.8725,-0.04947555711422247,0.010966891838834468,-4.51135634793318,0.00030817639279967935,0.00357818603515625,False,False
commodity_labour,-0.87,-0.04933433507716548,0.010935940034660138,-4.511211191795701,0.0003082720331923106,0.0035858154296875,False,False
commodity_labour,-0.8675,-0.049193113040108545,0.01090499464944106,-4.5110625563333,0.0003083699973208237,0.00360107421875,False,False
commodity_labour,-0.865,-0.04905189100305157,0.01087405573797842,-4.510910389371495,0.00030847032182319627,0.00360107421875,False,False
commodity_labour,-0.8625,-0.048910668965994615,0.010843123355687333,-4.510754637900568,0.0003085730439884739,0.00360870361328125,False,False
commodity_labour,-0.86,-0.04876944692893766,0.010812197558605295,-4.510595248060618,0.00030867820177038637,0.0036163330078125,False,False
commodity_labour,-0.8575,-0.04862822489188069,0.010781278403400776,-4.510432165126328,0.0003087858338012684,0.00360107421875,False,False
commodity_labour,-0.855,-0.04848700285482373,0.010750365947381935,-4.510265333491452,0.00030889597940632823,0.00360870361328125,False,False
commodity_labour,-0.8525,-0.04834578081776679,0.010719460248505506,-4.510094696652949,0.0003090086786182684,0.00360870361328125,False,False
commodity_labour,-0.85,-0.04820455878070981,0.010688561365385792,-4.5099201971948375,0.00030912397219227326,0.00360870361328125,False,False
commodity_labour,-0.8475,-0.04806333674365284,0.010657669357303844,-4.509741776771709,0.0003092419016213429,0.00360870361328125,False,False
commodity_labour,-0.845,-0.047922114706595874,0.01062678428421676,-4.509559376091913,0.00030936250915203866,0.00360107421875,False,False
commodity_labour,-0.8425,-0.047780892669538916,0.01059590620676716,-4.509372934900393,0.0003094858378005977,0.00360107421875,False,False
commodity_labour,-0.84,-0.04763967063248195,0.01056503518629279,-4.509182391961199,0.0003096119313694599,0.00360107421875,False,False
commodity_labour,-0.8375,-0.04749844859542499,0.010534171284836325,-4.508987685039621,0.0003097408344642068,0.00360107421875,False,False
commodity_labour,-0.835,-0.04735722655836802,0.01050331456515528,-4.5087887508839835,0.00030987259251092513,0.00360870361328125,False,False
commodity_labour,-0.8325,-0.047216004521311083,0.010472465090732144,-4.50858552520705,0.0003100072517740146,0.00359344482421875,False,False
commodity_labour,-0.83,-0.04707478248425412,0.010441622925784632,-4.508377942667059,0.0003101448593744418,0.00359344482421875,False,False
commodity_labour,-0.8275,-0.04693356044719716,0.010410788135276143,-4.508165936848378,0.00031028546330845864,0.00359344482421875,False,False
commodity_labour,-0.825,-0.046792338410140175,0.01037996078492637,-4.507949440241753,0.000310429112466798,0.0035858154296875,False,False
commodity_labour,-0.8225,-0.046651116373083217,0.010349140941222105,-4.507728384224159,0.00031057585665436734,0.00357818603515625,False,False
commodity_labour,-0.82,-0.04650989433602626,0.010318328671428198,-4.50750269903824,0.0003107257466104404,0.00357818603515625,False,False
commodity_labour,-0.8175,-0.04636867229896929,0.01028752404359875,-4.507272313771307,0.0003108788340293833,0.00356292724609375,False,False
commodity_labour,-0.815,-0.046227450261912335,0.010256727126588434,-4.507037156333942,0.00031103517158189684,0.00356292724609375,False,False
commodity_labour,-0.8125,-0.04608622822485537,0.010225937990064047,-4.506797153438119,0.0003111948129368342,0.00356292724609375,False,False
commodity_labour,-0.81,-0.04594500618779842,0.010195156704516255,-4.506552230574904,0.00031135781278356935,0.00356292724609375,False,False
commodity_labour,-0.8075,-0.045803784150741454,0.010164383341271508,-4.506302311991674,0.0003115242268549677,0.00356292724609375,False,False
commodity_labour,-0.805,-0.04566256211368449,0.010133617972504208,-4.50604732066887,0.0003116941119509489,0.0035552978515625,False,False
commodity_labour,-0.8025,-0.04552134007662754,0.010102860671249022,-4.505787178296274,0.00031186752596267566,0.0035400390625,False,False
commodity_labour,-0.8,-0.045380118039570566,0.010072111511413469,-4.505521805248773,0.0003120445278973917,0.0035400390625,False,False
commodity_labour,-0.7975,-0.045238896002513594,0.010041370567790664,-4.505251120561644,0.00031222517790390153,0.00353240966796875,False,False
commodity_labour,-0.795,-0.04509767396545664,0.010010637916072334,-4.50497504190529,0.00031240953729875614,0.00353240966796875,False,False
commodity_labour,-0.7925,-0.04495645192839968,0.009979913632862004,-4.504693485559477,0.00031259766859312,0.0034942626953125,False,False
commodity_labour,-0.79,-0.04481522989134272,0.009949197795688463,-4.50440636638701,0.0003127896355203708,0.00350189208984375,False,False
commodity_labour,-0.7875,-0.044674007854285755,0.009918490483019429,-4.504113597806861,0.000312985503064449,0.00348663330078125,False,False
commodity_labour,-0.785,-0.04453278581722879,0.009887791774275451,-4.5038150917667386,0.0003131853374889601,0.00348663330078125,False,False
commodity_labour,-0.7825,-0.04439156378017183,0.009857101749844069,-4.503510758715063,0.0003133892063670917,0.00347900390625,False,False
commodity_labour,-0.78,-0.04425034174311489,0.009826420491094211,-4.50320050757236,0.0003135971786123321,0.00347900390625,False,False
commodity_labour,-0.7775,-0.044109119706057916,0.009795748080390842,-4.50288424570204,0.000313809324510042,0.00347900390625,False,False
commodity_labour,-0.775,-0.04396789766900096,0.009765084601109865,-4.50256187888057,0.0003140257157498876,0.0034637451171875,False,False
commodity_labour,-0.7725,-0.043826675631943986,0.009734430137653289,-4.502233311266994,0.0003142464254591801,0.0034637451171875,False,False
commodity_labour,-0.77,-0.04368545359488702,0.00970378477546466,-4.501898445371813,0.0003144715282371351,0.00347137451171875,False,False
commodity_labour,-0.7675,-0.043544231557830076,0.009673148601044762,-4.501557182025201,0.0003147011001900907,0.0034637451171875,False,False
commodity_labour,-0.765,-0.04340300952077311,0.009642521701967608,-4.501209420344524,0.0003149352189677194,0.00347137451171875,False,False
commodity_labour,-0.7625,-0.04326178748371615,0.00961190416689668,-4.500855057701199,0.00031517396380023377,0.003448486328125,False,False
commodity_labour,-0.76,-0.04312056544665919,0.009581296085601505,-4.500493989686795,0.0003154174155366765,0.00344085693359375,False,False
commodity_labour,-0.7575,-0.04297934340960221,0.00955069754897448,-4.500126110078439,0.0003156656566842687,0.00344085693359375,False,False
commodity_labour,-0.755,-0.042838121372545265,0.009520108649048026,-4.4997513108034655,0.0003159187714488893,0.0034332275390625,False,False
commodity_labour,-0.7525,-0.042696899335488286,0.009489529479012035,-4.499369481903281,0.00031617684577672344,0.003448486328125,False,False
commodity_labour,-0.75,-0.042555677298431335,0.009458960133231626,-4.498980511496491,0.00031643996739706915,0.003448486328125,False,False
commodity_labour,-0.7475,-0.04241445526137437,0.009428400707265236,-4.498584285741175,0.00031670822586643137,0.003448486328125,False,False
commodity_labour,-0.745,-0.042273233224317405,0.009397851297883007,-4.4981806887963875,0.0003169817126138346,0.003448486328125,False,False
commodity_labour,-0.7425,-0.04213201118726046,0.009367312003085548,-4.497769602782781,0.00031726052098750843,0.00344085693359375,False,False
commodity_labour,-0.74,-0.04199078915020348,0.009336782922122979,-4.497350907742397,0.0003175447463028875,0.003448486328125,False,False
commodity_labour,-0.7375,-0.04184956711314652,0.009306264155514365,-4.496924481597573,0.0003178344858920453,0.00345611572265625,False,False
commodity_labour,-0.735,-0.041708345076089566,0.009275755805067482,-4.496490200108942,0.00031812983915457423,0.003448486328125,False,False
commodity_labour,-0.7325,-0.04156712303903261,0.009245257973898958,-4.496047936832498,0.00031843090760998177,0.003448486328125,False,False
commodity_labour,-0.73,-0.04142590100197564,0.009214770766454735,-4.495597563075758,0.00031873779495161266,0.0034637451171875,False,False
commodity_labour,-0.7275,-0.041284678964918664,0.009184294288530986,-4.49513894785291,0.0003190506071022148,0.0034637451171875,False,False
commodity_labour,-0.725,-0.0411434569278617,0.009153828647295316,-4.4946719578390155,0.00031936945227113315,0.00347137451171875,False,False
commodity_labour,-0.7225,-0.04100223489080474,0.009123373951308442,-4.494196457323153,0.0003196944410132576,0.00347137451171875,False,False
commodity_labour,-0.72,-0.04086101285374779,0.009092930310546202,-4.49371230816057,0.0003200256862897169,0.00347137451171875,False,False
commodity_labour,-0.7175,-0.040719790816690825,0.009062497836422021,-4.493219369723731,0.0003203633035304446,0.00347900390625,False,False
commodity_labour,-0.715,-0.04057856877963387,0.009032076641809744,-4.492717498852312,0.00032070741069862023,0.00350189208984375,False,False
commodity_labour,-0.7125,-0.0404373467425769,0.00900166684106694,-4.492206549802057,0.00032105812835710754,0.00350189208984375,False,False
commodity_labour,-0.71,-0.040296124705519944,0.008971268550058592,-4.491686374192507,0.0003214155797369138,0.00347900390625,False,False
commodity_labour,-0.7075,-0.04015490266846297,0.008940881886181263,-4.491156820953544,0.0003217798908077793,0.00345611572265625,False,False
commodity_labour,-0.705,-0.04001368063140601,0.008910506968387685,-4.490617736270768,0.0003221511903509332,0.00345611572265625,False,False
commodity_labour,-0.7025,-0.039872458594349056,0.008880143917211829,-4.490068963529606,0.000322529610034138,0.00345611572265625,False,False
commodity_labour,-0.7,-0.0397312365572921,0.008849792854794423,-4.489510343258202,0.0003229152844890605,0.0034637451171875,False,False
commodity_labour,-0.6975,-0.03959001452023513,0.008819453904908974,-4.4889417130689955,0.00032330835139108915,0.00345611572265625,False,False
commodity_labour,-0.695,-0.03944879248317817,0.008789127192988237,-4.488362907599005,0.00032370895154164634,0.00347900390625,False,False
commodity_labour,-0.6925,-0.039307570446121196,0.008758812846151237,-4.487773758448735,0.0003241172289531431,0.0034637451171875,False,False
commodity_labour,-0.69,-0.03916634840906424,0.008728510993230748,-4.487174094119725,0.0003245333309365994,0.00345611572265625,False,False
commodity_labour,-0.6875,-0.03902512637200729,0.008698221764801329,-4.486563739950661,0.00032495740819210236,0.00344085693359375,False,False
commodity_labour,-0.685,-0.03888390433495033,0.008667945293207878,-4.485942518052046,0.0003253896149021441,0.0034332275390625,False,False
commodity_labour,-0.6825,-0.03874268229789336,0.008637681712594712,-4.485310247239392,0.00032583010882798123,0.003448486328125,False,False
commodity_labour,-0.68,-0.0386014602608364,0.008607431158935232,-4.48466674296487,0.00032627905140911553,0.00345611572265625,False,False
commodity_labour,-0.6775,-0.03846023822377943,0.008577193770062124,-4.484011817247411,0.0003267366078660228,0.0034637451171875,False,False
commodity_labour,-0.675,-0.03831901618672249,0.008546969685698166,-4.483345278601203,0.0003272029473062304,0.0034637451171875,False,False
commodity_labour,-0.6725,-0.03817779414966553,0.008516759047487592,-4.482666931962554,0.0003276782428338854,0.00347137451171875,False,False
commodity_labour,-0.67,-0.03803657211260855,0.00848656199902809,-4.481976578615066,0.00032816267166295177,0.0034637451171875,False,False
commodity_labour,-0.6675,-0.03789535007555158,0.00845637868590338,-4.481274016113114,0.000328656415234132,0.00347137451171875,False,False
commodity_labour,-0.665,-0.03775412803849462,0.00842620925571646,-4.48055903820353,0.0003291596593357251,0.003448486328125,False,False
commodity_labour,-0.6625,-0.03761290600143766,0.00839605385812347,-4.479831434745488,0.00032967259422851035,0.003448486328125,False,False
commodity_labour,-0.66,-0.03747168396438071,0.008365912644868204,-4.47909099162857,0.0003301954147748226,0.00344085693359375,False,False
commodity_labour,-0.6575,-0.037330461927323734,0.008335785769817318,-4.478337490688877,0.0003307283205720245,0.003448486328125,False,False
commodity_labour,-0.655,-0.03718923989026678,0.008305673388996196,-4.477570709623267,0.0003312715160904653,0.00345611572265625,False,False
commodity_labour,-0.6525,-0.037048017853209825,0.00827557566062553,-4.476790421901533,0.00033182521081619583,0.00345611572265625,False,False
commodity_labour,-0.65,-0.03690679581615286,0.008245492745158612,-4.4759963966765834,0.0003323896193985422,0.00345611572265625,False,False
commodity_labour,-0.6475,-0.0367655737790959,0.008215424805319341,-4.475188398692524,0.00033296496180278026,0.00345611572265625,False,False
commodity_labour,-0.645,-0.03662435174203894,0.008185372006141008,-4.47436618819057,0.0003335514634680952,0.00347137451171875,False,False
commodity_labour,-0.6425,-0.036483129704981986,0.0081553345150058,-4.4735295208128,0.00033414935547103103,0.0034637451171875,False,False
commodity_labour,-0.64,-0.03634190766792503,0.008125312501685111,-4.472678147503627,0.0003347588746946569,0.00347900390625,False,False
commodity_labour,-0.6375,-0.03620068563086805,0.008095306138380642,-4.471811814408975,0.00033538026400368174,0.00347137451171875,False,False
commodity_labour,-0.635,-0.03605946359381109,0.008065315599766306,-4.470930262773092,0.00033601377242573874,0.00348663330078125,False,False
commodity_labour,-0.6325,-0.035918241556754125,0.008035341063030966,-4.4700332288329285,0.00033665965533911414,0.00347900390625,False,False
commodity_labour,-0.63,-0.03577701951969716,0.008005382707922025,-4.46912044371004,0.0003373181746671648,0.00347900390625,False,False
commodity_labour,-0.6275,-0.03563579748264021,0.007975440716789873,-4.468191633299943,0.00033798959907969256,0.00347900390625,False,False
commodity_labour,-0.625,-0.035494575445583244,0.007945515274633237,-4.467246518158845,0.0003386742042015918,0.00347137451171875,False,False
commodity_labour,-0.6225,-0.035353353408526286,0.007915606569145401,-4.466284813387733,0.00033937227282901736,0.0034637451171875,False,False
commodity_labour,-0.62,-0.03521213137146932,0.007885714790761396,-4.465306228513681,0.00034008409515344474,0.0034637451171875,False,False
commodity_labour,-0.6175,-0.03507090933441234,0.007855840132706099,-4.464310467368367,0.0003408099689938996,0.0034637451171875,False,False
commodity_labour,-0.615,-0.03492968729735539,0.007825982791043302,-4.463297227963725,0.00034155020003772394,0.00344085693359375,False,False
commodity_labour,-0.6125,-0.03478846526029844,0.007796142964725798,-4.462266202364595,0.0003423051020902464,0.00344085693359375,False,False
commodity_labour,-0.61,-0.03464724322324147,0.007766320855646428,-4.461217076558397,0.000343074997333703,0.00342559814453125,False,False
commodity_labour,-0.6075,-0.0345060211861845,0.007736516668690196,-4.46014953032169,0.000343860216595812,0.00342559814453125,False,False
commodity_labour,-0.605,-0.03436479914912754,0.007706730611787419,-4.459063237083529,0.0003446610996284422,0.00342559814453125,False,False
commodity_labour,-0.6025,-0.03422357711207058,0.007676962895967961,-4.457957863785592,0.0003454779953967641,0.00342559814453125,False,False
commodity_labour,-0.6,-0.03408235507501362,0.0076472137354165635,-4.456833070738942,0.0003463112623793709,0.0034332275390625,False,False
commodity_labour,-0.5975,-0.033941133037956664,0.007617483347529302,-4.455688511477393,0.000347161268879809,0.003448486328125,False,False
commodity_labour,-0.595,-0.03379991100089969,0.007587771952971184,-4.454523832607341,0.0003480283933500558,0.00345611572265625,False,False
commodity_labour,-0.5925,-0.033658688963842734,0.00755807977573494,-4.453338673654023,0.0003489130247264273,0.00347137451171875,False,False
commodity_labour,-0.59,-0.03351746692678576,0.0075284070432009974,-4.45213266690406,0.0003498155627785027,0.00347137451171875,False,False
commodity_labour,-0.5875,-0.03337624488972882,0.0074987539861986864,-4.450905437244262,0.0003507364184715859,0.00347137451171875,False,False
commodity_labour,-0.585,-0.03323502285267185,0.007469120839068711,-4.449656601996517,0.00035167601434337944,0.00347137451171875,False,False
commodity_labour,-0.5825,-0.033093800815614895,0.007439507839726883,-4.448385770748757,0.00035263478489541846,0.0034637451171875,False,False
commodity_labour,-0.58,-0.03295257877855793,0.007409915229729183,-4.447092545181826,0.00035361317700000744,0.0034637451171875,False,False
commodity_labour,-0.5775,-0.03281135674150096,0.007380343254338155,-4.445776518892193,0.000354611650323308,0.00347137451171875,False,False
commodity_labour,-0.575,-0.032670134704444014,0.007350792162590666,-4.444437277210401,0.0003556306777653141,0.00347900390625,False,False
commodity_labour,-0.5725,-0.032528912667387055,0.007321262207367081,-4.443074397015116,0.0003566707459175352,0.00347900390625,False,False
commodity_labour,-0.57,-0.03238769063033008,0.007291753645461845,-4.441687446542732,0.000357732355539102,0.00348663330078125,False,False
commodity_labour,-0.5675,-0.03224646859327311,0.007262266737655552,-4.440275985192346,0.00035881602205224407,0.003509521484375,False,False
commodity_labour,-0.565,-0.03210524655621614,0.007232801748788484,-4.438839563326047,0.0003599222760579691,0.003509521484375,False,False
commodity_labour,-0.5625,-0.031964024519159195,0.0072033589478357075,-4.437377722064368,0.00036105166387291794,0.0034942626953125,False,False
commodity_labour,-0.56,-0.03182280248210224,0.00717393860798371,-4.435889993076799,0.00036220474808837855,0.00350189208984375,False,False
commodity_labour,-0.5575,-0.03168158044504527,0.0071445410067086336,-4.434375898367253,0.0003633821081524697,0.00348663330078125,False,False
commodity_labour,-0.555,-0.031540358407988314,0.007115166425856154,-4.43283495005433,0.0003645843409766491,0.003509521484375,False,False
commodity_labour,-0.5525,-0.03139913637093135,0.007085815151723019,-4.43126665014627,0.00036581206156766034,0.003509521484375,False,False
commodity_labour,-0.55,-0.03125791433387439,0.007056487475140297,-4.429670490310468,0.00036706590368614016,0.003509521484375,False,False
commodity_labour,-0.5475,-0.031116692296817433,0.007027183691558355,-4.428045951637414,0.00036834652053317583,0.003509521484375,False,False
commodity_labour,-0.545,-0.03097547025976047,0.006997904101133641,-4.426392504398929,0.00036965458546616553,0.00348663330078125,False,False
commodity_labour,-0.5425,-0.030834248222703493,0.006968649008817261,-4.424709607800547,0.0003709907927453925,0.0034942626953125,False,False
commodity_labour,-0.54,-0.030693026185646535,0.006939418724445445,-4.422996709727922,0.00037235585831281654,0.00351715087890625,False,False
commodity_labour,-0.5375,-0.030551804148589583,0.006910213562831884,-4.4212532464870895,0.00037375052060469055,0.00354766845703125,False,False
commodity_labour,-0.535,-0.03041058211153262,0.006881033843862049,-4.419478642538456,0.0003751755413996371,0.0035552978515625,False,False
commodity_labour,-0.5325,-0.03026936007447565,0.006851879892589445,-4.417672310224389,0.00037663170670394606,0.00356292724609375,False,False
commodity_labour,-0.53,-0.030128138037418692,0.006822752039333957,-4.415833649490189,0.0003781198276760047,0.003570556640625,False,False
commodity_labour,-0.5275,-0.029986916000361727,0.006793650619782214,-4.413962047598353,0.0003796407415917575,0.003570556640625,False,False
commodity_labour,-0.525,-0.02984569396330477,0.0067645759750901095,-4.412056878835957,0.0003811953128533121,0.00359344482421875,False,False
commodity_labour,-0.5225,-0.029704471926247807,0.006735528451987477,-4.410117504214951,0.00038278443404287017,0.00360870361328125,False,False
commodity_labour,-0.52,-0.029563249889190842,0.006706508402884979,-4.408143271165282,0.0003844090270242904,0.0036163330078125,False,False
commodity_labour,-0.5175,-0.029422027852133877,0.006677516185983249,-4.406133513220612,0.0003860700440947448,0.0036163330078125,False,False
commodity_labour,-0.515,-0.029280805815076923,0.006648552165384371,-4.404087549696486,0.00038776846918904534,0.00360870361328125,False,False
commodity_labour,-0.5125,-0.02913958377801995,0.006619616711205689,-4.402004685360779,0.0003895053191393875,0.00362396240234375,False,False
commodity_labour,-0.51,-0.028998361740962996,0.006590710199696045,-4.39988421009626,0.000391281644993378,0.003631591796875,False,False
commodity_labour,-0.5075,-0.028857139703906035,0.0065618330133544855,-4.397725398555049,0.0003930985333934713,0.003631591796875,False,False
commodity_labour,-0.505,-0.028715917666849076,0.006532985541051474,-4.39552750980485,0.0003949571080209743,0.003631591796875,False,False
commodity_labour,-0.5025,-0.028574695629792108,0.006504168178152676,-4.393289786966723,0.0003968585311081406,0.0036163330078125,False,False
commodity_labour,-0.5,-0.028433473592735146,0.006475381326645377,-4.391011456844247,0.00039880400502191414,0.0036163330078125,False,False
commodity_labour,-0.4975,-0.02829225155567819,0.006446625395267578,-4.388691729543853,0.0004007947739232478,0.00360870361328125,False,False
commodity_labour,-0.495,-0.028151029518621223,0.006417900799639828,-4.386329798086168,0.00040283212550603443,0.00360870361328125,False,False
commodity_labour,-0.4925,-0.028009807481564262,0.006389207962399853,-4.383924838008166,0.0004049173928199929,0.003631591796875,False,False
commodity_labour,-0.49,-0.027868585444507304,0.006360547313340049,-4.381476006955911,0.0004070519561821382,0.00366973876953125,False,False
commodity_labour,-0.4875,-0.027727363407450335,0.00633191928954787,-4.3789824442677325,0.0004092372451816515,0.00366973876953125,False,False
commodity_labour,-0.485,-0.02758614137039338,0.006303324335549215,-4.3764432705476155,0.0004114747407833863,0.003692626953125,False,False
commodity_labour,-0.4825,-0.027444919333336416,0.0062747629034548376,-4.373857587228587,0.00041376597753546877,0.00370025634765625,False,False
commodity_labour,-0.48,-0.027303697296279447,0.006246235453109857,-4.3712244761259464,0.00041611254588682706,0.003692626953125,False,False
commodity_labour,-0.4775,-0.027162475259222493,0.00621774245224643,-4.368542998980099,0.00041851609462085734,0.003692626953125,False,False
commodity_labour,-0.475,-0.027021253222165535,0.006189284376639668,-4.3658121969887755,0.00042097833341184714,0.00368499755859375,False,False
commodity_labour,-0.4725,-0.026880031185108566,0.006160861710266819,-4.363031090328503,0.0004235010355110728,0.003692626953125,False,False
commodity_labour,-0.47,-0.0267388091480516,0.006132474945469828,-4.360198677665051,0.0004260860405701105,0.00368499755859375,False,False
commodity_labour,-0.4675,-0.026597587110994646,0.006104124583121319,-4.357313935652683,0.00042873525760923475,0.003692626953125,False,False
commodity_labour,-0.465,-0.026456365073937685,0.006075811132794067,-4.354375818422003,0.00043145066813935856,0.0037078857421875,False,False
commodity_labour,-0.4625,-0.026315143036880723,0.006047535112934038,-4.351383257056213,0.0004342343294464614,0.00371551513671875,False,False
commodity_labour,-0.46,-0.026173920999823755,0.006019297051037052,-4.348335159055542,0.0004370883780481058,0.00371551513671875,False,False
commodity_labour,-0.4575,-0.0260326989627668,0.005991097483829159,-4.345230407789696,0.0004400150333321976,0.00371551513671875,False,False
commodity_labour,-0.455,-0.025891476925709842,0.005962936957450772,-4.342067861938082,0.00044301660138886017,0.0037384033203125,False,False
commodity_labour,-0.4525,-0.02575025488865287,0.005934816027644659,-4.338846354917649,0.0004460954790469913,0.003753662109375,False,False
commodity_labour,-0.45,-0.025609032851595916,0.005906735259947837,-4.335564694298161,0.0004492541581278223,0.003753662109375,False,False
commodity_labour,-0.4475,-0.025467810814538944,0.0058786952298874665,-4.3322216612046525,0.000452495229928709,0.00376129150390625,False,False
commodity_labour,-0.445,-0.025326588777481996,0.005850696523180782,-4.3288160097069905,0.000455821389951114,0.00376129150390625,False,False
commodity_labour,-0.4425,-0.02518536674042503,0.005822739735939194,-4.325346466196242,0.0004592354428879059,0.00379180908203125,False,False
commodity_labour,-0.44,-0.02504414470336807,0.00579482547487655,-4.321811728747809,0.0004627403078858609,0.00384521484375,False,False
commodity_labour,-0.4375,-0.024902922666311104,0.005766954357521717,-4.31821046647105,0.00046633902410064126,0.0038909912109375,False,False
commodity_labour,-0.435,-0.024761700629254146,0.005739127012435484,-4.314541318845311,0.0004700347565624389,0.00389862060546875,False,False
commodity_labour,-0.4325,-0.024620478592197185,0.005711344079431921,-4.310802895042188,0.00047383080237194233,0.00390625,False,False
commodity_labour,-0.43,-0.024479256555140213,0.005683606209804208,-4.306993773233893,0.0004777305972475182,0.00390625,False,False
commodity_labour,-0.4275,-0.02433803451808326,0.00565591406655505,-4.30311249988762,0.000481737722446036,0.00394439697265625,False,False
commodity_labour,-0.425,-0.02419681248102629,0.0056282683246317525,-4.299157589045729,0.0004858559120813805,0.00396728515625,False,False
commodity_labour,-0.4225,-0.02405559044396933,0.005600669671165975,-4.295127521591773,0.0004900890608662494,0.00396728515625,False,False
commodity_labour,-0.42,-0.02391436840691237,0.005573118805718316,-4.2910207445021555,0.0004944412323048968,0.0040130615234375,False,False
commodity_labour,-0.4175,-0.023773146369855398,0.005545616440527724,-4.2868356700834385,0.0004989166673662566,0.00402069091796875,False,False
commodity_labour,-0.415,-0.023631924332798444,0.005518163300765851,-4.282570675195247,0.0005035197936691235,0.0040435791015625,False,False
commodity_labour,-0.4125,-0.023490702295741486,0.005490760124796405,-4.278224100458679,0.0005082552352134069,0.00408172607421875,False,False
commodity_labour,-0.41,-0.023349480258684528,0.005463407664439554,-4.2737942494503125,0.0005131278226938266,0.00411224365234375,False,False
commodity_labour,-0.4075,-0.023208258221627562,0.0054361066852414664,-4.269279387881747,0.0005181426044352493,0.0041351318359375,False,False
commodity_labour,-0.405,-0.023067036184570604,0.005408857966749039,-4.264677742764783,0.0005233048579916751,0.00414276123046875,False,False
commodity_labour,-0.4025,-0.022925814147513643,0.005381662302789871,-4.259987501562264,0.0005286201024540955,0.0041656494140625,False,False
commodity_labour,-0.4,-0.022784592110456678,0.005354520501757565,-4.255206811324726,0.0005340941115157407,0.0041961669921875,False,False
commodity_labour,-0.3975,-0.022643370073399716,0.005327433386902372,-4.250333777812973,0.0005397329273469963,0.00418853759765625,False,False
commodity_labour,-0.395,-0.02250214803634276,0.005300401796627262,-4.245366464606753,0.0005455428753361971,0.00421905517578125,False,False
commodity_labour,-0.3925,-0.02236092599928579,0.00527342658478948,-4.2403028921997326,0.0005515305797568295,0.00421905517578125,False,False
commodity_labour,-0.39,-0.022219703962228835,0.005246508621007576,-4.235141037081077,0.0005577029804262483,0.0042724609375,False,False
commodity_labour,-0.3875,-0.022078481925171867,0.005219648790974031,-4.229878830803831,0.0005640673504262695,0.00428009033203125,False,False
commodity_labour,-0.385,-0.021937259888114905,0.005192847996773446,-4.224514159040574,0.0005706313149611536,0.004302978515625,False,False
commodity_labour,-0.3825,-0.02179603785105795,0.0051661071572063596,-4.2190448606266315,0.0005774028714347831,0.0043182373046875,False,False
commodity_labour,-0.38,-0.02165481581400098,0.005139427208118726,-4.213468726591357,0.000584390410835018,0.00431060791015625,False,False
commodity_labour,-0.3775,-0.021513593776944017,0.005112809102737044,-4.207783499178001,0.0005916027405202841,0.004364013671875,False,False
commodity_labour,-0.375,-0.02137237173988706,0.005086253812009186,-4.201986870852693,0.0005990491085111357,0.0043792724609375,False,False
commodity_labour,-0.3725,-0.0212311497028301,0.00505976232495091,-4.196076483303213,0.0006067392293976666,0.0043792724609375,False,False
commodity_labour,-0.37,-0.02108992766577313,0.005033335648998067,-4.190049926428268,0.000614683311982657,0.0044403076171875,False,False
commodity_labour,-0.3675,-0.02094870562871617,0.005006974810364477,-4.183904737318068,0.0006228920887901093,0.00447845458984375,False,False
commodity_labour,-0.365,-0.02080748359165921,0.004980680854405497,-4.177638399227012,0.0006313768475795385,0.00452423095703125,False,False
commodity_labour,-0.3625,-0.020666261554602244,0.004954454845987197,-4.171248340539554,0.0006401494650177023,0.00457000732421875,False,False
commodity_labour,-0.36,-0.02052503951754529,0.004928297869861158,-4.1647319337302005,0.0006492224426723382,0.0046234130859375,False,False
commodity_labour,-0.3575,-0.02038381748048832,0.0049022110310448196,-4.1580864943188445,0.0006586089455060108,0.00464630126953125,False,False
commodity_labour,-0.355,-0.02024259544343137,0.004876195455207312,-4.151309279822696,0.0006683228430631548,0.00469207763671875,False,False
commodity_labour,-0.3525,-0.0201013734063744,0.004850252289060732,-4.144397488706119,0.0006783787535598484,0.004730224609375,False,False
commodity_labour,-0.35,-0.019960151369317447,0.0048243827007567255,-4.1373482593299675,0.0006887920911033915,0.00475311279296875,False,False
commodity_labour,-0.3475,-0.01981892933226048,0.004798587880288338,-4.130158668901902,0.0006995791162885678,0.0048370361328125,False,False
commodity_labour,-0.345,-0.019677707295203524,0.004772869039896962,-4.122825732429551,0.0007107569904382802,0.00493621826171875,False,False
commodity_labour,-0.3425,-0.01953648525814656,0.0047472274144842955,-4.115346401678307,0.0007223438337798676,0.00505828857421875,False,False
commodity_labour,-0.34,-0.01939526322108959,0.0047216642620291245,-4.1077175641358545,0.0007343587878733907,0.0051422119140625,False,False
commodity_labour,-0.3375,-0.019254041184032632,0.004696180864008781,-4.099936041985591,0.0007468220826361982,0.005218505859375,False,False
commodity_labour,-0.335,-0.019112819146975667,0.004670778525825109,-4.091998591091262,0.0007597551083383167,0.0052947998046875,False,False
commodity_labour,-0.3325,-0.01897159710991871,0.004645458577234668,-4.083901899995426,0.0007731804929763528,0.005340576171875,False,False
commodity_labour,-0.33,-0.018830375072861744,0.0046202223727830226,-4.075642588934337,0.0007871221854702273,0.00540924072265625,False,False
commodity_labour,-0.3275,-0.018689153035804783,0.004595071292242798,-4.067217208872256,0.0008016055451666524,0.00550079345703125,False,False
commodity_labour,-0.325,-0.01854793099874782,0.004570006741055256,-4.058622240558213,0.0008166574381772133,0.005584716796875,False,False
commodity_labour,-0.3225,-0.01840670896169086,0.0045450301507750784,-4.049854093608577,0.0008323063411267033,0.00563812255859375,False,False
commodity_labour,-0.32,-0.0182654869246339,0.00452014297951802,-4.040909105618942,0.000848582452940055,0.00567626953125,False,False
commodity_labour,-0.3175,-0.018124264887576937,0.004495346712411072,-4.031783541309101,0.0008655178153539444,0.00580596923828125,False,False
commodity_labour,-0.315,-0.017983042850519975,0.00447064286204473,-4.022473591705132,0.0008831464429024742,0.00588226318359375,False,False
commodity_labour,-0.3125,-0.017841820813463014,0.004446032968926953,-4.012975373362813,0.0009015044631961728,0.0059356689453125,False,False
commodity_labour,-0.31,-0.01770059877640605,0.004421518601938346,-4.003284927636921,0.0009206302683899969,0.00605010986328125,False,False
commodity_labour,-0.3075,-0.017559376739349094,0.004397101358788046,-3.9933982200012124,0.0009405646788202711,0.00615692138671875,False,False
commodity_labour,-0.305,-0.017418154702292132,0.00437278286646982,-3.983311139424112,0.0009613511198831971,0.0062713623046875,False,False
commodity_labour,-0.3025,-0.017276932665235164,0.004348564781717737,-3.973019497805564,0.0009830358133293725,0.00640106201171875,False,False
commodity_labour,-0.3,-0.01713571062817821,0.004324448791460835,-3.962519029480662,0.0010056679842611641,0.0064849853515625,False,False
commodity_labour,-0.2975,-0.016994488591121237,0.0043004366132761256,-3.9518053907960353,0.0010293000852433702,0.00658416748046875,False,False
commodity_labour,-0.295,-0.01685326655406428,0.004276529995839155,-3.9408741597654275,0.0010539880390735014,0.00675201416015625,False,False
commodity_labour,-0.2925,-0.016712044517007318,0.004252730719371463,-3.929720835810947,0.0010797915019087928,0.00685882568359375,False,False
commodity_labour,-0.29,-0.016570822479950353,0.004229040596084043,-3.918340839597143,0.0011067741486118215,0.00702667236328125,False,False
commodity_labour,-0.2875,-0.016429600442893395,0.0042054614706159765,-3.9067295129651827,0.0011350039823596965,0.00716400146484375,False,False
commodity_labour,-0.285,-0.016288378405836437,0.004181995220467328,-3.894882118974839,0.0011645536707630987,0.007354736328125,False,False
commodity_labour,-0.2825,-0.01614715636877947,0.0041586437564253,-3.8827938420624166,0.0011955009109635862,0.0075225830078125,False,False
commodity_labour,-0.28,-0.016005934331722507,0.004135409022982632,-3.8704597883230303,0.0012279288264232476,0.00769805908203125,False,False
commodity_labour,-0.2775,-0.01586471229466555,0.004112292998747129,-3.857874985926092,0.0012619263983917179,0.0078277587890625,False,False
commodity_labour,-0.275,-0.015723490257608587,0.004089297696841186,-3.8450343856732014,0.0012975889353350604,0.00800323486328125,False,False
commodity_labour,-0.2725,-0.015582268220551625,0.004066425165290031,-3.8319328617080908,0.0013350185839415042,0.00815582275390625,False,False
commodity_labour,-0.27,-0.015441046183494662,0.004043677487397451,-3.818565212388554,0.0013743248856851297,0.008331298828125,False,False
commodity_labour,-0.2675,-0.0152998241464377,0.004021056782107575,-3.8049261613307865,0.001415625383331995,0.008544921875,False,False
commodity_labour,-0.265,-0.01515860210938074,0.003998565204351327,-3.7910103586368473,0.0014590462822204804,0.0086822509765625,False,False
commodity_labour,-0.2625,-0.015017380072323783,0.003976204945375988,-3.7768123823164115,0.001504723171640897,0.0089263916015625,False,False
commodity_labour,-0.26,-0.014876158035266818,0.00395397823305633,-3.762326739914273,0.0015528018121860302,0.0092010498046875,False,False
commodity_labour,-0.2575,-0.014734935998209854,0.003931887332185588,-3.747547870355496,0.0016034389955476187,0.009521484375,False,False
commodity_labour,-0.255,-0.014593713961152891,0.0039099345447446065,-3.7324701460203444,0.0016568034839020748,0.00975799560546875,False,False
commodity_labour,-0.2525,-0.01445249192409593,0.0038881222101472593,-3.7170878750615595,0.0017130770367666454,0.01003265380859375,False,False
commodity_labour,-0.25,-0.014311269887038966,0.003866452705460272,-3.70139530397678,0.0017724555340242387,0.01026153564453125,False,False
commodity_labour,-0.2475,-0.014170047849982008,0.0038449284455954677,-3.685386620449182,0.001835150204717716,0.01068878173828125,False,False
commodity_labour,-0.245,-0.014028825812925045,0.003823551883472326,-3.6690559564696916,0.0019013889722126422,0.010955810546875,False,False
commodity_labour,-0.2425,-0.013887603775868083,0.0038023255101487345,-3.652397391754302,0.00197141792743055,0.01137542724609375,False,False
commodity_labour,-0.24,-0.01374638173881112,0.0037812518549176764,-3.6354049574702025,0.0020455029430739053,0.011688232421875,False,False
commodity_labour,-0.2375,-0.013605159701754157,0.003760333485367537,-3.618072640284557,0.0021239314431101127,0.01214599609375,False,False
commodity_labour,-0.235,-0.013463937664697199,0.003739573007403631,-3.600394386749826,0.0022070143432689955,0.012542724609375,False,False
commodity_labour,-0.2325,-0.013322715627640237,0.003718973065228462,-3.582364108039541,0.0022950881799484553,0.01308441162109375,False,False
commodity_labour,-0.23,-0.013181493590583274,0.003698536341278153,-3.5639756850484177,0.0023885174467329915,0.01348876953125,False,False
commodity_labour,-0.2275,-0.013040271553526312,0.003678265556112427,-3.545222973870496,0.0024876971597244547,0.01384735107421875,False,False
commodity_labour,-0.225,-0.01289904951646935,0.0036581634682554052,-3.526099811668877,0.0025930556750811736,0.01441192626953125,False,False
commodity_labour,-0.2225,-0.012757827479412386,0.0036382328739844607,-3.5066000229502836,0.0027050577845794148,0.01509857177734375,False,False
commodity_labour,-0.22,-0.012616605442355423,0.0036184766070642923,-3.4867174262572904,0.002824208117668621,0.0156707763671875,False,False
commodity_labour,-0.2175,-0.012475383405298466,0.0035988975384232953,-3.4664458412906156,0.002951054881410109,0.01642608642578125,False,False
commodity_labour,-0.215,-0.012334161368241501,0.0035794985757693046,-3.4457790964732116,0.003086193972889202,0.01723480224609375,False,False
commodity_labour,-0.2125,-0.012192939331184543,0.003560282663141674,-3.4247110369672775,0.0032302735021943504,0.018096923828125,False,False
commodity_labour,-0.21,-0.012051717294127578,0.003541252780396697,-3.403235533154322,0.003383998767887822,0.018890380859375,False,False
commodity_labour,-0.2075,-0.011910495257070618,0.0035224119426232586,-3.381346489587607,0.0035481377310711045,0.01972198486328125,False,False
commodity_labour,-0.205,-0.011769273220013653,0.003503763199485671,-3.3590378544250092,0.0037235270386986262,0.02066802978515625,False,False
commodity_labour,-0.2025,-0.011628051182956692,0.0034853096344905476,-3.336303629349241,0.0039110786517340896,0.02187347412109375,False,False
commodity_labour,-0.2,-0.01148682914589973,0.0034670543641746763,-3.3131378799807605,0.004111787139096785,0.0230712890625,False,False
commodity_labour,-0.1975,-0.011345607108842772,0.0034490005372107683,-3.289534746787267,0.004326737704122413,0.02410125732421875,False,False
commodity_labour,-0.195,-0.011204385071785809,0.003431151333428059,-3.26548845649181,0.004557115016479418,0.02527618408203125,False,False
commodity_labour,-0.1925,-0.011063163034728846,0.0034135099627447397,-3.240993333979656,0.004804212929141505,0.0265960693359375,False,False
commodity_labour,-0.19,-0.010921940997671886,0.003396079664009298,-3.2160438147018637,0.005069445167118178,0.0281219482421875,False,False
commodity_labour,-0.1875,-0.010780718960614926,0.0033788637037478857,-3.1906344575712815,0.0053543570821753435,0.029632568359375,False,False
commodity_labour,-0.185,-0.010639496923557961,0.003361865374814961,-3.1647599583441277,0.005660638575711566,0.03147125244140625,False,False
commodity_labour,-0.1825,-0.010498274886500998,0.0033450879949445374,-3.138415163477654,0.005990138300252312,0.0333404541015625,False,False
commodity_labour,-0.18,-0.010357052849444036,0.003328534905199561,-3.111595084451453,0.006344879258621201,0.03517913818359375,False,False
commodity_labour,-0.1775,-0.010215830812387075,0.0033122094683170488,-3.0842949125369756,0.006727075928655823,0.03720855712890625,False,False
commodity_labour,-0.175,-0.010074608775330111,0.00329611506694682,-3.0565100339965334,0.007139153050241904,0.0392608642578125,False,False
commodity_labour,-0.1725,-0.009933386738273155,0.0032802551017818765,-3.028236045689621,0.007583766220287007,0.04177093505859375,False,False
commodity_labour,-0.17,-0.00979216470121619,0.003264632989578721,-2.999468771060787,0.008063824449846713,0.04465484619140625,False,False
commodity_labour,-0.1675,-0.009650942664159229,0.0032492521610661177,-2.9702042764796195,0.008582514845702374,0.047576904296875,False,False
commodity_labour,-0.165,-0.009509720627102269,0.0032341160587411573,-2.9404388878993473,0.009143329585963575,0.05078887939453125,True,False
commodity_labour,-0.1625,-0.009368498590045305,0.003219228134551745,-2.910169207796702,0.009750095365344194,0.05390167236328125,True,False
commodity_labour,-0.16,-0.009227276552988342,0.003204591847464986,-2.87939213235147,0.010407005490183665,0.05760955810546875,True,False
commodity_labour,-0.1575,-0.00908605451593138,0.0031902106609213235,-2.848104868819965,0.011118654805498085,0.061737060546875,True,False
commodity_labour,-0.155,-0.008944832478874419,0.0031760880401746653,-2.816304953052406,0.011890077635693835,0.06574249267578125,True,False
commodity_labour,-0.1525,-0.00880361044181746,0.003162227449519166,-2.7839902670998877,0.012726788916285377,0.07018280029296875,True,False
commodity_labour,-0.15,-0.008662388404760496,0.003148632349403771,-2.751159056852356,0.013634828685136439,0.07495880126953125,True,False
commodity_labour,-0.1475,-0.008521166367703533,0.0031353061934361057,-2.7178099496447747,0.014620810087346045,0.08028411865234375,True,False
commodity_labour,-0.145,-0.008379944330646571,0.0031222524252778085,-2.6839419717644866,0.0156919710267632,0.0857391357421875,True,False
commodity_labour,-0.1425,-0.00823872229358961,0.003109474475433909,-2.649554565788788,0.01685622956789679,0.09178924560546875,True,False
commodity_labour,-0.14,-0.008097500256532652,0.0030969757579393927,-2.6146476076778895,0.01812224315322555,0.0979461669921875,True,False
commodity_labour,-0.1375,-0.007956278219475687,0.003084759666946689,-2.5792214235447557,0.019499471650993513,0.1048583984375,True,False
commodity_labour,-0.135,-0.007815056182418725,0.003072829573218352,-2.5432768060200504,0.020998244185746744,0.11212158203125,True,False
commodity_labour,-0.1325,-0.007673834145361762,0.0030611888205298587,-2.506815030127251,0.022629829626306358,0.11985015869140625,True,False
commodity_labour,-0.13,-0.007532612108304801,0.003049840721987978,-2.4698378685805,0.024406510511657493,0.12810516357421875,True,False
commodity_labour,-0.1275,-0.0073913900712478395,0.0030387885562708685,-2.4323476064153615,0.026341660082484793,0.13671875,True,False
commodity_labour,-0.125,-0.007250168034190877,0.003028035563796584,-2.3943470548610524,0.0284498219529406,0.14583587646484375,True,False
commodity_labour,-0.1225,-0.007108945997133914,0.0030175849428273737,-2.3558395643613848,0.03074679180205222,0.156158447265625,True,False
commodity_labour,-0.12,-0.006967723960076953,0.0030074398455177003,-2.3168290366511153,0.03324970028556338,0.16689300537109375,True,False
commodity_labour,-0.1175,-0.006826501923019989,0.0029976033739145765,-2.277319935794323,0.03597709616603675,0.1778564453125,True,False
commodity_labour,-0.115,-0.006685279885963031,0.0029880785759193195,-2.23731729809221,0.03894902843138658,0.18941497802734375,True,False
commodity_labour,-0.1125,-0.0065440578489060685,0.0029788684412205063,-2.1968267407689974,0.04218712592018612,0.201751708984375,True,False
commodity_labour,-0.11,-0.006402835811849105,0.0029699758972083286,-2.155854469346887,0.045714672697613645,0.2149658203125,True,False
commodity_labour,-0.1075,-0.0062616137747921454,0.002961403804881193,-2.1144072836238395,0.049556677131674054,0.22866058349609375,True,False
commodity_labour,-0.105,-0.006120391737735181,0.00295315495475579,-2.072492582171769,0.05373993230972733,0.24341583251953125,True,True
commodity_labour,-0.1025,-0.005979169700678221,0.0029452320627923368,-2.0301183652772834,0.05829306511666281,0.2582855224609375,True,True
commodity_labour,-0.1,-0.00583794766362126,0.0029376377663471037,-1.9872932362524178,0.06324657097660867,0.27365875244140625,True,True
commodity_labour,-0.0975,-0.005696725626564297,0.0029303746201646426,-1.944026401049101,0.06863283095048596,0.2902069091796875,True,True
commodity_labour,-0.095,-0.005555503589507334,0.0029234450924224336,-1.9003276661180308,0.07448610759510224,0.30738067626953125,True,True
commodity_labour,-0.0925,-0.005414281552450373,0.0029168515608409044,-1.856207434460422,0.08084251574143156,0.3238677978515625,True,True
commodity_labour,-0.09,-0.005273059515393413,0.0029105963088718947,-1.8116766998296563,0.08773996415827721,0.34151458740234375,True,True
commodity_labour,-0.0875,-0.00513183747833645,0.0029046815219787594,-1.766747039049046,0.09521806395292837,0.35944366455078125,True,True
commodity_labour,-0.085,-0.004990615441279486,0.002899109284021295,-1.7214306024218258,0.10331799954476299,0.37870025634765625,True,True
commodity_labour,-0.0825,-0.0048493934042225266,0.002893881573758599,-1.6757401022199023,0.11208235815421197,0.39835357666015625,True,True
commodity_labour,-0.08,-0.004708171367165565,0.002889000261482871,-1.6296887992488263,0.12155491400151339,0.41875457763671875,True,True
commodity_labour,-0.0775,-0.004566949330108602,0.0028844671057968617,-1.5832904874978417,0.1317803638297485,0.43852996826171875,True,True
commodity_labour,-0.075,-0.00442572729305164,0.002880283750547437,-1.5365594768954518,0.14280401097491913,0.45938873291015625,True,True
commodity_labour,-0.0725,-0.00428450525599468,0.002876451721927307,-1.4895105742028365,0.1546713960183647,0.4801788330078125,True,True
commodity_labour,-0.07,-0.004143283218937717,0.0028729724257564684,-1.442159062089421,0.16742787308386925,0.5013885498046875,True,True
commodity_labour,-0.0675,-0.004002061181880755,0.0028698471449543975,-1.3945206764468108,0.18111813208583505,0.5233078002929688,True,True
commodity_labour,-0.065,-0.0038608391448237945,0.0028670770372133834,-1.346611582009071,0.19578566868858746,0.5446243286132812,True,True
commodity_labour,-0.0625,-0.00371961710776683,0.0028646631328826627,-1.2984483463589107,0.2114722053815448,0.5660629272460938,True,True
commodity_labour,-0.06,-0.0035783950707098697,0.0028626063330722605,-1.2500479124104351,0.22821706887912604,0.5879745483398438,True,True
commodity_labour,-0.0575,-0.0034371730336529094,0.002860907407984604,-1.2014275694697374,0.24605653097270272,0.6094894409179688,True,True
commodity_labour,-0.055,-0.0032959509965959444,0.0028595669954810353,-1.1526049229846775,0.26502312193562627,0.631256103515625,True,True
commodity_labour,-0.0525,-0.0031547289595389833,0.0028585855998894192,-1.1035978631044039,0.2851449275394231,0.6526412963867188,True,True
commodity_labour,-0.05,-0.003013506922482025,0.002857963591058033,-1.0544245321776156,0.30644488259633107,0.6741561889648438,True,True
commodity_labour,-0.0475,-0.0028722848854250606,0.0028577012036598557,-1.0051032913260938,0.3289400756087879,0.694915771484375,True,True
commodity_labour,-0.045,-0.0027310628483680987,0.0028577985367502913,-0.9556526862364804,0.3526410804841701,0.716033935546875,True,True
commodity_labour,-0.0425,-0.0025898408113111367,0.0028582555535803123,-0.9060914123186243,0.37755133226737625,0.7366714477539062,True,True
commodity_labour,-0.04,-0.0024486187742541743,0.0028590720816657903,-0.8564382793831234,0.4036665643651511,0.756561279296875,True,True
commodity_labour,-0.0375,-0.0023073967371972127,0.0028602478131127536,-0.8067121759936307,0.4309743247072623,0.7757797241210938,True,True
commodity_labour,-0.035,-0.002166174700140252,0.00286178230519711,-0.7569320336513343,0.4594535876518119,0.7940673828125,True,True
commodity_labour,-0.0325,-0.002024952663083291,0.00286367498119632,-0.707116790969537,0.4890744771605351,0.8115386962890625,True,True
commodity_labour,-0.03,-0.0018837306260263277,0.002865925131469363,-0.6572853579955653,0.5197981148391179,0.8281402587890625,True,True
commodity_labour,-0.0275,-0.0017425085889693672,0.0028685319147802916,-0.6074565808352983,0.5515766038838826,0.8439712524414062,True,True
commodity_labour,-0.025,-0.0016012865519124044,0.002871494359859682,-0.557649206732432,0.5843531568599053,0.8587493896484375,True,True
commodity_labour,-0.0225,-0.0014600645148554415,0.0028748113671972133,-0.5078818497503459,0.6180623716499257,0.8730087280273438,True,True
commodity_labour,-0.02,-0.0013188424777984822,0.0028784817110577778,-0.45817295719896617,0.6526306559816665,0.885284423828125,True,True
commodity_labour,-0.0175,-0.0011776204407415178,0.002882504041712588,-0.40854077694262514,0.6879767968112062,0.8975067138671875,True,True
commodity_labour,-0.015,-0.0010363984036845571,0.002886876887875919,-0.3590033257175401,0.7240126666773374,0.9089508056640625,True,True
commodity_labour,-0.0125,-0.0008951763666275957,0.0028915986593374896,-0.3095783585792278,0.7606440551202425,0.9191436767578125,True,True
commodity_labour,-0.01,-0.0007539543295706341,0.0028966676497796666,-0.26028333959126554,0.797771609549795,0.929901123046875,True,True
commodity_labour,-0.0075,-0.000612732292513671,0.0029020820397682107,-0.21113541385708376,0.8352918667156259,0.9400405883789062,True,True
commodity_labour,-0.005,-0.0004715102554567103,0.0029078398999047112,-0.16215138098633336,0.8730983533127653,0.9501953125,True,True
commodity_labour,-0.0025,-0.00033028821839974743,0.0029139391941284468,-0.11334767007673816,0.9110827323640732,0.9623947143554688,True,True
commodity_labour,-0.0,-0.00018906618134278608,0.002920377783155032,-0.06474031628145326,0.949135970928889,0.9769134521484375,True,True
commodity_labour,0.0025,-4.7844144285824314e-05,0.0029271534280390123,-0.016344939020800333,0.9871495044317798,0.9935302734375,True,True
commodity_labour,0.005,9.337789277113668e-05,0.002934263793847281,0.031823278113895674,0.9749836265197985,0.986114501953125,True,True
commodity_labour,0.0075,0.00023459992982809985,0.002941706453430222,0.07974960572783903,0.9373676896000315,0.9635086059570312,True,True
commodity_labour,0.01,0.0003758219668850605,0.0029494788912773143,0.12741978523613212,0.900103245218679,0.9387054443359375,True,True
commodity_labour,0.0125,0.0005170440039420221,0.002957578507444116,0.1748200437082706,0.8632862200149469,0.9099349975585938,True,True
commodity_labour,0.015,0.0006582660409989845,0.0029660026215375715,0.22193710693948757,0.8270070843258026,0.8770294189453125,True,True
commodity_labour,0.0175,0.0007994880780559448,0.0029747484767468305,0.26875821075476636,0.7913501451347691,0.8409500122070312,True,True
commodity_labour,0.02,0.0009407101151129077,0.0029838132439070158,0.3152711105609071,0.7563929624182707,0.8022537231445312,True,True
commodity_labour,0.0225,0.0010819321521698705,0.0029931940255836574,0.36146408917106515,0.7222058932053697,0.7618255615234375,True,True
commodity_labour,0.025,0.0012231541892268327,0.003002887860165936,0.40732596293464074,0.6888517641902875,0.7201385498046875,True,True
commodity_labour,0.0275,0.0013643762262837917,0.003012891725957253,0.4528460862131723,0.6563856705053027,0.677703857421875,True,True
commodity_labour,0.03,0.001505598263340756,0.0030232025452521165,0.4980143542500221,0.624854895372287,0.6345901489257812,True,True
commodity_labour,0.0325,0.0016468203003977167,0.0030338171883888348,0.5428212044880303,0.5942989428776924,0.591796875,True,True
commodity_labour,0.035,0.0017880423374546793,0.003044732477768066,0.5872576163950534,0.5647496741058705,0.5494003295898438,True,True
commodity_labour,0.0375,0.0019292643745116413,0.0030559451918277707,0.63131510986221,0.5362315353420087,0.5084686279296875,True,True
commodity_labour,0.04,0.0020704864115686024,0.003067452068965763,0.6749857422439522,0.5087618660182203,0.46959686279296875,True,True
commodity_labour,0.0425,0.002211708448625565,0.003079249811401615,0.7182621041125721,0.4823512735041349,0.4312896728515625,True,True
commodity_labour,0.045,0.0023529304856825277,0.0030913350889702805,0.7611373138025893,0.4570040616997425,0.39554595947265625,True,True
commodity_labour,0.0475,0.0024941525227394888,0.003103704542840437,0.8036050108226149,0.43271870062410944,0.36244964599609375,True,True
commodity_labour,0.05,0.0026353745597964507,0.003116354789151151,0.8456593482137789,0.4094883247514049,0.330596923828125,True,True
commodity_labour,0.0525,0.002776596596853411,0.0031292824225610783,0.8872949839346808,0.38730124866358545,0.3011627197265625,True,True
commodity_labour,0.055,0.0029178186339103747,0.003142484019705052,0.928507071353138,0.36614148960430554,0.27379608154296875,True,True
commodity_labour,0.0575,0.0030590406709673354,0.0031559561425534683,0.9692912489247334,0.3459892876704557,0.248504638671875,True,True
commodity_labour,0.06,0.0032002627080242973,0.0031696953416705197,1.0096436291374513,0.3268216156098124,0.225433349609375,True,True
commodity_labour,0.0625,0.00334148474508126,0.0031836981593678262,1.0495607868004564,0.3086126714553796,0.20412445068359375,True,True
commodity_labour,0.065,0.0034827067821382217,0.0031979611327506547,1.0890397467534727,0.29133434847600803,0.18482208251953125,True,True
commodity_labour,0.0675,0.003623928819195181,0.0032124807966543664,1.1280779710712407,0.2749566781233997,0.1675262451171875,True,True
commodity_labour,0.07,0.0037651508562521457,0.003227253686469315,1.166673345835202,0.2594482427800879,0.15209197998046875,True,True
commodity_labour,0.0725,0.003906372893309107,0.0032422763408528196,1.204824167541996,0.24477655614120658,0.1375274658203125,True,True
commodity_labour,0.075,0.00404759493036607,0.003257545304327415,1.2425291292155263,0.23090840998161136,0.1251373291015625,True,True
commodity_labour,0.0775,0.004188816967423028,0.003273057129764876,1.2797873062863208,0.21781018686195028,0.1138763427734375,True,True
commodity_labour,0.08,0.004330039004479992,0.0032888083807560563,1.3165981422987525,0.20544813901057357,0.103240966796875,True,True
commodity_labour,0.0825,0.004471261041536954,0.0033047956338668376,1.3529614345033711,0.19378863418492856,0.09354400634765625,True,True
commodity_labour,0.085,0.004612483078593914,0.003321015480780965,1.38887731938824,0.18279836977178684,0.08556365966796875,True,True
commodity_labour,0.0875,0.004753705115650876,0.0033374645303307434,1.4243462581997186,0.17244455673825895,0.07738494873046875,True,True
commodity_labour,0.09,0.004894927152707836,0.003354139410416964,1.4593690224996736,0.1626950753046135,0.07015228271484375,True,True
commodity_labour,0.0925,0.0050361491897648,0.003371036769819663,1.4939466798026693,0.15351860438598675,0.06397247314453125,True,True
commodity_labour,0.095,0.005177371226821763,0.003388153279901542,1.528080579333239,0.14488472695409807,0.05850982666015625,True,True
commodity_labour,0.0975,0.005318593263878725,0.0034054856362061552,1.5617723379399853,0.1367640135129129,0.0528106689453125,True,True
commodity_labour,0.1,0.005459815300935686,0.00342303055995309,1.5950238261999357,0.1291280858743105,0.048431396484375,False,True
commodity_labour,0.1025,0.0056010373379926474,0.0034407847994326183,1.627837154743375,0.12194966337095411,0.0444488525390625,False,True
commodity_labour,0.105,0.005742259375049611,0.003458745131302368,1.6602146608262518,0.11520259356268604,0.04077911376953125,False,True
commodity_labour,0.1075,0.005883481412106571,0.003476908361788756,1.6921588951742497,0.10886186938783012,0.03786468505859375,False,True
commodity_labour,0.11,0.006024703449163532,0.0034952713277959934,1.7236726091197383,0.10290363458876847,0.03510284423828125,False,True
commodity_labour,0.1125,0.006165925486220495,0.0035138308979255745,1.7547587420500548,0.0973051791080561,0.03295135498046875,False,True
commodity_labour,0.115,0.006307147523277457,0.0035325839734092084,1.785420409182966,0.09204492601216936,0.03115081787109375,False,True
commodity_labour,0.1175,0.006448369560334419,0.0035515274889582663,1.8156608896826685,0.087102411358889,0.0296478271484375,False,True
commodity_labour,0.12,0.006589591597391382,0.00357065841353276,1.8454836151273655,0.08245825828462802,0.02838134765625,False,True
commodity_labour,0.1225,0.006730813634448341,0.0035899737510329843,1.8748921583372598,0.07809414645229558,0.02716827392578125,False,True
commodity_labour,0.125,0.006872035671505303,0.0036094705409168886,1.9038902225697756,0.07399277787050439,0.02606964111328125,False,True
commodity_labour,0.1275,0.0070132577085622655,0.00362914585874629,1.9324816310868906,0.07013783997247683,0.02520751953125,False,True
commodity_labour,0.13,0.007154479745619227,0.0036489968166650002,1.9606703170977446,0.06651396672880705,0.02435302734375,False,True
commodity_labour,0.1325,0.0072957017826761885,0.0036690205638119184,1.9884603140780275,0.06310669846284928,0.02353668212890625,False,True
commodity_labour,0.135,0.0074369238197331535,0.003689214286672114,2.0158557464661917,0.05990244094114968,0.02289581298828125,False,True
commodity_labour,0.1375,0.007578145856790115,0.003709575209368857,2.0428608207351733,0.056888424224018096,0.02234649658203125,False,True
commodity_labour,0.14,0.007719367893847073,0.0037301005938995564,2.0694798168370627,0.05405266168282299,0.02173614501953125,False,True
commodity_labour,0.1425,0.007860589930904039,0.0037507877403184444,2.095717080017082,0.051383909520553446,0.0211181640625,False,True
commodity_labour,0.145,0.008001811967960999,0.003771633986868809,2.1215770129922022,0.048871627070160614,0.0206146240234375,False,False
commodity_labour,0.1475,0.008143034005017962,0.0037926367100675697,2.1470640684888815,0.04650593809065384,0.02013397216796875,False,False
commodity_labour,0.15,0.00828425604207492,0.003813793324744782,2.172182742133595,0.044277593233319576,0.01970672607421875,False,False
commodity_labour,0.1525,0.008425478079131887,0.003835101284040756,2.1969375656891645,0.04217793380917051,0.01921844482421875,False,False
commodity_labour,0.155,0.008566700116188847,0.0038565580793632147,2.2213331006292947,0.04019885695324653,0.0188751220703125,False,False
commodity_labour,0.1575,0.00870792215324581,0.003878161240307037,2.2453739320432167,0.038332782251095966,0.01844024658203125,False,False
commodity_labour,0.16,0.00884914419030277,0.0038999083345388256,2.2690646628619295,0.036572619867132776,0.01819610595703125,False,False
commodity_labour,0.1625,0.008990366227359731,0.0039217969676486894,2.2924099083971448,0.03491174019306651,0.0179901123046875,False,False
commodity_labour,0.165,0.009131588264416695,0.003943824782971345,2.3154142911837985,0.03334394501675396,0.01779937744140625,False,False
commodity_labour,0.1675,0.009272810301473658,0.003965989461378709,2.338082436116742,0.03186344019718527,0.01764678955078125,False,False
commodity_labour,0.17,0.00941403233853062,0.003988288721045963,2.360418965872087,0.03046480981946943,0.01749420166015625,False,False
commodity_labour,0.1725,0.00955525437558758,0.004010720317193082,2.382428496603538,0.029142991794268762,0.017333984375,False,False
commodity_labour,0.175,0.009696476412644539,0.004033282041803644,2.4041156339040377,0.0278932548587919,0.01718902587890625,False,False
commodity_labour,0.1775,0.009837698449701506,0.004055971723322741,2.425484969022971,0.026711176930915872,0.01712799072265625,False,False
commodity_labour,0.18,0.009978920486758466,0.004078787226335665,2.44654107532925,0.025592624763974815,0.01705169677734375,False,False
commodity_labour,0.1825,0.010120142523815422,0.004101726451229018,2.4672885050106355,0.024533734847006144,0.01690673828125,False,False
commodity_labour,0.185,0.010261364560872387,0.004124787333835778,2.48773178599974,0.023530895493575586,0.01676177978515625,False,False
commodity_labour,0.1875,0.010402586597929352,0.004147967845065801,2.507875419117269,0.02258073006151449,0.01671600341796875,False,False
commodity_labour,0.19,0.010543808634986314,0.0041712659905231465,2.5277238754232365,0.021680081245853404,0.0166473388671875,False,False
commodity_labour,0.1925,0.010685030672043275,0.00419467981011158,2.547281593766998,0.020825996387778354,0.01657867431640625,False,False
commodity_labour,0.195,0.010826252709100237,0.0042182073776294935,2.5665529785271644,0.020015713743454185,0.01651763916015625,False,False
commodity_labour,0.1975,0.0109674747461572,0.00424184680035542,2.5855423975326612,0.01924664965795148,0.01647186279296875,False,False
commodity_labour,0.2,0.011108696783214161,0.0042655962186253175,2.6042541801563637,0.018516386591195092,0.01639556884765625,False,False
commodity_labour,0.2025,0.011249918820271121,0.0042894538054026364,2.6226926155730284,0.017822661944747138,0.0163421630859375,False,False
commodity_labour,0.205,0.011391140857328078,0.004313417765842207,2.640861951173404,0.017163357640286307,0.0162811279296875,False,False
commodity_labour,0.2075,0.011532362894385046,0.004337486336848878,2.6587663911266963,0.016536490402797456,0.016265869140625,False,False
commodity_labour,0.21,0.011673584931442002,0.004361657786631782,2.676410095083763,0.01594020270369535,0.01617431640625,False,False
commodity_labour,0.2125,0.01181480696849897,0.004385930414255121,2.6937971770136993,0.015372754321342006,0.0160980224609375,False,False
commodity_labour,0.215,0.011956029005555932,0.0044103025491861675,2.710931704166685,0.014832514478649821,0.016021728515625,False,False
commodity_labour,0.2175,0.012097251042612889,0.004434772550841292,2.7278176961562544,0.01431795451966623,0.0160369873046875,False,False
commodity_labour,0.22,0.012238473079669854,0.004459338808130667,2.7444591241543637,0.013827641089197715,0.01602935791015625,False,False
commodity_labour,0.2225,0.012379695116726815,0.004483999739002284,2.760859910192896,0.013360229781632546,0.015960693359375,False,False
commodity_labour,0.225,0.012520917153783779,0.004508753789985913,2.777023926565504,0.01291445922715323,0.01593017578125,False,False
commodity_labour,0.2275,0.01266213919084074,0.004533599435737523,2.792954995323903,0.01248914558548732,0.01580810546875,False,False
commodity_labour,0.23,0.0128033612278977,0.004558535178584707,2.808656887862994,0.01208317741921725,0.01580047607421875,False,False
commodity_labour,0.2325,0.012944583264954663,0.004583559548073581,2.824133324589429,0.011695510920457033,0.01576995849609375,False,False
commodity_labour,0.235,0.013085805302011621,0.0046086711005176055,2.839387974668433,0.011325165466406205,0.01576995849609375,False,False
commodity_labour,0.2375,0.013227027339068585,0.004633868418548728,2.854424455843986,0.010971219480899566,0.0157012939453125,False,False
commodity_labour,0.24,0.013368249376125546,0.0046591501106712455,2.869246334327609,0.010632806580600153,0.01555633544921875,False,False
commodity_labour,0.2425,0.013509471413182515,0.004684514810818722,2.8838571247512905,0.010309111985917422,0.01557159423828125,False,False
commodity_labour,0.245,0.01365069345023947,0.00470996117791426,2.8982602901802443,0.009999369178090049,0.01552581787109375,False,False
commodity_labour,0.2475,0.013791915487296436,0.004735487895434483,2.9124592421814275,0.00970285678514468,0.015533447265625,False,False
commodity_labour,0.25,0.013933137524353392,0.004761093670977391,2.9264573409439136,0.00941889568063669,0.0154266357421875,False,False
commodity_labour,0.2525,0.014074359561410357,0.0047867772358344525,2.9402578954474476,0.009146846280198793,0.0153961181640625,False,False
commodity_labour,0.255,0.01421558159846732,0.004812537344567036,2.9538641636756457,0.008886106021970512,0.01541900634765625,False,False
commodity_labour,0.2575,0.014356803635524277,0.004838372774587465,2.9672793528705284,0.008636107017961083,0.01537322998046875,False,False
commodity_labour,0.26,0.014498025672581244,0.004864282325744833,2.98050661982521,0.00839631386431158,0.015350341796875,False,False
commodity_labour,0.2625,0.014639247709638207,0.004890264819915727,2.993549071211747,0.008166221599276479,0.0153045654296875,False,False
commodity_labour,0.265,0.014780469746695163,0.004916319100600027,3.0064097639413268,0.007945353798537426,0.01525115966796875,False,False
commodity_labour,0.2675,0.014921691783752127,0.0049424440325219095,3.019091705554074,0.007733260798204229,0.0151824951171875,False,False
commodity_labour,0.27,0.01506291382080909,0.004968638501236094,3.031597854635983,0.007529518036545239,0.015106201171875,False,False
commodity_labour,0.2725,0.01520413585786605,0.00499490141273953,3.043931121260531,0.007333724506131782,0.0151214599609375,False,False
commodity_labour,0.275,0.015345357894923016,0.005021231693088513,3.0560943674527454,0.007145501308675057,0.01508331298828125,False,False
commodity_labour,0.2775,0.015486579931979976,0.005047628288021333,3.0680904076735622,0.006964490305388932,0.01502227783203125,False,False
commodity_labour,0.28,0.015627801969036934,0.005074090162586517,3.079922009322488,0.006790352856225509,0.01496124267578125,False,False
commodity_labour,0.2825,0.0157690240060939,0.005100616300776686,3.091591893256645,0.006622768641807307,0.0149078369140625,False,False
commodity_labour,0.285,0.015910246043150857,0.005127205705168057,3.1031027343244384,0.006461434562323894,0.01491546630859375,False,False
commodity_labour,0.2875,0.016051468080207822,0.0051538573965656444,3.114457161912158,0.006306063708070962,0.01482391357421875,False,False
commodity_labour,0.29,0.016192690117264787,0.005180570413654117,3.1256577605019498,0.006156384396691473,0.0147705078125,False,False
commodity_labour,0.2925,0.016333912154321745,0.0052073438126543775,3.1367070702396624,0.00601213927253303,0.01470947265625,False,False
commodity_labour,0.295,0.016475134191378707,0.005234176666985816,3.1476075875112133,0.0058730844638621585,0.0146636962890625,False,False
commodity_labour,0.2975,0.01661635622843566,0.005261068066934233,3.1583617655261516,0.0057389887939819535,0.01461029052734375,False,False
commodity_labour,0.3,0.016757578265492633,0.005288017119325447,3.1689720149072196,0.005609633042580647,0.014556884765625,False,False
commodity_labour,0.3025,0.016898800302549602,0.0053150229472044945,3.179440704284776,0.005484809253900264,0.01450347900390625,False,False
commodity_labour,0.305,0.017040022339606553,0.005342084689520478,3.1897701608950193,0.0053643200885574865,0.01450347900390625,False,False
commodity_labour,0.3075,0.017181244376663518,0.0053692015008169865,3.1999626711810296,0.005247978216072802,0.0144500732421875,False,False
commodity_labour,0.31,0.017322466413720473,0.0053963725509279924,3.2100204813957105,0.005135605745372941,0.0143890380859375,False,False
commodity_labour,0.3125,0.01746368845077744,0.005423597024679315,3.2199457982057638,0.005027033690724736,0.01434326171875,False,False
commodity_labour,0.315,0.017604910487834403,0.005450874121595452,3.2297407892959207,0.004922101470737061,0.01428985595703125,False,False
commodity_labour,0.3175,0.017746132524891364,0.005478203055611861,3.239407583972679,0.004820656438234228,0.014251708984375,False,False
commodity_labour,0.32,0.017887354561948326,0.005505583054792538,3.248948273766866,0.004722553438957918,0.01415252685546875,False,False
commodity_labour,0.3225,0.018028576599005287,0.0055330133610528905,3.258364913034402,0.004627654397197094,0.01412200927734375,False,False
commodity_labour,0.325,0.01816979863606226,0.00556049322988783,3.2676595195546696,0.004535827926578511,0.01410675048828125,False,False
commodity_labour,0.3275,0.018311020673119217,0.005588021930104999,3.2768340751259637,0.004446948964372507,0.0140380859375,False,False
commodity_labour,0.33,0.01845224271017618,0.005615598743563137,3.285890526157519,0.004360898427783128,0.01398468017578125,False,False
commodity_labour,0.3325,0.018593464747233137,0.005643222964915424,3.294830784257662,0.00427756289079722,0.013946533203125,False,False
commodity_labour,0.335,0.0187346867842901,0.0056708939013578145,3.3036567268176795,0.004196834280265013,0.01392364501953125,False,False
commodity_labour,0.3375,0.018875908821347057,0.005698610872382245,3.3123701975910103,0.004118609589976167,0.0139312744140625,False,False
commodity_labour,0.34,0.019017130858404025,0.005726373209534681,3.3209730072674284,0.004042790611579203,0.01390838623046875,False,False
commodity_labour,0.3425,0.019158352895460987,0.005754180256177881,3.3294669340418968,0.003969283681271063,0.01386260986328125,False,False
commodity_labour,0.345,0.01929957493251794,0.005782031367258883,3.337853724177804,0.003897999441256317,0.0137939453125,False,False
commodity_labour,0.3475,0.019440796969574903,0.005809925909081062,3.346135092564338,0.003828852615043066,0.0137176513671875,False,False
commodity_labour,0.35,0.019582019006631868,0.005837863259080728,3.3543127232677583,0.003761761795705474,0.0136871337890625,False,False
commodity_labour,0.3525,0.019723241043688826,0.005865842805608189,3.3623882700763676,0.0036966492463013784,0.01366424560546875,False,False
commodity_labour,0.355,0.019864463080745794,0.00589386394771321,3.370363357038994,0.003633440711687486,0.01363372802734375,False,False
commodity_labour,0.3575,0.020005685117802752,0.005921926094934753,3.378239578996835,0.003572065241025229,0.01357269287109375,False,False
commodity_labour,0.36,0.020146907154859714,0.0059500286670949995,3.3860185021085116,0.0035124550203173392,0.0135040283203125,False,False
commodity_labour,0.3625,0.02028812919191668,0.0059781710940975,3.393701664368222,0.0034545452143584796,0.01343536376953125,False,False
commodity_labour,0.365,0.020429351228973634,0.006006352815729436,3.4012905761168826,0.003398273817524354,0.013397216796875,False,False
commodity_labour,0.3675,0.020570573266030595,0.006034573281467915,3.408786720546177,0.0033435815128609963,0.01334381103515625,False,False
commodity_labour,0.37,0.02071179530308756,0.006062831950290182,3.4161915541954357,0.00329041153897129,0.01329803466796875,False,False
commodity_labour,0.3725,0.020853017340144532,0.006091128290487726,3.4235065074413003,0.0032387095642284615,0.01322174072265625,False,False
commodity_labour,0.375,0.02099423937720149,0.006119461779484194,3.4307329849801076,0.0031884235678767757,0.01313018798828125,False,False
commodity_labour,0.3775,0.021135461414258448,0.006147831903657032,3.437872366302995,0.0031395037276078386,0.013092041015625,False,False
commodity_labour,0.38,0.02127668345131541,0.006176238158162792,3.4449260061636706,0.0030919023132276457,0.0130462646484375,False,False
commodity_labour,0.3825,0.02141790548837237,0.006204680046766026,3.4518952350388656,0.0030455735860537765,0.01303863525390625,False,False
commodity_labour,0.385,0.021559127525429343,0.006233157081671718,3.4587813595814656,0.003000473703705392,0.01299285888671875,False,False
commodity_labour,0.3875,0.021700349562486294,0.006261668783361153,3.4655856630663133,0.002956560629969897,0.012939453125,False,False
commodity_labour,0.39,0.021841571599543263,0.0062902146804312085,3.472309405828733,0.002913794049450169,0.0129241943359375,False,False
commodity_labour,0.3925,0.02198279363660022,0.006318794309436929,3.478953825695763,0.0028721352867148915,0.01287841796875,False,False
commodity_labour,0.395,0.022124015673657186,0.006347407214737384,3.485520138410174,0.002831547229691697,0.01282501220703125,False,False
commodity_labour,0.3975,0.022265237710714137,0.006376052948344714,3.4920095380472667,0.002791994257059459,0.01282501220703125,False,False
commodity_labour,0.4,0.022406459747771095,0.006404731069776303,3.498423197424538,0.0027534421694106422,0.0128021240234375,False,False
commodity_labour,0.4025,0.02254768178482807,0.006433441145910023,3.5047622685042312,0.002715858123969311,0.0127716064453125,False,False
commodity_labour,0.405,0.022688903821885025,0.006462182750842442,3.511027882788859,0.002679210572663145,0.0127105712890625,False,False
commodity_labour,0.4075,0.022830125858941983,0.006490955465750062,3.517221151709727,0.0026434692033604802,0.012664794921875,False,False
commodity_labour,0.41,0.02297134789599895,0.006519758878753349,3.523343167008552,0.0026086048840946695,0.01262664794921875,False,False
commodity_labour,0.4125,0.023112569933055906,0.006548592584783624,3.529395001112225,0.002574589610109095,0.0125885009765625,False,False
commodity_labour,0.415,0.02325379197011288,0.006577456185452743,3.5353777075008,0.0025413964535659192,0.012542724609375,False,False
commodity_labour,0.4175,0.023395014007169843,0.006606349288925425,3.541292321068786,0.0025089995157713896,0.01251220703125,False,False
commodity_labour,0.42,0.0235362360442268,0.006635271509794291,3.5471398584798046,0.0024773738817792344,0.012481689453125,False,False
commodity_labour,0.4225,0.02367745808128376,0.0066642224689574744,3.552921318514712,0.0024464955772418246,0.01247406005859375,False,False
commodity_labour,0.425,0.023818680118340728,0.006693201793498757,3.558637682413265,0.0024163415273866606,0.01247406005859375,False,False
commodity_labour,0.4275,0.023959902155397683,0.006722209116570218,3.5642899142093962,0.002386889518002901,0.012420654296875,False,False
commodity_labour,0.43,0.02410112419245464,0.006751244077277312,3.569878961060212,0.0023581181583295398,0.012420654296875,False,False
commodity_labour,0.4325,0.024242346229511606,0.006780306320566329,3.575405753568778,0.0023300068457429513,0.01239776611328125,False,False
commodity_labour,0.435,0.024383568266568574,0.006809395497114184,3.5808712061007926,0.002302535732147785,0.01235198974609375,False,False
commodity_labour,0.4375,0.02452479030362553,0.006838511263220494,3.586276217095232,0.0022756856919804833,0.01232147216796875,False,False
commodity_labour,0.44,0.02466601234068249,0.006867653280701908,3.59162166936906,0.0022494382917401887,0.012298583984375,False,False
commodity_labour,0.4425,0.02480723437773946,0.006896821216788594,3.596908430416091,0.002223775760966497,0.0122833251953125,False,False
commodity_labour,0.445,0.024948456414796413,0.006926014744022881,3.602137352700096,0.002198680964588278,0.01226043701171875,False,False
commodity_labour,0.4475,0.025089678451853375,0.006955233540160019,3.607309273942243,0.0021741373765719824,0.01218414306640625,False,False
commodity_labour,0.45,0.02523090048891034,0.006984477288070947,3.61242501740297,0.0021501290548020355,0.0121307373046875,False,False
commodity_labour,0.4525,0.0253721225259673,0.007013745675647097,3.6174853921583687,0.0021266406171296043,0.0120697021484375,False,False
commodity_labour,0.455,0.025513344563024263,0.007043038395707161,3.6224911933711783,0.00210365721852978,0.01202392578125,False,False
commodity_labour,0.4575,0.02565456660008123,0.007072355145905764,3.6274432025564836,0.0020811645293102744,0.01198577880859375,False,False
commodity_labour,0.46,0.025795788637138193,0.007101695628644021,3.6323421878421973,0.0020591487143182844,0.011932373046875,False,False
commodity_labour,0.4625,0.025937010674195148,0.007131059550981954,3.637188904224421,0.0020375964130948426,0.01192474365234375,False,False
commodity_labour,0.465,0.026078232711252113,0.007160446624552673,3.641984093817789,0.0020164947209288285,0.01190185546875,False,False
commodity_labour,0.4675,0.026219454748309078,0.007189856565478345,3.6467284861008467,0.0019958311707656217,0.0118560791015625,False,False
commodity_labour,0.47,0.02636067678536603,0.007219289094287871,3.651422798156598,0.001975593715927566,0.01181793212890625,False,False
commodity_labour,0.4725,0.026501898822422997,0.0072487439358362655,3.656067734908276,0.0019557707136059494,0.0117950439453125,False,False
commodity_labour,0.475,0.02664312085947996,0.007278220819225652,3.660663989350434,0.0019363509090863788,0.0117645263671875,False,False
commodity_labour,0.4775,0.026784342896536917,0.00730771947772791,3.665212242775445,0.0019173234206713043,0.01171112060546875,False,False
commodity_labour,0.48,0.026925564933593882,0.0073372396487088746,3.6697131649954957,0.0018986777252656974,0.0116729736328125,False,False
commodity_labour,0.4825,0.027066786970650847,0.007366781073554082,3.67416741456015,0.001880403644593349,0.011627197265625,False,False
commodity_labour,0.485,0.02720800900770781,0.007396343497596038,3.6785756389695754,0.0018624913320133634,0.01161956787109375,False,False
commodity_labour,0.4875,0.02734923104476477,0.0074259266700429545,3.6829384748835086,0.0018449312599077108,0.0115966796875,False,False
commodity_labour,0.49,0.02749045308182173,0.007455530343908926,3.687256548326047,0.0018277142076124464,0.01153564453125,False,False
commodity_labour,0.4925,0.027631675118878693,0.007485154275945535,3.691530474886334,0.00181083124986654,0.011505126953125,False,False
commodity_labour,0.495,0.027772897155935644,0.007514798226574825,3.6957608599152327,0.0017942737457537113,0.011505126953125,False,False
commodity_labour,0.4975,0.027914119192992613,0.007544461959823647,3.6999482987180583,0.0017780333281138322,0.0114593505859375,False,False
commodity_labour,0.5,0.02805534123004957,0.007574145243259299,3.704093376743436,0.001762101893401803,0.01140594482421875,False,False
commodity_labour,0.5025,0.028196563267106525,0.007603847847926488,3.708196669768388,0.0017464715919727899,0.0113525390625,False,False
commodity_labour,0.505,0.028337785304163508,0.007633569548285564,3.712258744079686,0.0017311348187740278,0.01134490966796875,False,False
commodity_labour,0.5075,0.02847900734122046,0.0076633101221519435,3.7162801566515795,0.001716084204424159,0.0113067626953125,False,False
commodity_labour,0.51,0.02862022937827742,0.007693069350636824,3.720261455319946,0.0017013126066621523,0.01126861572265625,False,False
commodity_labour,0.5125,0.02876145141533439,0.0077228470180890196,3.7242031789529437,0.0016868131021488906,0.0112457275390625,False,False
commodity_labour,0.515,0.02890267345239135,0.0077526429120379735,3.728105857618247,0.0016725789786050907,0.0112152099609375,False,False
commodity_labour,0.5175,0.029043895489448305,0.007782456823137942,3.7319700127469004,0.0016586037272702861,0.01120758056640625,False,False
commodity_labour,0.52,0.02918511752650528,0.0078122885451132355,3.735796157293913,0.0016448810356682127,0.0111846923828125,False,False
commodity_labour,0.5225,0.02932633956356223,0.00784213787470458,3.7395847958955937,0.0016314047806648554,0.01116943359375,False,False
commodity_labour,0.525,0.0294675616006192,0.007872004611616546,3.743336425023756,0.0016181690218057473,0.0111541748046875,False,False
commodity_labour,0.5275,0.02960878363767615,0.007901888558465986,3.747051533136805,0.0016051679949202527,0.01114654541015625,False,False
commodity_labour,0.53,0.02975000567473312,0.00793178952073154,3.7507306008278083,0.0015923961059807184,0.01108551025390625,False,False
commodity_labour,0.5325,0.029891227711790078,0.007961707306704082,3.75437410096958,0.001579847925205271,0.0110321044921875,False,False
commodity_labour,0.535,0.03003244974884704,0.007991641727438182,3.7579824988568786,0.0015675181813934519,0.01104736328125,False,False
commodity_labour,0.5375,0.030173671785904004,0.008021592596704508,3.7615562523457227,0.0015554017564844236,0.0110321044921875,False,False
commodity_labour,0.54,0.030314893822960966,0.008051559730943156,3.7650958119899447,0.0015434936803280274,0.011016845703125,False,False
commodity_labour,0.5425,0.030456115860017924,0.008081542949217915,3.7686016211749873,0.0015317891256593742,0.011016845703125,False,False
commodity_labour,0.545,0.03059733789707489,0.008111542073171392,3.7720741162490405,0.0015202834032681037,0.010986328125,False,False
commodity_labour,0.5475,0.030738559934131847,0.008141556926981037,3.7755137266515417,0.0015089719573539748,0.0109710693359375,False,False
commodity_labour,0.55,0.030879781971188822,0.008171587337316032,3.7789208750391112,0.0014978503610606603,0.01094818115234375,False,False
commodity_labour,0.5525,0.031021004008245773,0.008201633133294974,3.782295977408978,0.001486914312180194,0.01093292236328125,False,False
commodity_labour,0.555,0.031162226045302745,0.008231694146444441,3.7856394432199365,0.001476159629020736,0.010894775390625,False,False
commodity_labour,0.5575,0.03130344808235969,0.008261770210658293,3.7889516755108894,0.0014655822464307315,0.010894775390625,False,False
commodity_labour,0.56,0.031444670119416665,0.008291861162157835,3.792233071017032,0.0014551782119728662,0.01085662841796875,False,False
commodity_labour,0.5625,0.031585892156473616,0.008321966839452652,3.7954840202837277,0.0014449436822414866,0.01084136962890625,False,False
commodity_labour,0.565,0.03172711419353058,0.0083520870833023,3.7987049077781068,0.0014348749193174653,0.010833740234375,False,False
commodity_labour,0.5675,0.03186833623058755,0.008382221736678661,3.8018961119984565,0.0014249682873548291,0.01081085205078125,False,False
commodity_labour,0.57,0.032009558267644504,0.00841237064472903,3.8050580055814414,0.0014152202492935767,0.01079559326171875,False,False
commodity_labour,0.5725,0.03215078030470146,0.00844253365473995,3.8081909554071873,0.0014056273636935718,0.01076507568359375,False,False
commodity_labour,0.575,0.032292002341758434,0.008472710616101685,3.8112953227022954,0.0013961862816844577,0.01074981689453125,False,False
commodity_labour,0.5775,0.03243322437881539,0.008502901380273388,3.8143714631408074,0.001386893744026839,0.01071929931640625,False,False
commodity_labour,0.58,0.03257444641587236,0.008533105800748958,3.817419726943181,0.0013777465782802212,0.01068878173828125,False,False
commodity_labour,0.5825,0.03271566845292933,0.008563323733023494,3.820440458973312,0.0013687416960733122,0.010650634765625,False,False
commodity_labour,0.585,0.03285689048998628,0.008593555034560418,3.823433998833638,0.001359876090472617,0.0106048583984375,False,False
commodity_labour,0.5875,0.032998112527043245,0.008623799564759232,3.826400680958373,0.001351146833445296,0.01058197021484375,False,False
commodity_labour,0.59,0.033139334564100204,0.008654057184923831,3.829340834704905,0.0013425510734125163,0.01055908203125,False,False
commodity_labour,0.5925,0.03328055660115717,0.008684327758231464,3.8322547844434016,0.0013340860328897317,0.01055145263671875,False,False
commodity_labour,0.595,0.03342177863821413,0.008714611149702248,3.835142849644651,0.0013257490062103456,0.01052093505859375,False,False
commodity_labour,0.5975,0.0335630006752711,0.008744907226169265,3.83800534496619,0.0013175373573295227,0.0104827880859375,False,False
commodity_labour,0.6,0.03370422271232804,0.00877521585624921,3.8408425803367345,0.0013094485177049739,0.01045989990234375,False,False
commodity_labour,0.6025,0.033845444749385,0.008805536910313598,3.843654861038978,0.0013014799842516432,0.01042938232421875,False,False
commodity_labour,0.605,0.03398666678644197,0.008835870260460498,3.8464424877907493,0.001293629317367484,0.01041412353515625,False,False
commodity_labour,0.6075,0.034127888823498924,0.008866215780486778,3.849205756824612,0.0012858941390274884,0.0103759765625,False,False
commodity_labour,0.61,0.03426911086055589,0.00889657334586091,3.851944959965899,0.001278272130943332,0.01033782958984375,False,False
commodity_labour,0.6125,0.03441033289761286,0.008926942833696225,3.8546603847092373,0.0012707610327861484,0.01030731201171875,False,False
commodity_labour,0.615,0.03455155493466982,0.008957324122724672,3.857352314293591,0.001263358640469938,0.0102996826171875,False,False
commodity_labour,0.6175,0.034692776971726784,0.008987717093271116,3.860021027775832,0.0012560628044933487,0.0102691650390625,False,False
commodity_labour,0.62,0.034833999008783735,0.009018121627228011,3.862666800102917,0.0012488714283375192,0.0102691650390625,False,False
commodity_labour,0.6225,0.03497522104584071,0.009048537608030649,3.8652899021826377,0.001241782466918,0.01025390625,False,False
commodity_labour,0.625,0.03511644308289767,0.009078964920632742,3.867890600953032,0.001234793925088497,0.01025390625,False,False
commodity_labour,0.6275,0.03525766511995464,0.00910940345148255,3.870469159450444,0.0012279038561946955,0.0102691650390625,False,False
commodity_labour,0.63,0.035398887157011595,0.009139853088499397,3.8730258368762764,0.0012211103606761533,0.01025390625,False,False
commodity_labour,0.6325,0.03554010919406855,0.009170313721050616,3.875560888662468,0.0012144115847144918,0.01023101806640625,False,False
commodity_labour,0.635,0.03568133123112551,0.00920078523992892,3.8780745665357106,0.0012078057189262104,0.01020050048828125,False,False
commodity_labour,0.6375,0.035822553268182476,0.009231267537330185,3.880567118580432,0.0012012909970984063,0.01019287109375,False,False
commodity_labour,0.64,0.03596377530523945,0.009261760506831614,3.8830387893005898,0.001194865694965844,0.01013946533203125,False,False
commodity_labour,0.6425,0.03610499734229641,0.00929226404337032,3.8854898196802714,0.0011885281290278757,0.01010894775390625,False,False
commodity_labour,0.645,0.03624621937935336,0.009322778043222282,3.8879204472431463,0.0011822766554036989,0.010101318359375,False,False
commodity_labour,0.6475,0.036387441416410315,0.009353302403981682,3.8903309061107927,0.0011761096687246235,0.0100860595703125,False,False
commodity_labour,0.65,0.03652866345346728,0.009383837024540603,3.8927214270599064,0.0011700256010619206,0.01007843017578125,False,False
commodity_labour,0.6525,0.036669885490524246,0.009414381805069096,3.8950922375784303,0.001164022920889076,0.01007080078125,False,False
commodity_labour,0.655,0.036811107527581204,0.009444936646995602,3.897443561920627,0.0011581001320770596,0.01006317138671875,False,False
commodity_labour,0.6575,0.03695232956463816,0.009475501452987723,3.899775621161106,0.0011522557729215796,0.01003265380859375,False,False
commodity_labour,0.66,0.03709355160169514,0.00950607612693334,3.90208863324783,0.0011464884152010803,0.01001739501953125,False,False
commodity_labour,0.6625,0.03723477363875209,0.009536660573922023,3.9043828130541307,0.0011407966632644207,0.010009765625,False,False
commodity_labour,0.665,0.03737599567580906,0.009567254700226869,3.906658372429738,0.0011351791531471697,0.009979248046875,False,False
commodity_labour,0.6675,0.037517217712866015,0.009597858413286524,3.908915520250863,0.0011296345517155268,0.00994110107421875,False,False
commodity_labour,0.67,0.03765843974992299,0.009628471621687642,3.9111544624693364,0.0011241615558368774,0.00991058349609375,False,False
commodity_labour,0.6725,0.03779966178697995,0.009659094235147568,3.913375402160828,0.0011187588915760646,0.0098876953125,False,False
commodity_labour,0.675,0.0379408838240369,0.009689726164497384,3.915578539572169,0.001113425313416457,0.0098724365234375,False,False
commodity_labour,0.6775,0.03808210586109387,0.009720367321665209,3.9177640721677967,0.0011081596035049746,0.0098724365234375,False,False
commodity_labour,0.68,0.03822332789815084,0.00975101761965981,3.9199321946753245,0.0011029605709202295,0.0098724365234375,False,False
commodity_labour,0.6825,0.03836454993520779,0.009781676972554486,3.9220830991302797,0.001097827050962995,0.0098419189453125,False,False
commodity_labour,0.685,0.03850577197226476,0.009812345295471252,3.9242169749200073,0.0010927579044682023,0.00981903076171875,False,False
commodity_labour,0.6875,0.038646994009321714,0.00984302250456527,3.926334008826754,0.0010877520171377998,0.009796142578125,False,False
commodity_labour,0.69,0.03878821604637868,0.00987370851700957,3.928434385069976,0.0010828082988936524,0.00978851318359375,False,False
commodity_labour,0.6925,0.03892943808343565,0.009904403250980038,3.930518285347842,0.001077925683249948,0.00975799560546875,False,False
commodity_labour,0.695,0.0390706601204926,0.009935106625640604,3.932585888878004,0.0010731031267042642,0.0097198486328125,False,False
commodity_labour,0.6975,0.03921188215754955,0.009965818561128797,3.934637372437588,0.0010683396081468707,0.00969696044921875,False,False
commodity_labour,0.7,0.039353104194606525,0.009996538978541435,3.936672910402478,0.001063634128287475,0.00968170166015625,False,False
commodity_labour,0.7025,0.03949432623166349,0.010027267799920605,3.9386926747858677,0.0010589857090989628,0.009674072265625,False,False
commodity_labour,0.705,0.03963554826872044,0.010058004948239906,3.940696835276109,0.0010543933932774642,0.00966644287109375,False,False
commodity_labour,0.7075,0.039776770305777406,0.010088750347390887,3.9426855592738814,0.0010498562437182804,0.0096588134765625,False,False
commodity_labour,0.71,0.03991799234283437,0.010119503922169731,3.944659011928672,0.0010453733430071134,0.0096588134765625,False,False
commodity_labour,0.7125,0.04005921437989134,0.010150265598264159,3.946617356174605,0.0010409437929260633,0.00962066650390625,False,False
commodity_labour,0.715,0.04020043641694831,0.010181035302240564,3.9485607527656157,0.0010365667139739737,0.009613037109375,False,False
commodity_labour,0.7175,0.04034165845400527,0.010211812961531357,3.95048936030999,0.001032241244900636,0.0095977783203125,False,False
commodity_labour,0.72,0.04048288049106221,0.010242598504422518,3.952403335304282,0.0010279665422543284,0.009552001953125,False,False
commodity_labour,0.7225,0.040624102528119176,0.010273391860041383,3.9543028321666234,0.0010237417799423751,0.0095367431640625,False,False
commodity_labour,0.725,0.040765324565176134,0.010304192958344584,3.956188003269425,0.0010195661488042167,0.00952911376953125,False,False
commodity_labour,0.7275,0.040906546602233106,0.010335001730106253,3.9580589989715027,0.0010154388561966325,0.009521484375,False,False
commodity_labour,0.73,0.04104776863929005,0.010365818106906358,3.959915967649621,0.0010113591255906842,0.009490966796875,False,False
commodity_labour,0.7325,0.04118899067634703,0.010396642021119309,3.9617590557294764,0.0010073261961800672,0.0094451904296875,False,False
commodity_labour,0.735,0.04133021271340398,0.01042747340590266,3.9635884077161267,0.0010033393225004261,0.009429931640625,False,False
commodity_labour,0.7375,0.04147143475046095,0.010458312195186096,3.9654041662238795,0.0009993977740593788,0.009429931640625,False,False
commodity_labour,0.74,0.04161265678751791,0.010489158323660512,3.9672064720056492,0.0009955008349768143,0.0093994140625,False,False
commodity_labour,0.7425,0.041753878824574875,0.010520011726767349,3.968995463981793,0.0009916478036352257,0.0093994140625,False,False
commodity_labour,0.745,0.041895100861631826,0.010550872340688038,3.9707712792684386,0.0009878379923397044,0.00940704345703125,False,False
commodity_labour,0.7475,0.0420363228986888,0.010581740102333675,3.972534053205313,0.0009840707269872977,0.0093841552734375,False,False
commodity_labour,0.75,0.04217754493574574,0.01061261494933482,3.9742839193830695,0.000980345346745503,0.0093536376953125,False,False
commodity_labour,0.7525,0.04231876697280272,0.010643496820031505,3.9760210096701525,0.0009766612037395157,0.00933074951171875,False,False
commodity_labour,0.755,0.04245998900985968,0.01067438565346334,3.977745454239176,0.0009730176627480376,0.00933837890625,False,False
commodity_labour,0.7575,0.042601211046916644,0.010705281389359868,3.9794573815928462,0.0009694141009073256,0.00931549072265625,False,False
commodity_labour,0.76,0.04274243308397362,0.010736183968130992,3.98115691858943,0.0009658499074232984,0.009307861328125,False,False
commodity_labour,0.7625,0.04288365512103058,0.010767093330857617,3.9828441904677745,0.0009623244832913727,0.00930023193359375,False,False
commodity_labour,0.765,0.04302487715808752,0.010798009419282406,3.9845193208719003,0.0009588372410238419,0.009307861328125,False,False
commodity_labour,0.7675,0.04316609919514449,0.010828932175800724,3.986182431875159,0.0009553876043845643,0.00928497314453125,False,False
commodity_labour,0.77,0.04330732123220147,0.01085986154345166,3.987833644003975,0.0009519750081307199,0.00926971435546875,False,False
commodity_labour,0.7725,0.04344854326925843,0.010890797465909272,3.989473076261171,0.0009485988977614597,0.009246826171875,False,False
commodity_labour,0.775,0.04358976530631538,0.010921739887473917,3.9911008461489033,0.0009452587292731668,0.0092315673828125,False,False
commodity_labour,0.7775,0.043730987343372336,0.010952688753063752,3.992717069691188,0.0009419539689212347,0.00921630859375,False,False
commodity_labour,0.78,0.043872209380429315,0.010983644008206348,3.994321861456045,0.0009386840929880703,0.0092010498046875,False,False
commodity_labour,0.7825,0.04401343141748627,0.011014605599030435,3.995915334577261,0.0009354485875572106,0.00919342041015625,False,False
commodity_labour,0.785,0.04415465345454323,0.011045573472257809,3.9974976007757834,0.0009322469482932991,0.00917816162109375,False,False
commodity_labour,0.7875,0.044295875491600176,0.011076547575195337,3.9990687703807395,0.0009290786802278319,0.00917816162109375,False,False
commodity_labour,0.79,0.044437097528657155,0.011107527855727103,4.000628952350107,0.0009259432975504299,0.0091552734375,False,False
commodity_labour,0.7925,0.044578319565714106,0.011138514262306656,4.002178254291022,0.0009228403234055178,0.0091552734375,False,False
commodity_labour,0.795,0.04471954160277107,0.011169506743949419,4.003716782479753,0.0009197692896942393,0.00914764404296875,False,False
commodity_labour,0.7975,0.044860763639828015,0.011200505250225175,4.0052446418813235,0.0009167297368814423,0.00911712646484375,False,False
commodity_labour,0.8,0.045001985676885,0.011231509731250712,4.006761936168816,0.0009137212138076195,0.0091094970703125,False,False
commodity_labour,0.8025,0.04514320771394197,0.011262520137682535,4.008268767742332,0.000910743277505633,0.00908660888671875,False,False
commodity_labour,0.805,0.04528442975099893,0.011293536420709734,4.009765237747652,0.000907795493022083,0.00908660888671875,False,False
commodity_labour,0.8075,0.04542565178805588,0.011324558532046947,4.011251446094567,0.0009048774332431986,0.00910186767578125,False,False
commodity_labour,0.81,0.04556687382511284,0.011355586423927424,4.0127274914749105,0.0009019886787251412,0.00909423828125,False,False
commodity_labour,0.8125,0.0457080958621698,0.011386620049096212,4.0141934713802785,0.0008991288175285453,0.00908660888671875,False,False
commodity_labour,0.815,0.04584931789922677,0.011417659360803438,4.015649482119463,0.000896297445057211,0.00907135009765625,False,False
commodity_labour,0.8175,0.045990539936283735,0.011448704312797686,4.017095618835592,0.0008934941639008316,0.00905609130859375,False,False
commodity_labour,0.82,0.04613176197334069,0.011479754859319504,4.0185319755229765,0.0008907185836816206,0.00905609130859375,False,False
commodity_labour,0.8225,0.04627298401039764,0.011510810955094979,4.019958645043687,0.0008879703209047496,0.0090484619140625,False,False
commodity_labour,0.825,0.0464142060474546,0.01154187255532944,4.021375719143851,0.0008852489988124628,0.00904083251953125,False,False
commodity_labour,0.8275,0.046555428084511574,0.011572939615701227,4.022783288469676,0.0008825542472418246,0.009033203125,False,False
commodity_labour,0.83,0.04669665012156853,0.011604012092355565,4.0241814425832185,0.0008798857024858899,0.00901031494140625,False,False
commodity_labour,0.8325,0.04683787215862551,0.011635089941898559,4.025570269977881,0.0008772430071583336,0.0089874267578125,False,False
commodity_labour,0.835,0.046979094195682455,0.011666173121391227,4.0269498580936585,0.0008746258100613569,0.0089874267578125,False,False
commodity_labour,0.8375,0.04712031623273941,0.011697261588343694,4.028320293332137,0.000872033766056777,0.0089874267578125,False,False
commodity_labour,0.84,0.047261538269796385,0.01172835530070939,4.029681661071248,0.0008694665359402673,0.00897979736328125,False,False
commodity_labour,0.8425,0.04740276030685334,0.0117594542168794,4.031034045679765,0.000866923786318632,0.0089569091796875,False,False
commodity_labour,0.845,0.0475439823439103,0.011790558295676877,4.032377530531592,0.000864405189490001,0.008941650390625,False,False
commodity_labour,0.8475,0.04768520438096727,0.011821667496351537,4.03371219801979,0.0008619104233269322,0.0089263916015625,False,False
commodity_labour,0.85,0.04782642641802423,0.01185278177857424,4.035038129570393,0.000859439171162284,0.00891876220703125,False,False
commodity_labour,0.8525,0.047967648455081204,0.011883901102431645,4.0363554056559945,0.0008569911216778081,0.0089111328125,False,False
commodity_labour,0.855,0.048108870492138155,0.011915025428420958,4.037664105809114,0.0008545659687953914,0.0089111328125,False,False
commodity_labour,0.8575,0.04825009252919511,0.01194615471744475,4.038964308635346,0.0008521634115708623,0.00888824462890625,False,False
commodity_labour,0.86,0.04839131456625207,0.011977288930805852,4.0402560918263015,0.0008497831540903018,0.0088653564453125,False,False
commodity_labour,0.8625,0.04853253660330905,0.012008428030202323,4.041539532172335,0.0008474249053688054,0.00885009765625,False,False
commodity_labour,0.865,0.048673758640366,0.012039571977722492,4.0428147055750685,0.0008450883792515799,0.00885009765625,False,False
commodity_labour,0.8675,0.04881498067742297,0.012070720735840099,4.04408168705972,0.000842773294317393,0.00885772705078125,False,False
commodity_labour,0.87,0.048956202714479924,0.012101874267409444,4.0453405507872295,0.0008404793737842354,0.00884246826171875,False,False
commodity_labour,0.8725,0.04909742475153689,0.0121330325356607,4.0465913700661895,0.0008382063454171817,0.0088348388671875,False,False
commodity_labour,0.875,0.04923864678859385,0.012164195504195207,4.047834217364588,0.0008359539414383992,0.00884246826171875,False,False
commodity_labour,0.8775,0.049379868825650805,0.012195363136980879,4.04906916432137,0.0008337218984391827,0.008819580078125,False,False
commodity_labour,0.88,0.049521090862707784,0.01222653539834768,4.050296281757804,0.0008315099572940606,0.0088043212890625,False,False
commodity_labour,0.8825,0.04966231289976473,0.012257712252983137,4.051515639688679,0.0008293178630768474,0.0088043212890625,False,False
commodity_labour,0.885,0.0498035349368217,0.012288893665927973,4.052727307333314,0.0008271453649785969,0.00878143310546875,False,False
commodity_labour,0.8875,0.049944756973878644,0.012320079602571716,4.05393135312641,0.000824992216227439,0.0087738037109375,False,False
commodity_labour,0.89,0.050085979010935616,0.01235127002864848,4.055127844728709,0.0008228581740102388,0.0087738037109375,False,False
commodity_labour,0.8925,0.05022720104799258,0.012382464910232708,4.056316849037502,0.0008207429993960102,0.00876617431640625,False,False
commodity_labour,0.895,0.05036842308504956,0.012413664213735034,4.057498432196972,0.0008186464572610591,0.008758544921875,False,False
commodity_labour,0.8975,0.05050964512210652,0.012444867905898192,4.058672659608359,0.0008165683162158219,0.0087432861328125,False,False
commodity_labour,0.9,0.050650867159163476,0.012476075953792971,4.059839595939989,0.000814508348533316,0.00873565673828125,False,False
commodity_labour,0.9025,0.050792089196220434,0.012507288324814262,4.060999305137128,0.0008124663300792163,0.00872039794921875,False,False
commodity_labour,0.905,0.05093331123327739,0.0125385049866771,4.062151850431693,0.0008104420402434644,0.00872039794921875,False,False
commodity_labour,0.9075,0.051074533270334364,0.012569725907412834,4.0632972943518055,0.000808435261873404,0.0087127685546875,False,False
commodity_labour,0.91,0.051215755307391315,0.012600951055365293,4.064435698731202,0.000806445781208399,0.0087127685546875,False,False
commodity_labour,0.9125,0.051356977344448274,0.012632180399187048,4.065567124718499,0.0008044733878158783,0.00870513916015625,False,False
commodity_labour,0.915,0.05149819938150523,0.0126634139078357,4.06669163278631,0.000802517874528806,0.0086822509765625,False,False
commodity_labour,0.9175,0.0516394214185622,0.012694651550570242,4.067809282740223,0.0008005790373845034,0.0086822509765625,False,False
commodity_labour,0.92,0.05178064345561916,0.012725893296947434,4.068920133727651,0.0007986566755648066,0.00867462158203125,False,False
commodity_labour,0.9225,0.05192186549267612,0.012757139116818287,4.070024244246524,0.0007967505913375536,0.0086669921875,False,False
commodity_labour,0.925,0.052063087529733064,0.012788388980324547,4.071121672153875,0.0007948605899993047,0.00865936279296875,False,False
commodity_labour,0.9275,0.05220430956679003,0.01281964285789526,4.072212474674274,0.0007929864798193214,0.00867462158203125,False,False
commodity_labour,0.93,0.052345531603847,0.012850900720243351,4.0732967084081375,0.0007911280719847551,0.00867462158203125,False,False
commodity_labour,0.9325,0.05248675364090396,0.012882162538362284,4.074374429339922,0.0007892851805470153,0.00865936279296875,False,False
commodity_labour,0.935,0.05262797567796094,0.012913428283522764,4.075445692846184,0.0007874576223692619,0.00865936279296875,False,False
commodity_labour,0.9375,0.05276919771501789,0.012944697927269454,4.0765105537035105,0.0007856452170750747,0.0086517333984375,False,False
commodity_labour,0.94,0.05291041975207486,0.012975971441417792,4.07756906609635,0.0007838477869981472,0.0086212158203125,False,False
commodity_labour,0.9425,0.05305164178913182,0.01300724879805078,4.078621283624709,0.0007820651571331074,0.0086212158203125,False,False
commodity_labour,0.945,0.053192863826188784,0.013038529969515903,4.079667259311729,0.0007802971550873517,0.00861358642578125,False,False
commodity_labour,0.9475,0.05333408586324576,0.01306981492842201,4.080707045611171,0.0007785436110338999,0.00856781005859375,False,False
commodity_labour,0.95,0.05347530790030271,0.013101103647636277,4.081740694414765,0.0007768043576652477,0.0085601806640625,False,False
commodity_labour,0.9525,0.05361652993735967,0.01313239610028124,4.082768257059459,0.0007750792301481755,0.0085601806640625,False,False
commodity_labour,0.955,0.05375775197441662,0.013163692259731788,4.083789784334562,0.0007733680660795252,0.008544921875,False,False
commodity_labour,0.9575,0.05389897401147359,0.013194992099612293,4.084805326488774,0.0007716707054428814,0.008544921875,False,False
commodity_labour,0.96,0.05404019604853056,0.013226295593793697,4.085814933237116,0.0007699869905661564,0.00852203369140625,False,False
commodity_labour,0.9625,0.05418141808558752,0.013257602716390687,4.086818653767755,0.0007683167660800619,0.00852203369140625,False,False
commodity_labour,0.965,0.05432264012264447,0.013288913441758898,4.087816536748727,0.0007666598788774293,0.00852203369140625,False,False
commodity_labour,0.9675,0.05446386215970144,0.013320227744492152,4.088808630334566,0.000765016178073385,0.008514404296875,False,False
commodity_labour,0.97,0.05460508419675841,0.013351545599419722,4.089794982172823,0.0007633855149663296,0.00850677490234375,False,False
commodity_labour,0.9725,0.054746306233815364,0.013382866981603646,4.090775639410503,0.0007617677429997136,0.0084991455078125,False,False
commodity_labour,0.975,0.054887528270872316,0.0134141918663361,4.091750648700396,0.0007601627177246218,0.00848388671875,False,False
commodity_labour,0.9775,0.05502875030792929,0.013445520229136752,4.092720056207325,0.0007585702967630785,0.00846099853515625,False,False
commodity_labour,0.98,0.05516997234498624,0.013476852045750188,4.093683907614288,0.0007569903397721426,0.00846099853515625,False,False
commodity_labour,0.9825,0.05531119438204322,0.013508187292143384,4.09464224812853,0.0007554227084086957,0.008453369140625,False,False
commodity_labour,0.985,0.055452416419100176,0.013539525944503169,4.095595122487503,0.0007538672662949599,0.00844573974609375,False,False
commodity_labour,0.9875,0.05559363845615712,0.013570867979233759,4.096542574964763,0.0007523238789846938,0.0084228515625,False,False
commodity_labour,0.99,0.05573486049321409,0.013602213372954327,4.097484649375764,0.0007507924139301031,0.00841522216796875,False,False
commodity_labour,0.9925,0.05587608253027107,0.013633562102496562,4.09842138908357,0.0007492727404493641,0.00839996337890625,False,False
commodity_labour,0.995,0.05601730456732802,0.013664914144902288,4.099352837004493,0.0007477647296948362,0.00839996337890625,False,False
commodity_labour,0.9975,0.05615852660438499,0.013696269477421157,4.100279035613642,0.0007462682546218889,0.00836944580078125,False,False
commodity_labour,1.0,0.05629974864144194,0.013727628077508275,4.101200026950395,0.000744783189958351,0.00836181640625,False,False
robot_repression,-5.0,-1.4523745759237092,2.071126462408098,-0.7012486211175313,0.49263635577631665,0.6057357788085938,True,True
robot_repression,-4.99,-1.4493764532047784,2.067009986901143,-0.701194702681471,0.49266915350754836,0.6058197021484375,True,True
robot_repression,-4.98,-1.4463783304858482,2.06289353986048,-0.7011405593832395,0.49270208930292775,0.6058731079101562,True,True
robot_repression,-4.97,-1.4433802077669176,2.0587771214568615,-0.7010861898181246,0.49273516403299067,0.605926513671875,True,True
robot_repression,-4.96,-1.4403820850479867,2.0546607318624064,-0.7010315925697286,0.49276837857558164,0.6059417724609375,True,True
robot_repression,-4.95,-1.4373839623290565,2.050544371250614,-0.7009767662098455,0.4928017338159323,0.6060104370117188,True,True
robot_repression,-4.94,-1.4343858396101261,2.0464280397963797,-0.7009217092983382,0.4928352306467381,0.6060638427734375,True,True
robot_repression,-4.93,-1.4313877168911957,2.042311737676006,-0.7008664203830142,0.4928688699682378,0.6061019897460938,True,True
robot_repression,-4.92,-1.4283895941722649,2.0381954650672203,-0.7008108979994989,0.4929026526882921,0.6061325073242188,True,True
robot_repression,-4.91,-1.4253914714533347,2.034079222149186,-0.70075514067111,0.4929365797224642,0.6061553955078125,True,True
robot_repression,-4.9,-1.4223933487344043,2.029963009102518,-0.7006991469087258,0.4929706519941027,0.606201171875,True,True
robot_repression,-4.89,-1.4193952260154736,2.0258468261092997,-0.7006429152106555,0.4930048704344233,0.6062698364257812,True,True
robot_repression,-4.88,-1.4163971032965426,2.021730673353094,-0.7005864440625073,0.49303923598259153,0.6063308715820312,True,True
robot_repression,-4.87,-1.4133989805776124,2.0176145510189616,-0.7005297319370538,0.4930737495858095,0.6063461303710938,True,True
robot_repression,-4.86,-1.4104008578586822,2.013498459293475,-0.7004727772940952,0.49310841219940105,0.6063766479492188,True,True
robot_repression,-4.85,-1.4074027351397518,2.0093823983647328,-0.7004155785803232,0.49314322478689776,0.6064300537109375,True,True
robot_repression,-4.84,-1.4044046124208205,2.005266368422379,-0.7003581342291798,0.49317818832012855,0.6064682006835938,True,True
robot_repression,-4.83,-1.4014064897018905,2.001150369657614,-0.70030044266072,0.4932133037793068,0.6064605712890625,True,True
robot_repression,-4.82,-1.3984083669829606,1.997034402263214,-0.7002425022814639,0.49324857215312307,0.6064910888671875,True,True
robot_repression,-4.81,-1.395410244264029,1.9929184664335462,-0.7001843114842545,0.4932839944388361,0.606536865234375,True,True
robot_repression,-4.8,-1.392412121545099,1.9888025623645862,-0.7001258686481131,0.4933195716423627,0.6065750122070312,True,True
robot_repression,-4.79,-1.3894139988261685,1.9846866902539326,-0.7000671721380862,0.4933553047783762,0.6065826416015625,True,True
robot_repression,-4.78,-1.3864158761072376,1.9805708503008255,-0.700008220305099,0.4933911948703983,0.60662841796875,True,True
robot_repression,-4.77,-1.383417753388307,1.9764550427061622,-0.699949011485802,0.49342724295089596,0.6066513061523438,True,True
robot_repression,-4.76,-1.3804196306693768,1.972339267672517,-0.6998895440024159,0.4934634500613804,0.6066818237304688,True,True
robot_repression,-4.75,-1.3774215079504468,1.968223525404156,-0.6998298161625756,0.49349981725250436,0.6067428588867188,True,True
robot_repression,-4.74,-1.3744233852315162,1.9641078161070555,-0.6997698262591721,0.4935363455841636,0.606781005859375,True,True
robot_repression,-4.73,-1.3714252625125851,1.9599921399889204,-0.6997095725701928,0.49357303612559744,0.60687255859375,True,True
robot_repression,-4.72,-1.3684271397936547,1.9558764972592027,-0.6996490533585586,0.49360988995549193,0.6069107055664062,True,True
robot_repression,-4.71,-1.365429017074724,1.9517608881291189,-0.6995882668719582,0.49364690816208434,0.6069564819335938,True,True
robot_repression,-4.7,-1.362430894355794,1.9476453128116695,-0.6995272113426826,0.49368409184326845,0.6069564819335938,True,True
robot_repression,-4.69,-1.3594327716368633,1.943529771521657,-0.6994658849874557,0.4937214421067019,0.6069488525390625,True,True
robot_repression,-4.68,-1.3564346489179326,1.939414264475705,-0.6994042860072636,0.4937589600699137,0.6069412231445312,True,True
robot_repression,-4.67,-1.3534365261990025,1.93529879189228,-0.6993424125871803,0.4937966468604152,0.6069488525390625,True,True
robot_repression,-4.66,-1.3504384034800718,1.9311833539917058,-0.699280262896193,0.493834503615811,0.6070098876953125,True,True
robot_repression,-4.65,-1.3474402807611416,1.9270679509961886,-0.6992178350870237,0.49387253148391097,0.6070480346679688,True,True
robot_repression,-4.64,-1.3444421580422108,1.9229525831298344,-0.6991551272959476,0.4939107316228464,0.60711669921875,True,True
robot_repression,-4.63,-1.3414440353232797,1.91883725061867,-0.6990921376426127,0.4939491052011837,0.607177734375,True,True
robot_repression,-4.62,-1.33844591260435,1.914721953690663,-0.6990288642298533,0.49398765339804246,0.607208251953125,True,True
robot_repression,-4.61,-1.3354477898854191,1.9106066925757434,-0.6989653051435006,0.4940263774032166,0.6072235107421875,True,True
robot_repression,-4.6,-1.332449667166489,1.9064914675058244,-0.6989014584521964,0.4940652784172913,0.6072769165039062,True,True
robot_repression,-4.59,-1.3294515444475588,1.9023762787148246,-0.6988373222071962,0.4941043576517681,0.6072921752929688,True,True
robot_repression,-4.58,-1.326453421728628,1.8982611264386873,-0.6987728944421765,0.4941436163291877,0.6072998046875,True,True
robot_repression,-4.57,-1.3234552990096973,1.8941460109154051,-0.6987081731730366,0.49418305568325527,0.6073074340820312,True,True
robot_repression,-4.56,-1.3204571762907666,1.890030932385042,-0.6986431563976964,0.49422267695896827,0.607330322265625,True,True
robot_repression,-4.55,-1.317459053571836,1.8859158910897538,-0.6985778420958945,0.49426248141274576,0.6073989868164062,True,True
robot_repression,-4.54,-1.314460930852906,1.881800887273812,-0.6985122282289822,0.4943024703125576,0.6074295043945312,True,True
robot_repression,-4.53,-1.3114628081339754,1.8776859211836288,-0.6984463127397122,0.4943426449380599,0.6075057983398438,True,True
robot_repression,-4.52,-1.308464685415045,1.873570993067777,-0.6983800935520306,0.494383006580726,0.607513427734375,True,True
robot_repression,-4.51,-1.3054665626961142,1.8694561031770183,-0.6983135685708582,0.4944235565439861,0.6075439453125,True,True
robot_repression,-4.5,-1.3024684399771838,1.8653412517643218,-0.6982467356818769,0.4944642961433626,0.6075973510742188,True,True
robot_repression,-4.49,-1.2994703172582533,1.861226439084893,-0.6981795927513057,0.49450522670661173,0.6076278686523438,True,True
robot_repression,-4.48,-1.2964721945393227,1.8571116653961963,-0.6981121376256787,0.49454634957386556,0.6076583862304688,True,True
robot_repression,-4.47,-1.2934740718203925,1.8529969309579803,-0.698044368131619,0.49458766609777494,0.6077194213867188,True,True
robot_repression,-4.46,-1.2904759491014617,1.848882236032305,-0.6979762820756062,0.4946291776436573,0.6077880859375,True,True
robot_repression,-4.45,-1.2874778263825313,1.8447675808835637,-0.6979078772437475,0.49467088558964245,0.6078033447265625,True,True
robot_repression,-4.44,-1.284479703663601,1.8406529657785131,-0.6978391514015376,0.4947127913268243,0.6078643798828125,True,True
robot_repression,-4.43,-1.28148158094467,1.8365383909862965,-0.6977701022936209,0.49475489625941294,0.607940673828125,True,True
robot_repression,-4.42,-1.27848345822574,1.832423856778473,-0.6977007276435496,0.494797201804888,0.6080322265625,True,True
robot_repression,-4.41,-1.2754853355068088,1.8283093634290426,-0.6976310251535344,0.4948397093941569,0.6080856323242188,True,True
robot_repression,-4.4,-1.272487212787879,1.8241949112144753,-0.6975609925041992,0.4948824204717111,0.6081008911132812,True,True
robot_repression,-4.39,-1.2694890900689486,1.820080500413738,-0.6974906273543232,0.49492533649578996,0.608154296875,True,True
robot_repression,-4.38,-1.2664909673500178,1.8159661313083233,-0.697419927340587,0.4949684589385423,0.6082077026367188,True,True
robot_repression,-4.37,-1.2634928446310874,1.8118518041822773,-0.6973488900773126,0.4950117892861918,0.6082305908203125,True,True
robot_repression,-4.36,-1.260494721912157,1.8077375193222294,-0.6972775131561971,0.4950553290392062,0.6082992553710938,True,True
robot_repression,-4.35,-1.257496599193226,1.8036232770174208,-0.6972057941460468,0.49509907971246697,0.6083450317382812,True,True
robot_repression,-4.34,-1.2544984764742957,1.7995090775597362,-0.6971337305925046,0.49514304283544175,0.6083984375,True,True
robot_repression,-4.33,-1.2515003537553655,1.7953949212437312,-0.6970613200177755,0.49518721995236065,0.6084136962890625,True,True
robot_repression,-4.32,-1.248502231036435,1.7912808083666654,-0.6969885599203458,0.4952316126223931,0.6084671020507812,True,True
robot_repression,-4.31,-1.2455041083175042,1.7871667392285324,-0.6969154477747006,0.49527622241982966,0.6085662841796875,True,True
robot_repression,-4.3,-1.2425059855985736,1.7830527141320904,-0.6968419810310372,0.4953210509342627,0.60858154296875,True,True
robot_repression,-4.29,-1.2395078628796439,1.7789387333828963,-0.6967681571149724,0.4953660997707744,0.6086883544921875,True,True
robot_repression,-4.28,-1.2365097401607128,1.7748247972893356,-0.6966939734272455,0.4954113705501241,0.6087722778320312,True,True
robot_repression,-4.27,-1.2335116174417817,1.770710906162657,-0.6966194273434219,0.4954568649089393,0.6088180541992188,True,True
robot_repression,-4.26,-1.2305134947228518,1.7665970603170051,-0.6965445162135862,0.4955025844999093,0.6088180541992188,True,True
robot_repression,-4.25,-1.2275153720039211,1.7624832600694542,-0.6964692373620323,0.4955485309919838,0.6088943481445312,True,True
robot_repression,-4.24,-1.2245172492849907,1.7583695057400408,-0.696393588086954,0.49559470607056916,0.6089324951171875,True,True
robot_repression,-4.23,-1.2215191265660608,1.754255797651802,-0.6963175656601234,0.4956411114377347,0.6089630126953125,True,True
robot_repression,-4.22,-1.2185210038471295,1.750142136130807,-0.6962411673265698,0.49568774881241595,0.6090545654296875,True,True
robot_repression,-4.21,-1.2155228811281993,1.7460285215061941,-0.6961643903042549,0.4957346199306231,0.6090850830078125,True,True
robot_repression,-4.2,-1.2125247584092684,1.7419149541102081,-0.6960872317837361,0.495781726545655,0.6091156005859375,True,True
robot_repression,-4.19,-1.209526635690338,1.7378014342782353,-0.6960096889278339,0.49582907042831054,0.6091537475585938,True,True
robot_repression,-4.18,-1.2065285129714076,1.733687962348839,-0.6959317588712884,0.49587665336710957,0.6092071533203125,True,True
robot_repression,-4.17,-1.203530390252477,1.729574538663804,-0.6958534387204113,0.4959244771685133,0.6092453002929688,True,True
robot_repression,-4.16,-1.200532267533547,1.7254611635681663,-0.6957747255527369,0.495972543657148,0.6092987060546875,True,True
robot_repression,-4.15,-1.1975341448146162,1.721347837410257,-0.6956956164166616,0.49602085467603513,0.6093368530273438,True,True
robot_repression,-4.14,-1.1945360220956855,1.7172345605417405,-0.6956161083310844,0.4960694120868195,0.609344482421875,True,True
robot_repression,-4.13,-1.1915378993767556,1.7131213333176558,-0.6955361982850368,0.49611821777000753,0.6093902587890625,True,True
robot_repression,-4.12,-1.1885397766578243,1.7090081560964532,-0.6954558832373093,0.49616727362520413,0.60943603515625,True,True
robot_repression,-4.11,-1.1855416539388943,1.7048950292400393,-0.6953751601160759,0.496216581571353,0.6094970703125,True,True
robot_repression,-4.1,-1.1825435312199637,1.7007819531138166,-0.695294025818504,0.4962661435469864,0.6095352172851562,True,True
robot_repression,-4.09,-1.179545408501033,1.6966689280867266,-0.695212477210368,0.49631596151047125,0.6095962524414062,True,True
robot_repression,-4.08,-1.176547285782103,1.6925559545312934,-0.6951305111256516,0.49636603744026364,0.609619140625,True,True
robot_repression,-4.07,-1.1735491630631723,1.6884430328236633,-0.6950481243661448,0.4964163733351664,0.6096649169921875,True,True
robot_repression,-4.06,-1.170551040344242,1.684330163343654,-0.6949653137010374,0.4964669712145882,0.6096725463867188,True,True
robot_repression,-4.05,-1.1675529176253112,1.6802173464747978,-0.6948820758665009,0.49651783311881226,0.6096878051757812,True,True
robot_repression,-4.04,-1.1645547949063801,1.6761045826043859,-0.6947984075652708,0.49656896110926213,0.6097488403320312,True,True
robot_repression,-4.03,-1.1615566721874504,1.6719918721235136,-0.6947143054662193,0.49662035726877546,0.60980224609375,True,True
robot_repression,-4.02,-1.158558549468519,1.6678792154271305,-0.6946297662039164,0.49667202370188507,0.6098556518554688,True,True
robot_repression,-4.01,-1.155560426749589,1.6637666129140853,-0.6945447863781965,0.4967239625350956,0.6099166870117188,True,True
robot_repression,-4.0,-1.1525623040306587,1.6596540649871756,-0.6944593625537047,0.496776175917174,0.6099624633789062,True,True
robot_repression,-3.99,-1.1495641813117283,1.6555415720531945,-0.694373491259446,0.4968286660194381,0.6100006103515625,True,True
robot_repression,-3.98,-1.1465660585927977,1.6514291345229832,-0.6942871689883225,0.49688143503605325,0.6100311279296875,True,True
robot_repression,-3.97,-1.143567935873867,1.647316752811479,-0.6942003921966661,0.4969344851843308,0.6101150512695312,True,True
robot_repression,-3.96,-1.1405698131549369,1.643204427337767,-0.6941131573037616,0.49698781870503356,0.6102218627929688,True,True
robot_repression,-3.95,-1.1375716904360063,1.6390921585251341,-0.6940254606913626,0.49704143786268645,0.6102218627929688,True,True
robot_repression,-3.94,-1.1345735677170756,1.6349799468011175,-0.693937298703204,0.4970953449458878,0.6103057861328125,True,True
robot_repression,-3.93,-1.1315754449981454,1.6308677925975628,-0.6938486676444998,0.49714954226763225,0.6103668212890625,True,True
robot_repression,-3.92,-1.1285773222792144,1.6267556963506749,-0.6937595637814384,0.4972040321656329,0.6104278564453125,True,True
robot_repression,-3.91,-1.125579199560284,1.622643658501074,-0.6936699833406701,0.497258817002651,0.6104965209960938,True,True
robot_repression,-3.9,-1.1225810768413538,1.618531679493852,-0.6935799225087814,0.4973138991668316,0.6105575561523438,True,True
robot_repression,-3.89,-1.1195829541224234,1.61441975977863,-0.693489377431766,0.4973692810720442,0.6106796264648438,True,True
robot_repression,-3.88,-1.1165848314034925,1.6103078998096136,-0.693398344214486,0.49742496515822676,0.6107177734375,True,True
robot_repression,-3.87,-1.113586708684562,1.6061961000456535,-0.6933068189201246,0.49748095389173785,0.6107635498046875,True,True
robot_repression,-3.86,-1.1105885859656317,1.6020843609503035,-0.6932147975696281,0.49753724976571423,0.6108245849609375,True,True
robot_repression,-3.85,-1.1075904632467015,1.5979726829918839,-0.6931222761411416,0.49759385530043243,0.61090087890625,True,True
robot_repression,-3.84,-1.1045923405277704,1.5938610666435375,-0.6930292505694345,0.49765077304367833,0.6109695434570312,True,True
robot_repression,-3.83,-1.10159421780884,1.589749512383297,-0.6929357167453182,0.49770800557112044,0.610992431640625,True,True
robot_repression,-3.82,-1.0985960950899094,1.5856380206941445,-0.6928416705150505,0.4977655554866917,0.6110687255859375,True,True
robot_repression,-3.81,-1.0955979723709788,1.5815265920640782,-0.6927471076797354,0.49782342542297614,0.6110763549804688,True,True
robot_repression,-3.8,-1.0925998496520481,1.5774152269861768,-0.6926520239947087,0.49788161804160236,0.6111602783203125,True,True
robot_repression,-3.79,-1.089601726933118,1.573303925958663,-0.692556415168919,0.49794013603364157,0.6112136840820312,True,True
robot_repression,-3.78,-1.0866036042141878,1.5691926894849764,-0.6924602768642908,0.4979989821200169,0.6112823486328125,True,True
robot_repression,-3.77,-1.0836054814952572,1.5650815180738364,-0.692363604695085,0.4980581590519141,0.6113433837890625,True,True
robot_repression,-3.76,-1.080607358776326,1.5609704122393138,-0.6922663942272451,0.49811766961120185,0.6114044189453125,True,True
robot_repression,-3.75,-1.077609236057396,1.5568593725009026,-0.692168640977733,0.49817751661085885,0.6115341186523438,True,True
robot_repression,-3.74,-1.074611113338466,1.5527483993835869,-0.6920703404138541,0.49823770289540764,0.6115875244140625,True,True
robot_repression,-3.73,-1.0716129906195349,1.5486374934179201,-0.6919714879525689,0.49829823134135715,0.61163330078125,True,True
robot_repression,-3.72,-1.068614867900604,1.5445266551400936,-0.6918720789598009,0.4983591048576485,0.611724853515625,True,True
robot_repression,-3.71,-1.0656167451816738,1.5404158850920138,-0.6917721087497233,0.4984203263861134,0.61181640625,True,True
robot_repression,-3.7,-1.0626186224627439,1.536305183821378,-0.6916715725840392,0.4984818989019372,0.6118621826171875,True,True
robot_repression,-3.69,-1.0596204997438134,1.5321945518817515,-0.6915704656712489,0.4985438254141311,0.6119384765625,True,True
robot_repression,-3.68,-1.0566223770248826,1.5280839898326486,-0.691468783165905,0.4986061089660115,0.6119766235351562,True,True
robot_repression,-3.67,-1.053624254305952,1.5239734982396083,-0.6913665201678558,0.49866875263568644,0.6120223999023438,True,True
robot_repression,-3.66,-1.0506261315870218,1.519863077674279,-0.691263671721474,0.4987317595365535,0.61212158203125,True,True
robot_repression,-3.65,-1.047628008868091,1.5157527287145003,-0.6911602328148716,0.4987951328178049,0.612152099609375,True,True
robot_repression,-3.64,-1.044629886149161,1.5116424519443856,-0.6910561983791083,0.4988588756649377,0.612213134765625,True,True
robot_repression,-3.63,-1.0416317634302306,1.5075322479544093,-0.6909515632873755,0.4989229913002795,0.6122817993164062,True,True
robot_repression,-3.62,-1.0386336407113002,1.503422117341492,-0.6908463223541773,0.4989874829835167,0.6123809814453125,True,True
robot_repression,-3.61,-1.035635517992369,1.4993120607090882,-0.69074047033449,0.4990523540122358,0.6124725341796875,True,True
robot_repression,-3.6,-1.0326373952734385,1.4952020786672788,-0.6906340019229114,0.49911760772247254,0.6125640869140625,True,True
robot_repression,-3.59,-1.0296392725545083,1.4910921718328576,-0.6905269117527931,0.49918324748927195,0.61260986328125,True,True
robot_repression,-3.58,-1.0266411498355776,1.486982340829428,-0.6904191943953581,0.4992492767272564,0.6127090454101562,True,True
robot_repression,-3.57,-1.023643027116647,1.4828725862874936,-0.6903108443588066,0.49931569889120414,0.6127777099609375,True,True
robot_repression,-3.56,-1.0206449043977166,1.478762908844557,-0.6902018560874004,0.49938251747663814,0.6128616333007812,True,True
robot_repression,-3.55,-1.0176467816787858,1.4746533091452143,-0.6900922239605367,0.49944973602042697,0.6129074096679688,True,True
robot_repression,-3.54,-1.0146486589598558,1.4705437878412544,-0.6899819422918043,0.49951735810139103,0.6129531860351562,True,True
robot_repression,-3.53,-1.011650536240925,1.466434345591761,-0.6898710053280198,0.49958538734092833,0.613037109375,True,True
robot_repression,-3.52,-1.0086524135219945,1.4623249830632141,-0.6897594072482532,0.49965382740364056,0.6131134033203125,True,True
robot_repression,-3.51,-1.005654290803064,1.4582157009295915,-0.6896471421628322,0.49972268199797937,0.6131820678710938,True,True
robot_repression,-3.5,-1.0026561680841333,1.4541064998724789,-0.6895342041123284,0.49979195487690026,0.6132049560546875,True,True
robot_repression,-3.49,-0.9996580453652031,1.4499973805811726,-0.6894205870665303,0.4998616498385259,0.6132888793945312,True,True
robot_repression,-3.48,-0.9966599226462723,1.4458883437527916,-0.6893062849233914,0.499931770726828,0.6133346557617188,True,True
robot_repression,-3.47,-0.9936617999273422,1.4417793900923883,-0.6891912915079671,0.5000023214323134,0.6134414672851562,True,True
robot_repression,-3.46,-0.9906636772084116,1.4376705203130609,-0.689075600571325,0.5000733058927299,0.613525390625,True,True
robot_repression,-3.45,-0.9876655544894811,1.4335617351360679,-0.6889592057894429,0.500144728093779,0.61358642578125,True,True
robot_repression,-3.44,-0.9846674317705505,1.4294530352909467,-0.6888421007620822,0.5002165920698443,0.6136856079101562,True,True
robot_repression,-3.43,-0.9816693090516202,1.4253444215156301,-0.6887242790116433,0.5002889019047341,0.6137237548828125,True,True
robot_repression,-3.42,-0.9786711863326896,1.4212358945565688,-0.6886057339819994,0.5003616617324357,0.6138076782226562,True,True
robot_repression,-3.41,-0.975673063613759,1.4171274551688549,-0.68848645903731,0.5004348757378836,0.6138839721679688,True,True
robot_repression,-3.4,-0.9726749408948284,1.413019104116345,-0.6883664474608125,0.5005085481577423,0.6139907836914062,True,True
robot_repression,-3.39,-0.9696768181758982,1.4089108421717895,-0.688245692453593,0.5005826832812036,0.6141281127929688,True,True
robot_repression,-3.38,-0.9666786954569674,1.404802670116961,-0.6881241871333315,0.5006572854507995,0.6141738891601562,True,True
robot_repression,-3.37,-0.963680572738037,1.4006945887427869,-0.688001924533029,0.5007323590632273,0.6142501831054688,True,True
robot_repression,-3.36,-0.9606824500191065,1.3965865988494823,-0.6878788975997072,0.5008079085701926,0.6143112182617188,True,True
robot_repression,-3.35,-0.9576843273001759,1.3924787012466886,-0.6877550991930861,0.5008839384792686,0.6144256591796875,True,True
robot_repression,-3.34,-0.9546862045812454,1.3883708967536101,-0.6876305220842371,0.5009604533547672,0.6144943237304688,True,True
robot_repression,-3.33,-0.951688081862315,1.3842631861991568,-0.6875051589542118,0.5010374578186321,0.6145858764648438,True,True
robot_repression,-3.32,-0.9486899591433843,1.380155570422088,-0.6873790023926432,0.5011149565513436,0.614715576171875,True,True
robot_repression,-3.31,-0.945691836424454,1.3760480502711583,-0.6872520448963246,0.5011929542928443,0.6147537231445312,True,True
robot_repression,-3.3,-0.9426937137055235,1.371940626605267,-0.6871242788677575,0.50127145584348,0.6148300170898438,True,True
robot_repression,-3.29,-0.9396955909865933,1.3678333002936094,-0.6869956966136772,0.5013504660649589,0.6148910522460938,True,True
robot_repression,-3.28,-0.9366974682676623,1.3637260722158326,-0.686866290343545,0.5014299898813304,0.6150436401367188,True,True
robot_repression,-3.27,-0.9336993455487319,1.3596189432621908,-0.6867360521680199,0.501510032279979,0.6151809692382812,True,True
robot_repression,-3.26,-0.9307012228298014,1.355511914333706,-0.6866049740973927,0.5015905983126424,0.6152496337890625,True,True
robot_repression,-3.25,-0.9277031001108709,1.351404986342333,-0.6864730480399963,0.5016716930964459,0.6153717041015625,True,True
robot_repression,-3.24,-0.9247049773919408,1.3472981602111214,-0.6863402658005855,0.5017533218149545,0.6153793334960938,True,True
robot_repression,-3.23,-0.9217068546730102,1.3431914368743882,-0.6862066190786815,0.5018354897192521,0.6154937744140625,True,True
robot_repression,-3.22,-0.9187087319540793,1.339084817277888,-0.6860720994668914,0.5019182021290338,0.6156082153320312,True,True
robot_repression,-3.21,-0.9157106092351489,1.3349783023789876,-0.6859366984491913,0.5020014644337253,0.6157608032226562,True,True
robot_repression,-3.2,-0.9127124865162185,1.3308718931468468,-0.6858004073991747,0.502085282093621,0.6158447265625,True,True
robot_repression,-3.19,-0.909714363797288,1.3267655905625984,-0.6856632175782724,0.5021696606410468,0.6158981323242188,True,True
robot_repression,-3.18,-0.9067162410783576,1.322659395619533,-0.6855251201339345,0.5022546056815419,0.615966796875,True,True
robot_repression,-3.17,-0.9037181183594266,1.3185533093232877,-0.6853861060977776,0.5023401228950674,0.615997314453125,True,True
robot_repression,-3.16,-0.9007199956404968,1.3144473326920403,-0.6852461663836972,0.5024262180372376,0.6160812377929688,True,True
robot_repression,-3.15,-0.8977218729215661,1.3103414667567017,-0.6851052917859396,0.5025128969405763,0.616180419921875,True,True
robot_repression,-3.14,-0.8947237502026355,1.306235712561117,-0.6849634729771428,0.5026001655157947,0.6163177490234375,True,True
robot_repression,-3.13,-0.8917256274837051,1.3021300711622679,-0.6848207005063327,0.5026880297531,0.6163864135742188,True,True
robot_repression,-3.12,-0.8887275047647746,1.2980245436304798,-0.6846769647968818,0.5027764957235265,0.6165237426757812,True,True
robot_repression,-3.11,-0.8857293820458441,1.2939191310496332,-0.6845322561444287,0.502865569580294,0.6166229248046875,True,True
robot_repression,-3.1,-0.8827312593269134,1.289813834517377,-0.6843865647147552,0.5029552575601963,0.6167755126953125,True,True
robot_repression,-3.09,-0.8797331366079828,1.2857086551453483,-0.6842398805416222,0.503045565985011,0.6168670654296875,True,True
robot_repression,-3.08,-0.8767350138890527,1.2816035940593957,-0.6840921935245607,0.5031365012629468,0.6169815063476562,True,True
robot_repression,-3.07,-0.873736891170122,1.2774986523998053,-0.6839434934266199,0.5032280698901131,0.6170730590820312,True,True
robot_repression,-3.06,-0.8707387684511918,1.2733938313215347,-0.6837937698720706,0.5033202784520223,0.61712646484375,True,True
robot_repression,-3.05,-0.8677406457322607,1.2692891319944466,-0.6836430123440601,0.503413133625124,0.6172027587890625,True,True
robot_repression,-3.04,-0.8647425230133305,1.26518455560355,-0.6834912101822247,0.5035066421783664,0.6173477172851562,True,True
robot_repression,-3.03,-0.8617444002944,1.2610801033492471,-0.6833383525802453,0.5036008109747958,0.6174392700195312,True,True
robot_repression,-3.02,-0.8587462775754695,1.2569757764475828,-0.6831844285833619,0.5036956469731848,0.6175079345703125,True,True
robot_repression,-3.01,-0.855748154856539,1.252871576130498,-0.6830294270858333,0.5037911572296953,0.617645263671875,True,True
robot_repression,-3.0,-0.8527500321376086,1.2487675036460921,-0.6828733368283444,0.5038873488995752,0.6177444458007812,True,True
robot_repression,-2.99,-0.849751909418678,1.244663560258886,-0.6827161463953619,0.5039842292388945,0.6178131103515625,True,True
robot_repression,-2.98,-0.8467537866997477,1.2405597472500947,-0.6825578442124348,0.5040818056063116,0.6179428100585938,True,True
robot_repression,-2.97,-0.843755663980817,1.2364560659179,-0.6823984185434389,0.504180085464881,0.6180191040039062,True,True
robot_repression,-2.96,-0.8407575412618864,1.2323525175777348,-0.6822378574877644,0.5042790763838987,0.618072509765625,True,True
robot_repression,-2.95,-0.8377594185429559,1.2282491035625682,-0.6820761489774453,0.5043787860407852,0.6181106567382812,True,True
robot_repression,-2.94,-0.8347612958240253,1.224145825223197,-0.6819132807742283,0.5044792222230081,0.6181564331054688,True,True
robot_repression,-2.93,-0.8317631731050952,1.2200426839285463,-0.6817492404665808,0.5045803928300476,0.6183013916015625,True,True
robot_repression,-2.92,-0.8287650503861642,1.2159396810659722,-0.6815840154666345,0.504682305875404,0.6183929443359375,True,True
robot_repression,-2.91,-0.825766927667234,1.2118368180415735,-0.6814175930070686,0.5047849694886434,0.6184616088867188,True,True
robot_repression,-2.9,-0.8227688049483034,1.207734096280507,-0.6812499601379209,0.5048883919174961,0.618621826171875,True,True
robot_repression,-2.89,-0.819770682229373,1.203631517227311,-0.6810811037233381,0.5049925815299907,0.6187057495117188,True,True
robot_repression,-2.88,-0.8167725595104425,1.1995290823462366,-0.6809110104382498,0.5050975468166427,0.6187057495117188,True,True
robot_repression,-2.87,-0.813774436791512,1.1954267931215816,-0.6807396667649782,0.5052032963926834,0.6188430786132812,True,True
robot_repression,-2.86,-0.8107763140725814,1.1913246510580366,-0.6805670589897695,0.5053098390003449,0.6189498901367188,True,True
robot_repression,-2.85,-0.8077781913536513,1.1872226576810332,-0.6803931731992552,0.5054171835111864,0.6190948486328125,True,True
robot_repression,-2.84,-0.8047800686347203,1.1831208145371028,-0.6802179952768317,0.5055253389284811,0.6192245483398438,True,True
robot_repression,-2.83,-0.8017819459157898,1.1790191231942422,-0.6800415108989687,0.5056343143896467,0.6193008422851562,True,True
robot_repression,-2.82,-0.7987838231968594,1.174917585242284,-0.6798637055314304,0.5057441191687354,0.6193695068359375,True,True
robot_repression,-2.81,-0.795785700477929,1.1708162022932809,-0.6796845644254165,0.5058547626789793,0.6195144653320312,True,True
robot_repression,-2.8,-0.7927875777589983,1.1667149759818887,-0.6795040726136227,0.5059662544753873,0.619598388671875,True,True
robot_repression,-2.79,-0.7897894550400679,1.1626139079657691,-0.6793222149062075,0.5060786042574053,0.6197357177734375,True,True
robot_repression,-2.78,-0.7867913323211373,1.1585129999259896,-0.679138975886676,0.5061918218716336,0.6198577880859375,True,True
robot_repression,-2.77,-0.7837932096022072,1.154412253567439,-0.6789543399076707,0.5063059173146058,0.6199798583984375,True,True
robot_repression,-2.76,-0.7807950868832765,1.1503116706192498,-0.6787682910866665,0.506420900735631,0.6201248168945312,True,True
robot_repression,-2.75,-0.7777969641643461,1.146211252835229,-0.6785808133015743,0.5065367824396999,0.6202545166015625,True,True
robot_repression,-2.74,-0.7747988414454152,1.1421110019942986,-0.6783918901862421,0.5066535728904561,0.6203155517578125,True,True
robot_repression,-2.73,-0.7718007187264849,1.1380109199009447,-0.6782015051258597,0.5067712827132367,0.6204910278320312,True,True
robot_repression,-2.72,-0.7688025960075543,1.1339110083856796,-0.6780096412522523,0.5068899226981839,0.6206130981445312,True,True
robot_repression,-2.71,-0.765804473288624,1.129811269305507,-0.6778162814390786,0.5070095038034226,0.6207199096679688,True,True
robot_repression,-2.7,-0.7628063505696931,1.1257117045444065,-0.6776214082969076,0.5071300371583183,0.6208648681640625,True,True
robot_repression,-2.69,-0.7598082278507627,1.1216123160138196,-0.677425004168197,0.5072515340668048,0.6209030151367188,True,True
robot_repression,-2.68,-0.7568101051318326,1.1175131056531529,-0.677227051122143,0.5073740060107926,0.6209869384765625,True,True
robot_repression,-2.67,-0.7538119824129019,1.1134140754302886,-0.6770275309494221,0.5074974646536574,0.6210479736328125,True,True
robot_repression,-2.66,-0.7508138596939714,1.1093152273421085,-0.6768264251568084,0.5076219218438051,0.6210861206054688,True,True
robot_repression,-2.65,-0.7478157369750408,1.1052165634150268,-0.6766237149616656,0.5077473896183269,0.6212921142578125,True,True
robot_repression,-2.64,-0.7448176142561105,1.1011180857055385,-0.6764193812863137,0.5078738802067367,0.6213760375976562,True,True
robot_repression,-2.63,-0.7418194915371797,1.0970197963007764,-0.6762134047522609,0.5080014060348004,0.6214981079101562,True,True
robot_repression,-2.62,-0.7388213688182494,1.092921697319082,-0.6760057656743071,0.5081299797284498,0.6216506958007812,True,True
robot_repression,-2.61,-0.7358232460993187,1.0888237909105902,-0.6757964440545013,0.5082596141177985,0.6218185424804688,True,True
robot_repression,-2.6,-0.7328251233803884,1.084726079257825,-0.6755854195759643,0.5083903222412465,0.6219558715820312,True,True
robot_repression,-2.59,-0.7298270006614578,1.0806285645763103,-0.6753726715965593,0.5085221173496893,0.6220321655273438,True,True
robot_repression,-2.58,-0.7268288779425275,1.0765312491151942,-0.6751581791424182,0.5086550129108234,0.6221847534179688,True,True
robot_repression,-2.57,-0.7238307552235967,1.0724341351578859,-0.6749419209013082,0.5087890226135597,0.6223602294921875,True,True
robot_repression,-2.56,-0.7208326325046663,1.0683372250227101,-0.6747238752158461,0.5089241603725423,0.6225051879882812,True,True
robot_repression,-2.55,-0.7178345097857359,1.064240521063573,-0.674504020076544,0.5090604403327798,0.6226730346679688,True,True
robot_repression,-2.54,-0.7148363870668055,1.0601440256706471,-0.6742823331146917,0.509197876874387,0.6227874755859375,True,True
robot_repression,-2.53,-0.7118382643478748,1.0560477412710683,-0.6740587915950657,0.5093364846174472,0.6229095458984375,True,True
robot_repression,-2.52,-0.7088401416289443,1.0519516703296516,-0.6738333724084624,0.5094762784269888,0.6230010986328125,True,True
robot_repression,-2.51,-0.7058420189100136,1.0478558153496225,-0.6736060520640483,0.5096172734180916,0.6231765747070312,True,True
robot_repression,-2.5,-0.7028438961910836,1.0437601788733653,-0.6733768066815246,0.5097594849611164,0.6233139038085938,True,True
robot_repression,-2.49,-0.6998457734721528,1.0396647634831895,-0.6731456119830964,0.5099029286870671,0.6234588623046875,True,True
robot_repression,-2.48,-0.6968476507532223,1.0355695718021132,-0.6729124432852521,0.5100476204930842,0.6235427856445312,True,True
robot_repression,-2.47,-0.6938495280342918,1.0314746064946667,-0.6726772754903292,0.5101935765480811,0.6237106323242188,True,True
robot_repression,-2.46,-0.690851405315361,1.0273798702677126,-0.6724400830778788,0.5103408132985198,0.6238937377929688,True,True
robot_repression,-2.45,-0.6878532825964307,1.023285365871288,-0.6722008400958126,0.5104893474743333,0.6241073608398438,True,True
robot_repression,-2.44,-0.6848551598775001,1.0191910960994648,-0.6719595201513258,0.5106391960950021,0.624298095703125,True,True
robot_repression,-2.43,-0.6818570371585699,1.0150970637912322,-0.6717160964015976,0.5107903764757813,0.6243896484375,True,True
robot_repression,-2.42,-0.6788589144396394,1.0110032718313984,-0.6714705415442518,0.510942906234092,0.6245346069335938,True,True
robot_repression,-2.41,-0.6758607917207086,1.0069097231515163,-0.6712228278075804,0.5110968032960749,0.6246337890625,True,True
robot_repression,-2.4,-0.6728626690017783,1.0028164207308299,-0.6709729269405174,0.5112520859033137,0.6248092651367188,True,True
robot_repression,-2.39,-0.6698645462828478,0.9987233675972453,-0.670720810202354,0.5114087726197375,0.624969482421875,True,True
robot_repression,-2.38,-0.6668664235639175,0.9946305668283227,-0.6704664483521964,0.5115668823386956,0.6250762939453125,True,True
robot_repression,-2.37,-0.6638683008449866,0.990538021552297,-0.6702098116381459,0.5117264342902272,0.6251907348632812,True,True
robot_repression,-2.36,-0.6608701781260563,0.986445734949118,-0.6699508697862074,0.5118874480485127,0.6253738403320312,True,True
robot_repression,-2.35,-0.6578720554071259,0.9823537102515224,-0.6696895919889018,0.5120499435395314,0.6255950927734375,True,True
robot_repression,-2.34,-0.6548739326881952,0.9782619507461268,-0.6694259468935887,0.5122139410489155,0.6258010864257812,True,True
robot_repression,-2.33,-0.6518758099692646,0.9741704597745525,-0.669159902590482,0.5123794612300167,0.6258926391601562,True,True
robot_repression,-2.32,-0.6488776872503341,0.9700792407345734,-0.668891426600351,0.5125465251121872,0.6260223388671875,True,True
robot_repression,-2.31,-0.6458795645314038,0.9659882970813001,-0.6686204858618954,0.5127151541092867,0.6262130737304688,True,True
robot_repression,-2.3,-0.6428814418124732,0.9618976323283849,-0.6683470467187906,0.5128853700284143,0.6263504028320312,True,True
robot_repression,-2.29,-0.6398833190935429,0.9578072500492648,-0.668071074906387,0.5130571950788785,0.626556396484375,True,True
robot_repression,-2.28,-0.636885196374612,0.9537171538784316,-0.6677925355380517,0.5132306518814158,0.6266555786132812,True,True
robot_repression,-2.27,-0.6338870736556818,0.949627347512737,-0.6675113930911512,0.5134057634776534,0.6267471313476562,True,True
robot_repression,-2.26,-0.6308889509367512,0.9455378347127291,-0.6672276113926486,0.5135825533398407,0.626983642578125,True,True
robot_repression,-2.25,-0.6278908282178208,0.9414486193040255,-0.6669411536043198,0.5137610453808408,0.6271133422851562,True,True
robot_repression,-2.24,-0.6248927054988903,0.9373597051787185,-0.6666519822075638,0.5139412639644034,0.6272811889648438,True,True
robot_repression,-2.23,-0.6218945827799595,0.9332710962968217,-0.6663600589878006,0.5141232339157245,0.6274490356445312,True,True
robot_repression,-2.22,-0.618896460061029,0.9291827966877498,-0.6660653450184443,0.5143069805322958,0.62762451171875,True,True
robot_repression,-2.21,-0.6158983373420988,0.9250948104518391,-0.6657678006444322,0.5144925295950644,0.627777099609375,True,True
robot_repression,-2.2,-0.6129002146231683,0.9210071417619083,-0.6654673854653025,0.5146799073799039,0.627960205078125,True,True
robot_repression,-2.19,-0.6099020919042376,0.9169197948648584,-0.665164058317804,0.5148691406694093,0.628143310546875,True,True
robot_repression,-2.18,-0.606903969185307,0.9128327740833194,-0.6648577772580188,0.5150602567650295,0.6282958984375,True,True
robot_repression,-2.17,-0.6039058464663768,0.9087460838173339,-0.6645484995429892,0.5152532834995448,0.6284713745117188,True,True
robot_repression,-2.16,-0.6009077237474462,0.9046597285460948,-0.6642361816118229,0.5154482492499046,0.6286087036132812,True,True
robot_repression,-2.15,-0.5979096010285158,0.9005737128297191,-0.6639207790662759,0.5156451829504292,0.6288070678710938,True,True
robot_repression,-2.14,-0.5949114783095852,0.8964880413110798,-0.6636022466507748,0.5158441141064016,0.628997802734375,True,True
robot_repression,-2.13,-0.5919133555906547,0.8924027187176798,-0.6632805382318789,0.516045072808047,0.6292037963867188,True,True
robot_repression,-2.12,-0.5889152328717241,0.8883177498635813,-0.6629556067771512,0.5162480897449261,0.6295547485351562,True,True
robot_repression,-2.11,-0.5859171101527936,0.8842331396513844,-0.662627404333427,0.5164531962207468,0.6297683715820312,True,True
robot_repression,-2.1,-0.5829189874338633,0.8801488930742642,-0.6622958820044536,0.516660424168614,0.6300277709960938,True,True
robot_repression,-2.09,-0.5799208647149328,0.8760650152180601,-0.6619609899278828,0.5168698061667322,0.6302947998046875,True,True
robot_repression,-2.08,-0.5769227419960022,0.8719815112634249,-0.6616226772515986,0.5170813754545694,0.63043212890625,True,True
robot_repression,-2.07,-0.5739246192770717,0.8678983864880336,-0.6612808921093493,0.5172951659495125,0.6305923461914062,True,True
robot_repression,-2.06,-0.5709264965581412,0.8638156462688538,-0.6609355815956663,0.5175112122640146,0.6308746337890625,True,True
robot_repression,-2.05,-0.5679283738392108,0.8597332960844786,-0.6605866917400456,0.517729549723264,0.631011962890625,True,True
robot_repression,-2.04,-0.5649302511202805,0.855651341517528,-0.6602341674803626,0.5179502143833862,0.631195068359375,True,True
robot_repression,-2.03,-0.5619321284013497,0.8515697882571154,-0.6598779526354978,0.5181732430502007,0.631378173828125,True,True
robot_repression,-2.02,-0.5589340056824192,0.8474886421013856,-0.6595179898771476,0.5183986732985522,0.6315383911132812,True,True
robot_repression,-2.01,-0.5559358829634886,0.8434079089601257,-0.659154220700783,0.5186265434922316,0.6317901611328125,True,True
robot_repression,-2.0,-0.5529377602445582,0.8393275948574507,-0.6587865853957391,0.5188568928045187,0.6320114135742188,True,True
robot_repression,-1.99,-0.5499396375256277,0.8352477059345643,-0.658415023014396,0.5190897612393552,0.6321334838867188,True,True
robot_repression,-1.98,-0.5469415148066971,0.8311682484526054,-0.6580394713404221,0.5193251896531815,0.632415771484375,True,True
robot_repression,-1.97,-0.5439433920877665,0.8270892287955697,-0.6576598668560489,0.5195632197774548,0.6326217651367188,True,True
robot_repression,-1.96,-0.5409452693688362,0.823010653473324,-0.6572761447083378,0.5198038942418783,0.6327972412109375,True,True
robot_repression,-1.95,-0.5379471466499057,0.8189325291247043,-0.6568882386744085,0.5200472565983617,0.633026123046875,True,True
robot_repression,-1.94,-0.5349490239309751,0.8148548625207076,-0.656496081125589,0.5202933513457454,0.6331329345703125,True,True
robot_repression,-1.93,-0.5319509012120447,0.8107776605677767,-0.6560996029904508,0.5205422239553116,0.6333389282226562,True,True
robot_repression,-1.92,-0.5289527784931143,0.8067009303111851,-0.6556987337166831,0.5207939208971151,0.6335830688476562,True,True
robot_repression,-1.91,-0.5259546557741835,0.8026246789385221,-0.6552934012317725,0.5210484896671636,0.633758544921875,True,True
robot_repression,-1.9,-0.522956533055253,0.7985489137832816,-0.6548835319024406,0.5213059788154745,0.6339340209960938,True,True
robot_repression,-1.89,-0.5199584103363226,0.7944736423285619,-0.6544690504927904,0.5215664379750506,0.63421630859375,True,True
robot_repression,-1.88,-0.5169602876173922,0.7903988722108752,-0.6540498801211211,0.5218299178917996,0.6343154907226562,True,True
robot_repression,-1.87,-0.5139621648984616,0.7863246112240763,-0.6536259422153575,0.5220964704554383,0.6344985961914062,True,True
robot_repression,-1.86,-0.5109640421795311,0.7822508673234088,-0.653197156467046,0.5223661487314183,0.6347503662109375,True,True
robot_repression,-1.85,-0.5079659194606005,0.7781776486296781,-0.6527634407838577,0.522639006993912,0.6349639892578125,True,True
robot_repression,-1.84,-0.5049677967416702,0.7741049634335538,-0.6523247112405509,0.5229151007598993,0.635162353515625,True,True
robot_repression,-1.83,-0.5019696740227396,0.7700328202000043,-0.6518808820283278,0.5231944868243968,0.6354293823242188,True,True
robot_repression,-1.82,-0.4989715513038091,0.7659612275728711,-0.6514318654025325,0.5234772232968768,0.6356277465820312,True,True
robot_repression,-1.81,-0.4959734285848786,0.7618901943795879,-0.6509775716286162,0.5237633696389186,0.63592529296875,True,True
robot_repression,-1.8,-0.4929753058659482,0.7578197296360475,-0.6505179089263166,0.524052986703143,0.6362075805664062,True,True
robot_repression,-1.79,-0.48997718314701755,0.7537498425516238,-0.6500527834119705,0.5243461367734807,0.6364212036132812,True,True
robot_repression,-1.78,-0.48697906042808714,0.749680542534353,-0.649582099038901,0.5246428836068248,0.63665771484375,True,True
robot_repression,-1.77,-0.4839809377091566,0.7456118391962844,-0.6491057575357884,0.5249432924761258,0.6369247436523438,True,True
robot_repression,-1.76,-0.48098281499022616,0.7415437423589986,-0.6486236583429642,0.5252474302149839,0.6372146606445312,True,True
robot_repression,-1.75,-0.47798469227129575,0.7374762620593095,-0.6481356985465319,0.5255553652638026,0.6375350952148438,True,True
robot_repression,-1.74,-0.47498656955236523,0.7334094085551486,-0.6476417728102389,0.5258671677175604,0.6379165649414062,True,True
robot_repression,-1.73,-0.4719884468334346,0.7293431923316442,-0.6471417733050064,0.5261829093752738,0.6381759643554688,True,True
robot_repression,-1.72,-0.4689903241145041,0.7252776241073993,-0.646635589636026,0.5265026637912144,0.6383819580078125,True,True
robot_repression,-1.71,-0.4659922013955736,0.7212127148409776,-0.6461231087673235,0.5268265063279567,0.6386337280273438,True,True
robot_repression,-1.7,-0.4629940786766431,0.7171484757376062,-0.6456042149436927,0.5271545142113284,0.6388092041015625,True,True
robot_repression,-1.69,-0.4599959559577124,0.7130849182561008,-0.6450787896098894,0.5274867665873461,0.6390228271484375,True,True
robot_repression,-1.68,-0.4569978332387821,0.7090220541160247,-0.6445467113269777,0.5278233445812116,0.6392822265625,True,True
robot_repression,-1.67,-0.4539997105198516,0.7049598953050902,-0.644007855685707,0.5281643313584701,0.6394500732421875,True,True
robot_repression,-1.66,-0.451001587800921,0.7008984540868094,-0.6434620952168093,0.5285098121883991,0.6398162841796875,True,True
robot_repression,-1.65,-0.4480034650819906,0.6968377430084096,-0.6429092992980778,0.5288598745097466,0.6400680541992188,True,True
robot_repression,-1.64,-0.44500534236305994,0.692777774909017,-0.6423493340581008,0.5292146079988993,0.6403732299804688,True,True
robot_repression,-1.63,-0.44200721964412965,0.6887185629281253,-0.6417820622765145,0.5295741046405962,0.6406784057617188,True,True
robot_repression,-1.62,-0.4390090969251991,0.6846601205143579,-0.6412073432806179,0.5299384588012932,0.64105224609375,True,True
robot_repression,-1.61,-0.43601097420626855,0.6806024614345345,-0.6406250328382149,0.530307767305291,0.641357421875,True,True
robot_repression,-1.6,-0.4330128514873382,0.6765455997830585,-0.6400349830465062,0.5306821295137524,0.641693115234375,True,True
robot_repression,-1.59,-0.4300147287684076,0.672489549991633,-0.6394370422168757,0.5310616474067316,0.6420440673828125,True,True
robot_repression,-1.58,-0.4270166060494771,0.668434326839323,-0.6388310547553949,0.5314464256683457,0.6424942016601562,True,True
robot_repression,-1.57,-0.42401848333054654,0.6643799454629767,-0.6382168610388548,0.5318365717752324,0.6428909301757812,True,True
robot_repression,-1.56,-0.4210203606116161,0.6603264213680204,-0.6375942972861423,0.5322321960884373,0.6432342529296875,True,True
robot_repression,-1.55,-0.41802223789268556,0.6562737704396421,-0.6369631954247535,0.5326334119488843,0.6436004638671875,True,True
robot_repression,-1.54,-0.4150241151737551,0.6522220089543828,-0.636323382952234,0.5330403357765886,0.6439361572265625,True,True
robot_repression,-1.53,-0.4120259924548246,0.648171153592149,-0.6356746827923248,0.533453087173785,0.6441726684570312,True,True
robot_repression,-1.52,-0.40902786973589417,0.6441212214486669,-0.6350169131455818,0.5338717890321453,0.64459228515625,True,True
robot_repression,-1.51,-0.40602974701696354,0.6400722300483964,-0.6343498873342205,0.534296567644277,0.6449050903320312,True,True
robot_repression,-1.5,-0.403031624298033,0.6360241973579239,-0.6336734136409375,0.5347275528196903,0.6452255249023438,True,True
robot_repression,-1.49,-0.40003350157910267,0.6319771417998555,-0.6329872951414303,0.5351648780054541,0.6456222534179688,True,True
robot_repression,-1.48,-0.39703537886017193,0.627931082267232,-0.6322913295303376,0.5356086804117443,0.645965576171875,True,True
robot_repression,-1.47,-0.3940372561412416,0.6238860381384882,-0.6315853089403075,0.536059101142522,0.6462936401367188,True,True
robot_repression,-1.46,-0.39103913342231084,0.6198420292929805,-0.6308690197538679,0.5365162853315822,0.6468124389648438,True,True
robot_repression,-1.45,-0.38804101070338054,0.6157990761271085,-0.6301422424077884,0.5369803822842196,0.6471405029296875,True,True
robot_repression,-1.44,-0.38504288798444997,0.6117571995710552,-0.629404751189573,0.5374515456247891,0.6475906372070312,True,True
robot_repression,-1.43,-0.38204476526551945,0.6077164211061759,-0.6286563140257343,0.5379299334504318,0.6481399536132812,True,True
robot_repression,-1.42,-0.37904664254658904,0.6036767627830617,-0.6278966922614576,0.5384157084912712,0.64862060546875,True,True
robot_repression,-1.41,-0.3760485198276585,0.5996382472403127,-0.6271256404312587,0.53890903827739,0.6491317749023438,True,True
robot_repression,-1.4,-0.373050397108728,0.5956008977240472,-0.626342906020214,0.5394100953129113,0.6496124267578125,True,True
robot_repression,-1.39,-0.3700522743897975,0.5915647381081862,-0.625548229215315,0.539919057257542,0.64996337890625,True,True
robot_repression,-1.38,-0.367054151670867,0.5875297929155441,-0.6247413426464828,0.540436107115937,0.6503448486328125,True,True
robot_repression,-1.37,-0.36405602895193656,0.5834960873397668,-0.6239219711167465,0.5409614334352724,0.6507415771484375,True,True
robot_repression,-1.36,-0.36105790623300615,0.5794636472681529,-0.6230898313210713,0.5414952305114407,0.6512527465820312,True,True
robot_repression,-1.35,-0.35805978351407547,0.5754324993054036,-0.6222446315532827,0.542037698604294,0.65185546875,True,True
robot_repression,-1.34,-0.35506166079514506,0.5714026707983396,-0.6213860714005203,0.5425890441623891,0.6521072387695312,True,True
robot_repression,-1.33,-0.35206353807621443,0.5673741898616355,-0.6205138414246012,0.5431494800577263,0.6525650024414062,True,True
robot_repression,-1.32,-0.349065415357284,0.563347085404618,-0.6196276228296655,0.5437192258309765,0.6528549194335938,True,True
robot_repression,-1.31,-0.34606729263835356,0.5593213871591789,-0.6187270871154177,0.5442985079477409,0.6533203125,True,True
robot_repression,-1.3,-0.34306916991942293,0.5552971257088563,-0.617811895715259,0.5448875600664135,0.653839111328125,True,True
robot_repression,-1.29,-0.34007104720049247,0.5512743325191423,-0.6168816996185542,0.5454866233182414,0.654296875,True,True
robot_repression,-1.28,-0.33707292448156206,0.5472530399690748,-0.6159361389762403,0.5460959466002239,0.6546707153320312,True,True
robot_repression,-1.27,-0.3340748017626315,0.5432332813841775,-0.6149748426889405,0.5467157868815197,0.65509033203125,True,True
robot_repression,-1.26,-0.3310766790437009,0.539215091070815,-0.6139974279766971,0.5473464095240739,0.6555328369140625,True,True
robot_repression,-1.25,-0.3280785563247706,0.5351985043520329,-0.6130034999293893,0.5479880886182223,0.6561279296875,True,True
robot_repression,-1.24,-0.32508043360584005,0.5311835576049562,-0.6119926510368455,0.548641107334072,0.6568450927734375,True,True
robot_repression,-1.23,-0.3220823108869095,0.5271702882998265,-0.6109644606976146,0.549305758289495,0.6574249267578125,True,True
robot_repression,-1.22,-0.319084188167979,0.5231587350407575,-0.6099184947052834,0.5499823439356457,0.658050537109375,True,True
robot_repression,-1.21,-0.3160860654490484,0.5191489376083016,-0.6088543047111764,0.5506711769609426,0.6585159301757812,True,True
robot_repression,-1.2,-0.31308794273011803,0.5151409370039137,-0.6077714276622116,0.551372580714526,0.6591949462890625,True,True
robot_repression,-1.19,-0.3100898200111874,0.511134775496416,-0.606669385212593,0.5520868896502621,0.6596755981445312,True,True
robot_repression,-1.18,-0.30709169729225694,0.5071304966705631,-0.6055476831079767,0.5528144497924231,0.6603927612304688,True,True
robot_repression,-1.17,-0.30409357457332636,0.5031281454778215,-0.6044058105406294,0.5535556192242567,0.660888671875,True,True
robot_repression,-1.16,-0.30109545185439596,0.499127768289474,-0.6032432394740512,0.554310768600711,0.661376953125,True,True
robot_repression,-1.15,-0.2980973291354655,0.4951294129521787,-0.6020594239354081,0.5550802816866857,0.661834716796875,True,True
robot_repression,-1.14,-0.29509920641653486,0.491133128846107,-0.6008537992740499,0.5558645559222394,0.6624069213867188,True,True
robot_repression,-1.13,-0.2921010836976045,0.48713896694580244,-0.5996257813842734,0.5566640030162944,0.6630401611328125,True,True
robot_repression,-1.12,-0.28910296097867394,0.4831469798839064,-0.5983747658903744,0.5574790495704632,0.663848876953125,True,True
robot_repression,-1.11,-0.2861048382597435,0.4791572220179043,-0.597100127291941,0.5583101377347297,0.664459228515625,True,True
robot_repression,-1.1,-0.2831067155408129,0.47516974950006013,-0.5958012180671806,0.5591577258968234,0.6650924682617188,True,True
robot_repression,-1.09,-0.2801085928218825,0.47118462035071107,-0.5944773677319788,0.5600222894072493,0.6657257080078125,True,True
robot_repression,-1.08,-0.2771104701029519,0.46720189453511096,-0.5931278818522142,0.5609043213420558,0.6665115356445312,True,True
robot_repression,-1.07,-0.27411234738402157,0.4632216340440172,-0.591752041006734,0.5618043333055533,0.6674041748046875,True,True
robot_repression,-1.06,-0.271114224665091,0.4592439029782335,-0.5903490996982073,0.5627228562753549,0.668121337890625,True,True
robot_repression,-1.05,-0.26811610194616053,0.4552687676373288,-0.5889182852089345,0.5636604414922384,0.6687545776367188,True,True
robot_repression,-1.04,-0.26511797922722996,0.4512962966127712,-0.5874587963984799,0.5646176613975217,0.6695098876953125,True,True
robot_repression,-1.03,-0.26211985650829944,0.44732656088572686,-0.5859698024398333,0.5655951106207899,0.6699981689453125,True,True
robot_repression,-1.02,-0.25912173378936904,0.44335963392979366,-0.5844504414905782,0.5665934070210215,0.6706008911132812,True,True
robot_repression,-1.01,-0.25612361107043846,0.4393955918189539,-0.5828998192953428,0.5676131927843477,0.6712112426757812,True,True
robot_repression,-1.0,-0.253125488351508,0.4354345133410489,-0.5813170077155793,0.5686551355818945,0.6720733642578125,True,True
robot_repression,-0.99,-0.2501273656325774,0.4314764801171005,-0.5797010431824561,0.569719929791392,0.6726150512695312,True,True
robot_repression,-0.98,-0.24712924291364693,0.42752157672682256,-0.5780509250684145,0.5708082977864682,0.6734466552734375,True,True
robot_repression,-0.97,-0.24413112019471644,0.42356989084068947,-0.5763656139726361,0.5719209912978159,0.6742630004882812,True,True
robot_repression,-0.96,-0.24113299747578587,0.41962151335895287,-0.5746440299153961,0.5730587928506911,0.6752090454101562,True,True
robot_repression,-0.95,-0.23813487475685535,0.4156765385580254,-0.5728850504359496,0.5742225172835044,0.6761474609375,True,True
robot_repression,-0.94,-0.2351367520379249,0.4117350642446725,-0.5710875085882787,0.575413013352583,0.67706298828125,True,True
robot_repression,-0.93,-0.23213862931899443,0.4077971919184912,-0.569250190828664,0.5766311654285178,0.6780166625976562,True,True
robot_repression,-0.92,-0.22914050660006394,0.4038630269431805,-0.5673718347886838,0.5778778952898777,0.6788177490234375,True,True
robot_repression,-0.91,-0.22614238388113347,0.3999326787271438,-0.5654511269268404,0.5791541640204534,0.67962646484375,True,True
robot_repression,-0.9,-0.2231442611622029,0.3960062609140023,-0.5634867000515971,0.5804609740166108,0.6802139282226562,True,True
robot_repression,-0.89,-0.22014613844327235,0.3920838915836356,-0.5614771307081685,0.5817993711117682,0.681121826171875,True,True
robot_repression,-0.88,-0.21714801572434195,0.3881656934644104,-0.5594209364209347,0.5831704468254835,0.682159423828125,True,True
robot_repression,-0.87,-0.21414989300541137,0.3842517941573005,-0.5573165727828592,0.5845753407451364,0.6831893920898438,True,True
robot_repression,-0.86,-0.2111517702864809,0.38034232637265264,-0.5551624303827762,0.5860152430487081,0.6844253540039062,True,True
robot_repression,-0.85,-0.2081536475675504,0.37643742818040526,-0.552956831560846,0.5874913971777467,0.6856231689453125,True,True
robot_repression,-0.84,-0.2051555248486199,0.37253724327461996,-0.5506980269819285,0.5890051026701716,0.6866302490234375,True,True
robot_repression,-0.83,-0.20215740212968936,0.36864192125325107,-0.5483841920159983,0.5905577181632332,0.6877975463867188,True,True
robot_repression,-0.82,-0.19915927941075887,0.3647516179141393,-0.5460134229141101,0.592150664577585,0.6889801025390625,True,True
robot_repression,-0.81,-0.19616115669182835,0.3608664955682858,-0.5435837327677578,0.5937854284941473,0.6903152465820312,True,True
robot_repression,-0.8,-0.19316303397289789,0.35698672337153986,-0.5410930472387911,0.5954635657361721,0.6915969848632812,True,True
robot_repression,-0.79,-0.19016491125396742,0.3531124776759103,-0.5385392000463445,0.5971867051697086,0.692718505859375,True,True
robot_repression,-0.78,-0.18716678853503688,0.34924394240179946,-0.5359199281965056,0.5989565527364641,0.69403076171875,True,True
robot_repression,-0.77,-0.1841686658161064,0.3453813094325485,-0.5332328669397026,0.6007748957339301,0.69549560546875,True,True
robot_repression,-0.76,-0.1811705430971759,0.34152477903278344,-0.5304755444400275,0.6026436073585022,0.6966629028320312,True,True
robot_repression,-0.75,-0.17817242037824538,0.3376745602921555,-0.5276453761399463,0.6045646515282495,0.6983871459960938,True,True
robot_repression,-0.74,-0.1751742976593149,0.33383087159618535,-0.5247396588030734,0.6065400880029137,0.7000656127929688,True,True
robot_repression,-0.73,-0.17217617494038429,0.3299939411260399,-0.5217555642169268,0.6085720778196829,0.7017822265625,True,True
robot_repression,-0.72,-0.16917805222145382,0.3261640073892015,-0.5186901325368463,0.6106628890642319,0.7028121948242188,True,True
robot_repression,-0.71,-0.16617992950252333,0.3223413197831284,-0.5155402652515333,0.6128149029975023,0.7037582397460938,True,True
robot_repression,-0.7,-0.16318180678359281,0.3185261391941553,-0.5123027177500385,0.6150306205596145,0.7042999267578125,True,True
robot_repression,-0.69,-0.16018368406466235,0.3147187386340365,-0.5089740914694256,0.6173126692732367,0.70574951171875,True,True
robot_repression,-0.68,-0.1571855613457319,0.3109194039167109,-0.5055508256018616,0.6196638105695746,0.707427978515625,True,True
robot_repression,-0.67,-0.15418743862680137,0.3071284343780399,-0.5020291883395411,0.6220869475609208,0.7097930908203125,True,True
robot_repression,-0.66,-0.15118931590787085,0.30334614364146506,-0.4984052676356636,0.6245851332843411,0.7114639282226562,True,True
robot_repression,-0.65,-0.1481911931889403,0.2995728604327334,-0.49467496145971945,0.627161579441585,0.7129745483398438,True,True
robot_repression,-0.64,-0.1451930704700098,0.2958089294470518,-0.4908339675256442,0.6298196656605534,0.7144012451171875,True,True
robot_repression,-0.63,-0.14219494775107933,0.2920547122722573,-0.4868777724720404,0.6325629493036797,0.7161712646484375,True,True
robot_repression,-0.62,-0.13919682503214884,0.28831058837182943,-0.4828016404747125,0.6353951758482143,0.7187957763671875,True,True
robot_repression,-0.61,-0.1361987023132183,0.2845769561318154,-0.4786006012733208,0.6383202898626081,0.7215042114257812,True,True
robot_repression,-0.6,-0.13320057959428777,0.28085423397600245,-0.47426943759611995,0.6413424466018505,0.7239151000976562,True,True
robot_repression,-0.59,-0.13020245687535734,0.2771428615539364,-0.46980267196966163,0.644466024242565,0.7258224487304688,True,True
robot_repression,-0.58,-0.12720433415642682,0.27344330100666364,-0.4651945529041391,0.6476956367758065,0.7278594970703125,True,True
robot_repression,-0.57,-0.12420621143749634,0.26975603831535755,-0.4604390404499247,0.651036147571569,0.730621337890625,True,True
robot_repression,-0.56,-0.12120808871856582,0.2660815847382748,-0.45552979112699377,0.6544926836238728,0.7336044311523438,True,True
robot_repression,-0.55,-0.1182099659996353,0.262420478341775,-0.4504601422366104,0.6580706504785765,0.7358551025390625,True,True
robot_repression,-0.54,-0.11521184328070479,0.25877328563141827,-0.4452230955741153,0.6617757478375632,0.7384109497070312,True,True
robot_repression,-0.53,-0.11221372056177434,0.2551406032894263,-0.4398113005732819,0.6656139858221902,0.7412338256835938,True,True
robot_repression,-0.52,-0.1092155978428438,0.2515230600250492,-0.434217036926821,0.6695917018655375,0.744110107421875,True,True
robot_repression,-0.51,-0.10621747512391327,0.24792131854460575,-0.4284321967447214,0.6737155781864488,0.7472457885742188,True,True
robot_repression,-0.5,-0.10321935240498283,0.24433607764815762,-0.42244826633264543,0.6779926597781147,0.7502212524414062,True,True
robot_repression,-0.49,-0.10022122968605228,0.24076807445991755,-0.4162563076972103,0.682430372819251,0.7534866333007812,True,True
robot_repression,-0.48,-0.0972231069671218,0.23721808679956416,-0.40984693991428156,0.6870365433860207,0.7569351196289062,True,True
robot_repression,-0.47,-0.09422498424819128,0.23368693570162197,-0.40321032053114164,0.6918194163068524,0.7606201171875,True,True
robot_repression,-0.46,-0.09122686152926081,0.23017548808993912,-0.39633612721444383,0.6967876739591188,0.7643356323242188,True,True
robot_repression,-0.45,-0.0882287388103303,0.22668465961403006,-0.3892135399040898,0.7019504547552052,0.7681045532226562,True,True
robot_repression,-0.44,-0.08523061609139974,0.22321541765360856,-0.3818312237896704,0.7073173710044248,0.7721481323242188,True,True
robot_repression,-0.43,-0.08223249337246924,0.21976878449698087,-0.3741773134919392,0.7128985257651753,0.776336669921875,True,True
robot_repression,-0.42,-0.07923437065353876,0.216345840698048,-0.3662393989081837,0.7187045282171203,0.780548095703125,True,True
robot_repression,-0.41,-0.07623624793460825,0.2129477286154262,-0.35800451326854676,0.7247465069843659,0.785430908203125,True,True
robot_repression,-0.4,-0.07323812521567775,0.20957565613556484,-0.3494591240516188,0.7310361207259437,0.7899627685546875,True,True
robot_repression,-0.39,-0.07024000249674724,0.20623090057965388,-0.34058912752319576,0.7375855651777126,0.7950363159179688,True,True
robot_repression,-0.38,-0.06724187977781676,0.202914812791469,-0.33137984779317087,0.744407575678521,0.8000106811523438,True,True
robot_repression,-0.37,-0.06424375705888626,0.19962882140001226,-0.32181604143299475,0.7515154240418221,0.8055496215820312,True,True
robot_repression,-0.36,-0.061245634339955765,0.19637443724675152,-0.31188190886066514,0.7589229084410937,0.8109130859375,True,True
robot_repression,-0.35,-0.05824751162102523,0.19315325796231855,-0.3015611138818507,0.766644334763237,0.8164901733398438,True,True
robot_repression,-0.34,-0.05524938890209474,0.1899669726715591,-0.2908368129738923,0.774694487649569,0.8223037719726562,True,True
robot_repression,-0.33,-0.052251266183164245,0.18681736679868674,-0.2796916961123314,0.783088589191545,0.8281631469726562,True,True
robot_repression,-0.32,-0.049253143464233755,0.1837063269358257,-0.26810804116419684,0.7918422429824356,0.8348236083984375,True,True
robot_repression,-0.31,-0.04625502074530325,0.180635845728275,-0.2560677841035121,0.8009713609541506,0.8414840698242188,True,True
robot_repression,-0.3,-0.04325689802637273,0.17760802671823459,-0.2435526075350042,0.8104920701610491,0.8483428955078125,True,True
robot_repression,-0.29,-0.04025877530744224,0.17462508907536844,-0.23054405023133012,0.8204205964252669,0.8552322387695312,True,True
robot_repression,-0.28,-0.037260652588511745,0.17168937212732438,-0.21702364058317683,0.8307731215517029,0.8625564575195312,True,True
robot_repression,-0.27,-0.034262529869581226,0.16880333958612495,-0.2029730570117079,0.8415656106827663,0.869842529296875,True,True
robot_repression,-0.26,-0.031264407150650736,0.16596958334719544,-0.1883743184752596,0.8528136063283981,0.8782119750976562,True,True
robot_repression,-0.25,-0.028266284431720225,0.163190826716804,-0.17321000818736343,0.8645319857190494,0.8871536254882812,True,True
robot_repression,-0.24,-0.025268161712789738,0.1604699269011035,-0.1574635335153005,0.876734678440206,0.8959426879882812,True,True
robot_repression,-0.23,-0.022270038993859223,0.15780987656619064,-0.14111942470545205,0.8894343418767287,0.9055328369140625,True,True
robot_repression,-0.22,-0.019271916274928733,0.15521380425428152,-0.12416367453603679,0.9026419928899764,0.9157791137695312,True,True
robot_repression,-0.21,-0.016273793555998204,0.15268497341714993,-0.10658412017754128,0.9163665954395975,0.9267349243164062,True,True
robot_repression,-0.2,-0.013275670837067698,0.1502267798056139,-0.08837086739292266,0.9306146056111516,0.938232421875,True,True
robot_repression,-0.19,-0.010277548118137204,0.14784274693468155,-0.06951675568283326,0.9453894777751847,0.9509506225585938,True,True
robot_repression,-0.18,-0.007279425399206708,0.14553651932995876,-0.050017861033922875,0.9606911384147079,0.9643478393554688,True,True
robot_repression,-0.17,-0.004281302680276193,0.14331185325445303,-0.029874030535873786,0.9765154375101716,0.9785537719726562,True,True
robot_repression,-0.16,-0.0012831799613457035,0.14117260461871337,-0.009089440297651132,0.9928535912028025,0.9934844970703125,True,True
robot_repression,-0.15,0.0017149427575847919,0.1391227137943209,0.012326835142967124,0.9903083663659489,0.9911346435546875,True,True
robot_repression,-0.14,0.004713065476515296,0.1371661870842109,0.034360257266769306,0.9729900998439556,0.9750900268554688,True,True
robot_repression,-0.13,0.0077111881954458,0.13530707465614739,0.056990280922428166,0.9552174318011053,0.9593353271484375,True,True
robot_repression,-0.12,0.01070931091437631,0.13354944482043718,0.08018985723808457,0.937022714463928,0.9433212280273438,True,True
robot_repression,-0.11,0.013707433633306801,0.13189735463135346,0.10392500798532613,0.918445082008603,0.9275131225585938,True,True
robot_repression,-0.1,0.016705556352237305,0.13035481691410683,0.12815449975465734,0.8995305507890636,0.9113616943359375,True,True
robot_repression,-0.09,0.019703679071167813,0.12892576396411565,0.15282964758426412,0.8803319365814033,0.8957061767578125,True,True
robot_repression,-0.08,0.022701801790098314,0.12761400832906503,0.17789427733951846,0.8609085623844518,0.8787155151367188,True,True
robot_repression,-0.07,0.02569992450902881,0.12642320126048767,0.203284873763603,0.8413257378073844,0.8604965209960938,True,True
robot_repression,-0.06,0.028698047227959315,0.12535678960131408,0.22893093640345175,0.8216540015818558,0.8413772583007812,True,True
robot_repression,-0.05,0.03169616994688981,0.12441797204747289,0.2547555584236322,0.8019681318619141,0.8209457397460938,True,True
robot_repression,-0.04,0.034694292665820324,0.12360965587171024,0.2806762337549763,0.7823459439005552,0.79913330078125,True,True
robot_repression,-0.03,0.03769241538475083,0.12293441531198164,0.3066058864728434,0.7628669101975764,0.7767868041992188,True,True
robot_repression,-0.02,0.040690538103681326,0.12239445289119195,0.3324541034539777,0.7436106527808747,0.753509521484375,True,True
robot_repression,-0.01,0.04368866082261184,0.12199156493802714,0.3581285381887353,0.724655369274758,0.7303848266601562,True,True
robot_repression,-0.0,0.046686783541542334,0.12172711251230287,0.38353644129054437,0.706076262302972,0.7075271606445312,True,True
robot_repression,0.01,0.049684906260472846,0.121601998800168,0.4085862629784684,0.687944044418452,0.6853561401367188,True,True
robot_repression,0.02,0.05268302897940334,0.12161665383847949,0.43318926575115524,0.6703235875780651,0.6647415161132812,True,True
robot_repression,0.03,0.05568115169833382,0.12177102716410132,0.4572610825011492,0.6532727773343645,0.64581298828125,True,True
robot_repression,0.04,0.05867927441726434,0.12206458867907317,0.4807231569144209,0.6368416182639663,0.6290969848632812,True,True
robot_repression,0.05,0.06167739713619485,0.12249633769726179,0.5035040091453571,0.6210716201585696,0.6150436401367188,True,True
robot_repression,0.06,0.06467551985512533,0.12306481981521424,0.5255402799292088,0.6059954760044777,0.6038360595703125,True,True
robot_repression,0.07,0.06767364257405585,0.12376815095217336,0.5467775195268643,0.5916370246875774,0.59503173828125,True,True
robot_repression,0.08,0.07067176529298635,0.12460404765154322,0.5671707029182618,0.5780114754001993,0.587799072265625,True,True
robot_repression,0.09,0.07366988801191687,0.1255698625436669,0.5866844680689062,0.5651258581859107,0.58172607421875,True,True
robot_repression,0.1,0.07666801073084738,0.12666262374663653,0.6052930885452565,0.5529796566760358,0.576416015625,True,True
robot_repression,0.11,0.07966613344977784,0.1278790769304654,0.6229802041275018,0.5415655750110983,0.5719528198242188,True,True
robot_repression,0.12,0.08266425616870837,0.12921572878660337,0.63973834257613,0.5308703908641246,0.5676193237304688,True,True
robot_repression,0.13,0.08566237888763888,0.130668890720697,0.655568271951899,0.5208758496896706,0.563934326171875,True,True
robot_repression,0.14,0.08866050160656938,0.132234721709395,0.6704782258430861,0.5115595609105504,0.55999755859375,True,True
robot_repression,0.15,0.0916586243254999,0.13390926941778183,0.6844830438103229,0.5028958637758665,0.5560302734375,True,True
robot_repression,0.16,0.09465674704443039,0.13568850884841466,0.6976032668335741,0.494856638209115,0.552001953125,True,True
robot_repression,0.17,0.09765486976336088,0.13756837797280225,0.7098642231768378,0.4874120434021602,0.5478668212890625,True,True
robot_repression,0.18,0.10065299248229137,0.1395448099704483,0.7212951345421365,0.48053117368324616,0.5425567626953125,True,True
robot_repression,0.19,0.1036511152012219,0.14161376186080413,0.7319282662874481,0.47418262697488694,0.5372848510742188,True,True
robot_repression,0.2,0.10664923792015239,0.14377123945389014,0.7417981393584396,0.46833498581328176,0.5315170288085938,True,True
robot_repression,0.21,0.10964736063908288,0.1460133186627383,0.7509408158330162,0.46295721441343024,0.5254745483398438,True,True
robot_repression,0.22,0.11264548335801337,0.14833616331415672,0.7593932648739531,0.45801897771707684,0.519622802734375,True,True
robot_repression,0.23,0.1156436060769439,0.15073603966431273,0.7671928115829549,0.4534908898948281,0.5138702392578125,True,True
robot_repression,0.24,0.11864172879587437,0.15320932787417874,0.7743766678051576,0.44934470055605197,0.5087356567382812,True,True
robot_repression,0.25,0.1216398515148049,0.1557525307296585,0.7809815413268413,0.4455534271201426,0.5039825439453125,True,True
robot_repression,0.26,0.1246379742337354,0.1583622799052479,0.7870433180698675,0.4420914415776426,0.499359130859375,True,True
robot_repression,0.27,0.1276360969526659,0.16103534007149561,0.7925968107124728,0.43893451935573513,0.49542236328125,True,True
robot_repression,0.28,0.13063421967159636,0.16376861113826316,0.7976755665425239,0.43605985731139685,0.49141693115234375,True,True
robot_repression,0.29,0.13363234239052685,0.16655912891051128,0.802311727160417,0.43344606709401984,0.487823486328125,True,True
robot_repression,0.3,0.1366304651094574,0.16940406441334355,0.8065359327866005,0.43107314931208485,0.48480224609375,True,True
robot_repression,0.31,0.1396285878283879,0.1723007221202264,0.810377264298168,0.42892245315076,0.48203277587890625,True,True
robot_repression,0.32,0.14262671054731837,0.17524653729418435,0.8138632166402955,0.426976625348688,0.47960662841796875,True,True
robot_repression,0.33,0.14562483326624895,0.17823907262750133,0.8170196978671882,0.42521955177014653,0.47763824462890625,True,True
robot_repression,0.34,0.14862295598517944,0.18127601434188886,0.8198710487140051,0.42363629421156423,0.47589874267578125,True,True
robot_repression,0.35,0.15162107870410993,0.18435516788880363,0.8224400782491884,0.4222130245610045,0.47440338134765625,True,True
robot_repression,0.36,0.1546192014230404,0.18747445336897642,0.8247481117799437,0.42093695798331027,0.4733428955078125,True,True
robot_repression,0.37,0.1576173241419709,0.19063190077146927,0.8268150477653976,0.41979628642701095,0.47222900390625,True,True
robot_repression,0.38,0.16061544686090146,0.1938256451157828,0.8286594210222128,0.41878011343528154,0.4712677001953125,True,True
robot_repression,0.39,0.16361356957983195,0.19705392156568394,0.8302984699814496,0.4178783909849665,0.47022247314453125,True,True
robot_repression,0.4,0.1666116922987625,0.20031506057044074,0.8317482061723139,0.41708185886764015,0.469512939453125,True,True
robot_repression,0.41,0.16960981501769293,0.20360748307791443,0.8330234844698138,0.41638198695796297,0.46912384033203125,True,True
robot_repression,0.42,0.17260793773662347,0.20692969585433196,0.834138072952713,0.41577092058071524,0.4693603515625,True,True
robot_repression,0.43,0.17560606045555396,0.2102802869373845,0.8351047214798811,0.41524142908317346,0.4694366455078125,True,True
robot_repression,0.44,0.17860418317448445,0.21365792124241598,0.8359352283121785,0.41478685763880824,0.469970703125,True,True
robot_repression,0.45,0.18160230589341497,0.21706133633572644,0.8366405042883024,0.4144010822472895,0.470428466796875,True,True
robot_repression,0.46,0.18460042861234546,0.2204893383842665,0.8372306342115544,0.4140784678507428,0.47069549560546875,True,True
robot_repression,0.47,0.1875985513312759,0.22394079828711658,0.8377149352247734,0.41381382945394357,0.47132110595703125,True,True
robot_repression,0.48,0.19059667405020647,0.22741464799099853,0.8381020120469576,0.41360239611406335,0.47200775146484375,True,True
robot_repression,0.49,0.19359479676913696,0.23090987698954707,0.838399809021165,0.4134397776515142,0.47260284423828125,True,True
robot_repression,0.5,0.19659291948806748,0.23442552900408486,0.838615658982439,0.41332193392555555,0.4735107421875,True,True
robot_repression,0.51,0.199591042206998,0.23796069884210203,0.838756328999672,0.41324514651526045,0.47364044189453125,True,True
robot_repression,0.52,0.2025891649259285,0.24151452942847432,0.8388280630790217,0.41320599264691826,0.47403717041015625,True,True
robot_repression,0.53,0.20558728764485898,0.24508620900359215,0.8388366219408361,0.41320132121211434,0.4747772216796875,True,True
robot_repression,0.54,0.20858541036378947,0.24867496848196602,0.8387873199988609,0.41322823072579934,0.475616455078125,True,True
robot_repression,0.55,0.21158353308272002,0.25228007896447235,0.8386850596812938,0.4132840490800287,0.47650146484375,True,True
robot_repression,0.56,0.2145816558016505,0.25590084939717034,0.8385343632392932,0.41336631495631293,0.47713470458984375,True,True
robot_repression,0.57,0.21757977852058097,0.2595366243695201,0.8383394021908743,0.413472760767256,0.4780731201171875,True,True
robot_repression,0.58,0.22057790123951146,0.2631867820448375,0.8381040245476044,0.4136012970061401,0.478729248046875,True,True
robot_repression,0.59,0.22357602395844198,0.26685073221591027,0.837831779968831,0.41374999789111444,0.4793853759765625,True,True
robot_repression,0.6,0.2265741466773725,0.27052791447885255,0.8375259429839136,0.41391708819853207,0.4799346923828125,True,True
robot_repression,0.61,0.22957226939630299,0.2742177965184729,0.8371895344175362,0.4141009311876162,0.480682373046875,True,True
robot_repression,0.62,0.23257039211523345,0.27791987249866656,0.8368253411470218,0.4143000175259683,0.48159027099609375,True,True
robot_repression,0.63,0.23556851483416397,0.28163366155160285,0.8364359343139154,0.4145129551324216,0.48247528076171875,True,True
robot_repression,0.64,0.23856663755309446,0.2853587063597496,0.8360236861052184,0.41473845986030833,0.48357391357421875,True,True
robot_repression,0.65,0.241564760272025,0.2890945718250622,0.8355907852126723,0.4149753469504042,0.484466552734375,True,True
robot_repression,0.66,0.24456288299095558,0.29284084381995207,0.8351392510715502,0.4152225231885805,0.48511505126953125,True,True
robot_repression,0.67,0.24756100570988604,0.2965971280149327,0.8346709469736407,0.4154789797085671,0.48595428466796875,True,True
robot_repression,0.68,0.2505591284288165,0.30036304877812525,0.8341875921425397,0.41574378538520484,0.486785888671875,True,True
robot_repression,0.69,0.253557251147747,0.3041382481420805,0.8336907728530606,0.4160160807681755,0.48731231689453125,True,True
robot_repression,0.7,0.25655537386667754,0.3079223848336401,0.8331819526705914,0.4162950725104309,0.48792266845703125,True,True
robot_repression,0.71,0.259553496585608,0.3117151333628161,0.8326624818805466,0.41658002824945906,0.48877716064453125,True,True
robot_repression,0.72,0.2625516193045385,0.3155161831669167,0.8321336061727189,0.4168702719031065,0.489654541015625,True,True
robot_repression,0.73,0.26554974202346904,0.31932523780637784,0.8315964746403306,0.4171651793449745,0.49050140380859375,True,True
robot_repression,0.74,0.26854786474239956,0.32314201420898425,0.8310521471489087,0.41746417442741324,0.4914398193359375,True,True
robot_repression,0.75,0.27154598746132996,0.3269662419593777,0.8305016011257421,0.41776672532291037,0.4924774169921875,True,True
robot_repression,0.76,0.2745441101802605,0.330797662630945,0.8299457378166426,0.4180723411571861,0.49324798583984375,True,True
robot_repression,0.77,0.277542232899191,0.3346360291573727,0.8293853880529654,0.4183805689096154,0.49405670166015625,True,True
robot_repression,0.78,0.2805403556181216,0.33848110524132763,0.8288213175683886,0.4186909905587108,0.4947357177734375,True,True
robot_repression,0.79,0.28353847833705204,0.3423326647978932,0.8282542319017318,0.41900322045231464,0.4957122802734375,True,True
robot_repression,0.8,0.2865366010559825,0.3461904914305446,0.8276847809191481,0.4193169028839086,0.4964752197265625,True,True
robot_repression,0.81,0.289534723774913,0.35005437793759486,0.8271135629862888,0.4196317098580502,0.49713134765625,True,True
robot_repression,0.82,0.29253284649384353,0.3539241258471797,0.8265411288185418,0.4199473390294087,0.49799346923828125,True,True
robot_repression,0.83,0.29553096921277405,0.3577995449789775,0.8259679850351347,0.42026351180119453,0.49864959716796875,True,True
robot_repression,0.84,0.29852909193170446,0.36168045303098095,0.8253945974407773,0.4205799715700051,0.49945831298828125,True,True
robot_repression,0.85,0.30152721465063503,0.3655666751897488,0.8248213940565731,0.42089648210520475,0.5002899169921875,True,True
robot_repression,0.86,0.3045253373695655,0.36945804376266883,0.8242487679201415,0.42121282605198024,0.5010986328125,True,True
robot_repression,0.87,0.307523460088496,0.3733543978308656,0.8236770796732603,0.42152880354811534,0.501800537109375,True,True
robot_repression,0.88,0.3105215828074266,0.3772555829214693,0.8231066599538321,0.4218442309453899,0.5024871826171875,True,True
robot_repression,0.89,0.31351970552635705,0.3811614506980556,0.8225378116076006,0.4221589396272594,0.5032119750976562,True,True
robot_repression,0.9,0.3165178282452876,0.3850718586681377,0.8219708117337879,0.42247277491517526,0.5041122436523438,True,True
robot_repression,0.91,0.31951595096421814,0.3889866699066711,0.8214059135776531,0.4227855950565487,0.5048446655273438,True,True
robot_repression,0.92,0.32251407368314866,0.3929057527945956,0.8208433482819314,0.42309727028793603,0.5054855346679688,True,True
robot_repression,0.93,0.3255121964020791,0.39682898077150763,0.8202833265081202,0.42340768196756035,0.5060806274414062,True,True
robot_repression,0.94,0.32851031912100953,0.4007562321016088,0.8197260399377099,0.42371672177177006,0.50665283203125,True,True
robot_repression,0.95,0.33150844183994,0.40468738965213985,0.8191716626626225,0.4240242909504737,0.5070266723632812,True,True
robot_repression,0.96,0.33450656455887073,0.4086223406835538,0.8186203524733858,0.4243302996370048,0.5078582763671875,True,True
robot_repression,0.97,0.3375046872778011,0.41256097665073604,0.8180722520528747,0.424634666208235,0.5084762573242188,True,True
robot_repression,0.98,0.34050280999673155,0.4165031930146168,0.8175274900828478,0.42493731669108675,0.5088348388671875,True,True
robot_repression,0.99,0.34350093271566207,0.4204488890635727,0.8169861822698836,0.4252381842119284,0.50933837890625,True,True
robot_repression,1.0,0.34649905543459253,0.4243979677440422,0.8164484322968504,0.4255372084855911,0.510040283203125,True,True
robot_repression,1.01,0.34949717815352305,0.4283503354998253,0.8159143327055141,0.42583433534102594,0.5107192993164062,True,True
robot_repression,1.02,0.3524953008724536,0.4323059021195663,0.815383965715465,0.4261295162808534,0.5114517211914062,True,True
robot_repression,1.03,0.3554934235913841,0.4362645805919505,0.8148574039841346,0.4264227080722688,0.51202392578125,True,True
robot_repression,1.04,0.3584915463103146,0.44022628696817745,0.8143347113122956,0.42671387236697306,0.5125198364257812,True,True
robot_repression,1.05,0.3614896690292451,0.4441909402312985,0.8138159432990927,0.42700297534798476,0.5130157470703125,True,True
robot_repression,1.06,0.36448779174817564,0.4481584621720327,0.8133011479503454,0.42728998740134544,0.5135955810546875,True,True
robot_repression,1.07,0.3674859144671062,0.4521287772706983,0.8127903662435653,0.4275748828108965,0.5142898559570312,True,True
robot_repression,1.08,0.3704840371860365,0.45610181258492205,0.8122836326528646,0.4278576394744411,0.5149154663085938,True,True
robot_repression,1.09,0.3734821599049672,0.46007749764280514,0.8117809756366985,0.4281382386397355,0.5154876708984375,True,True
robot_repression,1.1,0.37648028262389766,0.4640557643412467,0.8112824180911374,0.42841666465887424,0.5159912109375,True,True
robot_repression,1.11,0.37947840534282823,0.4680365468491442,0.8107879777711895,0.4286929047597426,0.5164947509765625,True,True
robot_repression,1.12,0.3824765280617586,0.4720197815152062,0.8102976676824657,0.4289669488333115,0.516998291015625,True,True
robot_repression,1.13,0.385474650780689,0.47600540678012676,0.8098114964453437,0.42923878923564146,0.5176773071289062,True,True
robot_repression,1.14,0.3884727734996195,0.4799933630928913,0.8093294686335899,0.4295084206035478,0.5179901123046875,True,True
robot_repression,1.15,0.39147089621855014,0.4839835928309903,0.8088515850892778,0.4297758396829607,0.51849365234375,True,True
robot_repression,1.16,0.39446901893748054,0.4879760402243359,0.8083778432156882,0.4300410451690786,0.51910400390625,True,True
robot_repression,1.17,0.3974671416564111,0.4919706512826866,0.8079082372497588,0.43030403755749136,0.5196380615234375,True,True
robot_repression,1.18,0.4004652643753416,0.49596737372639565,0.8074427585155257,0.4305648190054979,0.5202407836914062,True,True
robot_repression,1.19,0.40346338709427215,0.4999661569203108,0.8069813956599063,0.4308233932029124,0.5207901000976562,True,True
robot_repression,1.2,0.4064615098132026,0.5039669518106625,0.8065241348720578,0.43107976525169484,0.5211181640625,True,True
robot_repression,1.21,0.40945963253213324,0.5079697108647876,0.8060709600874687,0.43133394155379584,0.5216217041015625,True,True
robot_repression,1.22,0.41245775525106365,0.5119743880135416,0.8056218531778474,0.43158592970664833,0.5219497680664062,True,True
robot_repression,1.23,0.41545587796999417,0.5159809385962664,0.8051767941277984,0.4318357384057803,0.5222625732421875,True,True
robot_repression,1.24,0.41845400068892474,0.5199893193081825,0.8047357611992012,0.4320833773540606,0.52264404296875,True,True
robot_repression,1.25,0.4214521234078552,0.5239994881500833,0.8042987310841483,0.4323288571771221,0.5231246948242188,True,True
robot_repression,1.26,0.42445024612678567,0.5280114043802187,0.8038656790472294,0.432572189344543,0.5236434936523438,True,True
robot_repression,1.27,0.42744836884571613,0.5320250284682587,0.8034365790578933,0.4328133860963977,0.5239791870117188,True,True
robot_repression,1.28,0.43044649156464676,0.536040322051235,0.8030114039135744,0.43305246037480793,0.5243759155273438,True,True
robot_repression,1.29,0.43344461428357717,0.540057247891361,0.8025901253542101,0.4332894257601619,0.524810791015625,True,True
robot_repression,1.3,0.4364427370025078,0.5440757698356448,0.8021727141687436,0.433524296411685,0.5252761840820312,True,True
robot_repression,1.31,0.4394408597214382,0.5480958527772012,0.8017591402941506,0.4337570870120705,0.5255813598632812,True,True
robot_repression,1.32,0.44243898244036867,0.5521174626181864,0.801349372907509,0.43398781271589637,0.5259628295898438,True,True
robot_repression,1.33,0.4454371051592992,0.5561405662342758,0.8009433805115693,0.4342164891015818,0.5261917114257812,True,True
robot_repression,1.34,0.44843522787822976,0.5601651314406105,0.800541131014281,0.43444313212663876,0.5265960693359375,True,True
robot_repression,1.35,0.4514333505971602,0.5641911269591463,0.8001425918026693,0.43466775808600805,0.5269088745117188,True,True
robot_repression,1.36,0.45443147331609074,0.5682185223873344,0.7997477298114561,0.43489038357326826,0.527313232421875,True,True
robot_repression,1.37,0.45742959603502126,0.5722472881680778,0.7993565115867656,0.43511102544453617,0.52764892578125,True,True
robot_repression,1.38,0.46042771875395166,0.576277395560898,0.7989689033452573,0.43532970078487077,0.52801513671875,True,True
robot_repression,1.39,0.4634258414728823,0.5803088166142607,0.798584871028985,0.43554642687702483,0.528289794921875,True,True
robot_repression,1.4,0.4664239641918126,0.5843415241390046,0.79820438035627,0.43576122117238564,0.5285568237304688,True,True
robot_repression,1.41,0.46942208691074333,0.5883754916828244,0.7978273968688598,0.43597410126395825,0.5289306640625,True,True
robot_repression,1.42,0.47242020962967357,0.5924106935057597,0.7974538859756091,0.43618508486126983,0.5293426513671875,True,True
robot_repression,1.43,0.4754183323486042,0.5964471045566441,0.7970838129929326,0.436394189767049,0.5296478271484375,True,True
robot_repression,1.44,0.4784164550675348,0.6004847004504715,0.7967171431822266,0.4366014338555853,0.5299453735351562,True,True
robot_repression,1.45,0.48141457778646507,0.6045234574466406,0.7963538417844738,0.43680683505264584,0.5303726196289062,True,True
robot_repression,1.46,0.4844127005053958,0.6085633524280335,0.7959938740522182,0.4370104113168492,0.5306472778320312,True,True
robot_repression,1.47,0.4874108232243262,0.6126043628808997,0.7956372052790731,0.43721218062241046,0.5308990478515625,True,True
robot_repression,1.48,0.49040894594325674,0.616646466875501,0.7952838008269474,0.43741216094315455,0.5311965942382812,True,True
robot_repression,1.49,0.49340706866218725,0.6206896430474921,0.7949336261511201,0.43761037023772714,0.5315017700195312,True,True
robot_repression,1.5,0.4964051913811177,0.6247338705799991,0.7945866468233237,0.4378068264359183,0.5317535400390625,True,True
robot_repression,1.51,0.4994033141000483,0.6287791291863704,0.7942428285529576,0.43800154742603054,0.532196044921875,True,True
robot_repression,1.52,0.5024014368189786,0.6328253990935672,0.7939021372065622,0.4381945510432205,0.5325775146484375,True,True
robot_repression,1.53,0.505399559537909,0.6368726610261697,0.7935645388256691,0.4383858550587526,0.5329208374023438,True,True
robot_repression,1.54,0.5083976822568398,0.6409208961909694,0.793229999643134,0.4385754771701041,0.533203125,True,True
robot_repression,1.55,0.5113958049757703,0.6449700862621269,0.7928984860980518,0.4387634349918699,0.5335845947265625,True,True
robot_repression,1.56,0.5143939276947008,0.6490202133668681,0.7925699648493569,0.43894974604740866,0.5338516235351562,True,True
robot_repression,1.57,0.5173920504136311,0.6530712600716969,0.7922444027881883,0.4391344277611867,0.534149169921875,True,True
robot_repression,1.58,0.5203901731325619,0.6571232093691044,0.7919217670491077,0.43931749745177373,0.5343704223632812,True,True
robot_repression,1.59,0.5233882958514923,0.6611760446647542,0.7916020250202402,0.43949897232544727,0.5347747802734375,True,True
robot_repression,1.6,0.5263864185704228,0.6652297497651212,0.791285144352427,0.43967886947036317,0.5351638793945312,True,True
robot_repression,1.61,0.5293845412893533,0.6692843088655684,0.7909710929674354,0.43985720585126054,0.5355377197265625,True,True
robot_repression,1.62,0.5323826640082838,0.6733397065388441,0.7906598390653075,0.4400339983046609,0.5358047485351562,True,True
robot_repression,1.63,0.5353807867272141,0.6773959277239796,0.790351351130896,0.4402092635345331,0.53607177734375,True,True
robot_repression,1.64,0.5383789094461447,0.6814529577155745,0.790045597939651,0.44038301810838887,0.536376953125,True,True
robot_repression,1.65,0.5413770321650753,0.685510782153452,0.7897425485626974,0.44055527845378617,0.5366439819335938,True,True
robot_repression,1.66,0.5443751548840058,0.6895693870126701,0.7894421723712678,0.4407260608552064,0.5368804931640625,True,True
robot_repression,1.67,0.5473732776029365,0.6936287585938757,0.7891444390405202,0.4408953814512866,0.5371170043945312,True,True
robot_repression,1.68,0.5503714003218667,0.6976888835139855,0.7888493185527934,0.4410632562323801,0.53741455078125,True,True
robot_repression,1.69,0.5533695230407975,0.7017497486971845,0.7885567812003373,0.44122970103842246,0.5377349853515625,True,True
robot_repression,1.7,0.5563676457597277,0.7058113413662259,0.7882667975875497,0.4413947315570856,0.5379791259765625,True,True
robot_repression,1.71,0.5593657684786583,0.7098736490340232,0.7879793386327666,0.441558363322195,0.5382537841796875,True,True
robot_repression,1.72,0.5623638911975889,0.7139366594955237,0.7876943755696227,0.4417206117123999,0.538543701171875,True,True
robot_repression,1.73,0.5653620139165193,0.7180003608198497,0.7874118799480266,0.44188149195007076,0.5388946533203125,True,True
robot_repression,1.74,0.5683601366354498,0.7220647413427003,0.7871318236347723,0.4420410191004133,0.5393142700195312,True,True
robot_repression,1.75,0.5713582593543803,0.7261297896590018,0.7868541788138126,0.44219920807078367,0.5396270751953125,True,True
robot_repression,1.76,0.5743563820733107,0.7301954946157989,0.7865789179862239,0.4423560736101885,0.5398178100585938,True,True
robot_repression,1.77,0.5773545047922414,0.7342618453053753,0.7863060139698842,0.4425116303089576,0.5401077270507812,True,True
robot_repression,1.78,0.5803526275111718,0.7383288310585998,0.7860354398988793,0.4426658925985804,0.5404586791992188,True,True
robot_repression,1.79,0.5833507502301023,0.7423964414384818,0.7857671692226736,0.44281887475168696,0.5407333374023438,True,True
robot_repression,1.8,0.5863488729490327,0.746464666233937,0.7855011757050465,0.4429705908821699,0.5409469604492188,True,True
robot_repression,1.81,0.5893469956679632,0.75053349545375,0.7852374334228237,0.4431210549454339,0.5412445068359375,True,True
robot_repression,1.82,0.592345118386894,0.7546029193207276,0.7849759167644175,0.4432702807387634,0.5415878295898438,True,True
robot_repression,1.83,0.5953432411058246,0.7586729282660376,0.7847166004281894,0.44341828190180055,0.5417633056640625,True,True
robot_repression,1.84,0.5983413638247549,0.7627435129237242,0.7844594594206534,0.4435650719171228,0.5419540405273438,True,True
robot_repression,1.85,0.6013394865436856,0.7668146641253943,0.7842044690545339,0.44371066411091314,0.542205810546875,True,True
robot_repression,1.86,0.6043376092626157,0.7708863728950714,0.7839516049466795,0.44385507165372157,0.5424728393554688,True,True
robot_repression,1.87,0.6073357319815463,0.7749586304442035,0.78370084301587,0.4439983075612962,0.5427780151367188,True,True
robot_repression,1.88,0.610333854700477,0.7790314281668305,0.7834521594804944,0.4441403846954972,0.5430145263671875,True,True
robot_repression,1.89,0.6133319774194073,0.7831047576348947,0.7832055308561409,0.444281315765269,0.5432968139648438,True,True
robot_repression,1.9,0.6163301001383379,0.7871786105936958,0.7829609339530926,0.4444211133276766,0.543487548828125,True,True
robot_repression,1.91,0.6193282228572682,0.7912529789574858,0.7827183458737346,0.4445597897889994,0.5435791015625,True,True
robot_repression,1.92,0.622326345576199,0.795327854805192,0.7824777440098989,0.4446973574058696,0.5437698364257812,True,True
robot_repression,1.93,0.6253244682951294,0.799403230376273,0.7822391060401319,0.44483382828646384,0.5439834594726562,True,True
robot_repression,1.94,0.6283225910140596,0.8034790980666967,0.7820024099269134,0.44496921439172965,0.5441436767578125,True,True
robot_repression,1.95,0.6313207137329901,0.8075554504250364,0.7817676339138203,0.4451035275366525,0.5443115234375,True,True
robot_repression,1.96,0.6343188364519209,0.8116322801486849,0.781534756522644,0.44523677939155665,0.54449462890625,True,True
robot_repression,1.97,0.6373169591708514,0.8157095800801795,0.7813037565504709,0.44536898148343523,0.5447158813476562,True,True
robot_repression,1.98,0.6403150818897821,0.8197873432036331,0.7810746130667322,0.44550014519730596,0.544921875,True,True
robot_repression,1.99,0.6433132046087123,0.8238655626412721,0.7808473054102203,0.4456302817775926,0.54510498046875,True,True
robot_repression,2.0,0.6463113273276431,0.8279442316500711,0.7806218131860905,0.4457594023295231,0.54534912109375,True,True
robot_repression,2.01,0.6493094500465731,0.8320233436184908,0.7803981162628318,0.44588751782055214,0.5456771850585938,True,True
robot_repression,2.02,0.6523075727655038,0.8361028920633028,0.7801761947692395,0.4460146390817903,0.5458526611328125,True,True
robot_repression,2.03,0.6553056954844343,0.8401828706265106,0.7799560290913614,0.4461407768094554,0.54608154296875,True,True
robot_repression,2.04,0.658303818203365,0.8442632730723564,0.7797375998694498,0.44626594156632676,0.54620361328125,True,True
robot_repression,2.05,0.6613019409222953,0.8483440932844123,0.7795208879949024,0.4463901437832128,0.546417236328125,True,True
robot_repression,2.06,0.6643000636412258,0.8524253252627555,0.7793058746072085,0.44651339376042326,0.5466232299804688,True,True
robot_repression,2.07,0.6672981863601565,0.8565069631212211,0.7790925410908937,0.44663570166924693,0.5467758178710938,True,True
robot_repression,2.08,0.6702963090790872,0.8605890010847328,0.778880869072472,0.44675707755343347,0.5469589233398438,True,True
robot_repression,2.09,0.6732944317980173,0.8646714334867082,0.778670840417405,0.4468775313306756,0.5471420288085938,True,True
robot_repression,2.1,0.676292554516948,0.8687542547665356,0.7784624372270744,0.4469970727940914,0.5473480224609375,True,True
robot_repression,2.11,0.6792906772358784,0.8728374594671208,0.7782556418357602,0.44711571161370783,0.5475540161132812,True,True
robot_repression,2.12,0.6822887999548091,0.8769210422325013,0.7780504368076405,0.44723345733793907,0.54779052734375,True,True
robot_repression,2.13,0.6852869226737395,0.8810049978055254,0.7778468049338023,0.4473503193950629,0.5480117797851562,True,True
robot_repression,2.14,0.6882850453926701,0.8850893210255961,0.7776447292292722,0.44746630709469304,0.5481948852539062,True,True
robot_repression,2.15,0.6912831681116005,0.8891740068264743,0.7774441929300651,0.4475814296292448,0.5483169555664062,True,True
robot_repression,2.16,0.694281290830531,0.8932590502341426,0.7772451794902552,0.4476956960753943,0.54852294921875,True,True
robot_repression,2.17,0.6972794135494612,0.8973444463647264,0.777047672579066,0.4478091153955324,0.5487518310546875,True,True
robot_repression,2.18,0.7002775362683921,0.9014301904224705,0.7768516560779878,0.4479216964392071,0.5488204956054688,True,True
robot_repression,2.19,0.7032756589873225,0.9055162776977699,0.7766571140779113,0.44803344794456146,0.5489654541015625,True,True
robot_repression,2.2,0.706273781706253,0.9096027035652529,0.7764640308762962,0.44814437853975836,0.549163818359375,True,True
robot_repression,2.21,0.7092719044251835,0.9136894634819145,0.7762723909743573,0.4482544967443976,0.5493621826171875,True,True
robot_repression,2.22,0.7122700271441139,0.9177765529853005,0.7760821790742806,0.44836381097092143,0.5496444702148438,True,True
robot_repression,2.23,0.7152681498630444,0.9218639676917361,0.7758933800764674,0.44847232952600957,0.5496902465820312,True,True
robot_repression,2.24,0.7182662725819748,0.9259517032946051,0.7757059790768028,0.44858006061196304,0.5499725341796875,True,True
robot_repression,2.25,0.7212643953009056,0.9300397555626689,0.7755199613639576,0.44868701232807384,0.5502395629882812,True,True
robot_repression,2.26,0.724262518019836,0.9341281203384344,0.775335312416712,0.4487931926719869,0.550323486328125,True,True
robot_repression,2.27,0.7272606407387664,0.9382167935365602,0.7751520179013154,0.448898609541045,0.5503616333007812,True,True
robot_repression,2.28,0.7302587634576968,0.9423057711423034,0.7749700636688724,0.4490032707336225,0.550537109375,True,True
robot_repression,2.29,0.7332568861766274,0.9463950492100099,0.7747894357527582,0.449107183950447,0.5506744384765625,True,True
robot_repression,2.3,0.7362550088955582,0.9504846238616393,0.7746101203660647,0.4492103567959054,0.5508651733398438,True,True
robot_repression,2.31,0.7392531316144886,0.9545744912853301,0.7744321038990762,0.44931279677934,0.5510330200195312,True,True
robot_repression,2.32,0.7422512543334189,0.958664647733998,0.7742553729167787,0.44941451131632526,0.5512008666992188,True,True
robot_repression,2.33,0.7452493770523494,0.9627550895239732,0.7740799141563949,0.44951550772993637,0.5514068603515625,True,True
robot_repression,2.34,0.7482474997712798,0.9668458130336687,0.7739057145249523,0.4496157932520005,0.5516281127929688,True,True
robot_repression,2.35,0.7512456224902105,0.9709368147022839,0.7737327610968827,0.44971537502433473,0.5518569946289062,True,True
robot_repression,2.36,0.7542437452091411,0.9750280910285394,0.7735610411116495,0.44981426009997,0.552001953125,True,True
robot_repression,2.37,0.7572418679280714,0.9791196385694438,0.7733905419714081,0.449912455444361,0.5521621704101562,True,True
robot_repression,2.38,0.7602399906470019,0.9832114539390892,0.7732212512386979,0.4500099679365796,0.552276611328125,True,True
robot_repression,2.39,0.7632381133659324,0.9873035338074793,0.7730531566341594,0.45010680437049766,0.5524368286132812,True,True
robot_repression,2.4,0.7662362360848629,0.9913958748993834,0.7728862460342879,0.4502029714559526,0.5526275634765625,True,True
robot_repression,2.41,0.7692343588037935,0.9954884739932206,0.7727205074692126,0.45029847581989935,0.5527877807617188,True,True
robot_repression,2.42,0.7722324815227237,0.9995813279199686,0.7725559291205092,0.45039332400754795,0.5529708862304688,True,True
robot_repression,2.43,0.7752306042416547,1.0036744335621004,0.7723924993190422,0.45048752248348584,0.5531539916992188,True,True
robot_repression,2.44,0.7782287269605849,1.007767787852548,0.7722302065428309,0.45058107763279015,0.5533065795898438,True,True
robot_repression,2.45,0.7812268496795154,1.0118613877736875,0.7720690394149562,0.45067399576211814,0.5534133911132812,True,True
robot_repression,2.46,0.7842249723984458,1.0159552303563508,0.7719089867014862,0.4507662831007904,0.5535888671875,True,True
robot_repression,2.47,0.7872230951173765,1.020049312678862,0.7717500373094364,0.45085794580185573,0.5537872314453125,True,True
robot_repression,2.48,0.7902212178363066,1.0241436318660928,0.7715921802847555,0.45094898994314553,0.5539016723632812,True,True
robot_repression,2.49,0.7932193405552372,1.0282381850885436,0.7714354048103471,0.4510394215283079,0.5540237426757812,True,True
robot_repression,2.5,0.7962174632741678,1.0323329695614458,0.7712797002041073,0.4511292464878371,0.55413818359375,True,True
robot_repression,2.51,0.7992155859930984,1.0364279825438825,0.7711250559170034,0.4512184706800797,0.5542373657226562,True,True
robot_repression,2.52,0.8022137087120288,1.040523221337934,0.7709714615311707,0.45130709989223405,0.5543365478515625,True,True
robot_repression,2.53,0.8052118314309596,1.0446186832878395,0.7708189067580439,0.45139513984133167,0.5544509887695312,True,True
robot_repression,2.54,0.8082099541498899,1.0487143657791798,0.7706673814365091,0.45148259617520825,0.5546112060546875,True,True
robot_repression,2.55,0.8112080768688205,1.0528102662380787,0.7705168755310909,0.45156947447345824,0.5547943115234375,True,True
robot_repression,2.56,0.8142061995877509,1.0569063821304232,0.7703673791301575,0.45165578024837943,0.5549545288085938,True,True
robot_repression,2.57,0.8172043223066815,1.0610027109611009,0.7702188824441584,0.4517415189459014,0.5550994873046875,True,True
robot_repression,2.58,0.8202024450256122,1.0650992502732552,0.7700713758038851,0.45182669594650365,0.5552139282226562,True,True
robot_repression,2.59,0.8232005677445424,1.069195997647557,0.7699248496587593,0.45191131656611794,0.5553436279296875,True,True
robot_repression,2.6,0.8261986904634729,1.073292950701493,0.7697792945751467,0.45199538605701983,0.555450439453125,True,True
robot_repression,2.61,0.8291968131824037,1.077390107088672,0.7696347012346927,0.4520789096087082,0.5554885864257812,True,True
robot_repression,2.62,0.832194935901334,1.0814874644981427,0.7694910604326872,0.45216189234876925,0.555633544921875,True,True
robot_repression,2.63,0.8351930586202645,1.0855850206537314,0.7693483630764519,0.45224433934373126,0.5557861328125,True,True
robot_repression,2.64,0.8381911813391949,1.0896827733133911,0.7692066001837512,0.4523262555999063,0.5558624267578125,True,True
robot_repression,2.65,0.8411893040581255,1.0937807202685657,0.7690657628812299,0.45240764606421746,0.5559463500976562,True,True
robot_repression,2.66,0.8441874267770563,1.0978788593435713,0.7689258424028688,0.45248851562501885,0.5560455322265625,True,True
robot_repression,2.67,0.8471855494959862,1.1019771883949863,0.76878683008847,0.45256886911289895,0.5561981201171875,True,True
robot_repression,2.68,0.8501836722149172,1.1060757053110593,0.7686487173821632,0.45264871130147466,0.5562744140625,True,True
robot_repression,2.69,0.8531817949338476,1.1101744080111255,0.7685114958309303,0.4527280469081749,0.5564117431640625,True,True
robot_repression,2.7,0.8561799176527781,1.1142732944450429,0.7683751570831583,0.45280688059501034,0.5565643310546875,True,True
robot_repression,2.71,0.8591780403717085,1.1183723625926314,0.7682396928872117,0.45288521696933265,0.5566482543945312,True,True
robot_repression,2.72,0.8621761630906388,1.1224716104631327,0.7681050950900257,0.4529630605845847,0.5566940307617188,True,True
robot_repression,2.73,0.8651742858095695,1.1265710360946761,0.767971355635723,0.4530404159410362,0.5568008422851562,True,True
robot_repression,2.74,0.8681724085285002,1.1306706375537596,0.7678384665642487,0.45311728748651253,0.5568313598632812,True,True
robot_repression,2.75,0.8711705312474304,1.134770412934739,0.7677064200100288,0.4531936796171099,0.556976318359375,True,True
robot_repression,2.76,0.8741686539663611,1.1388703603593293,0.7675752082006497,0.45326959667789923,0.5570831298828125,True,True
robot_repression,2.77,0.8771667766852914,1.1429704779761198,0.7674448234555522,0.4533450429636257,0.5571975708007812,True,True
robot_repression,2.78,0.880164899404222,1.147070763960092,0.7673152581847549,0.4534200227193888,0.5572891235351562,True,True
robot_repression,2.79,0.8831630221231527,1.1511712165121568,0.7671865048875864,0.4534945401413215,0.5573883056640625,True,True
robot_repression,2.8,0.8861611448420829,1.155271833858693,0.7670585561514466,0.45356859937725236,0.5575714111328125,True,True
robot_repression,2.81,0.8891592675610136,1.1593726142511023,0.7669314046505806,0.45364220452736165,0.5576858520507812,True,True
robot_repression,2.82,0.8921573902799439,1.1634735559653697,0.7668050431448727,0.45371535964482756,0.55780029296875,True,True
robot_repression,2.83,0.8951555129988747,1.1675746573016343,0.7666794644786623,0.45378806873646055,0.5578689575195312,True,True
robot_repression,2.84,0.8981536357178053,1.1716759165837682,0.766554661579572,0.4538603357633308,0.5579071044921875,True,True
robot_repression,2.85,0.9011517584367355,1.1757773321589675,0.7664306274573576,0.45393216464138686,0.5580368041992188,True,True
robot_repression,2.86,0.9041498811556661,1.1798789023973448,0.7663073552027782,0.45400355924206004,0.5581207275390625,True,True
robot_repression,2.87,0.9071480038745964,1.1839806256915384,0.7661848379864747,0.45407452339286736,0.55816650390625,True,True
robot_repression,2.88,0.9101461265935272,1.1880825004563231,0.7660630690578768,0.4541450608779991,0.5582733154296875,True,True
robot_repression,2.89,0.9131442493124577,1.1921845251282335,0.7659420417441154,0.45421517543890244,0.5582809448242188,True,True
robot_repression,2.9,0.9161423720313882,1.1962866981651898,0.7658217494489621,0.4542848707748522,0.5583953857421875,True,True
robot_repression,2.91,0.9191404947503188,1.2003890180461387,0.765702185651777,0.45435415054351724,0.5584869384765625,True,True
robot_repression,2.92,0.9221386174692492,1.2044914832706923,0.7655833439064771,0.4544230183615143,0.558563232421875,True,True
robot_repression,2.93,0.9251367401881796,1.2085940923587835,0.7654652178405182,0.45449147780495786,0.5587615966796875,True,True
robot_repression,2.94,0.9281348629071101,1.212696843850321,0.7653478011538939,0.4545595324099984,0.5588607788085938,True,True
robot_repression,2.95,0.9311329856260405,1.2167997363048564,0.7652310876181476,0.45462718567335525,0.5589752197265625,True,True
robot_repression,2.96,0.9341311083449712,1.2209027683012534,0.7651150710754041,0.4546944410528385,0.5590362548828125,True,True
robot_repression,2.97,0.9371292310639019,1.2250059384373695,0.7649997454374089,0.4547613019678671,0.5591888427734375,True,True
robot_repression,2.98,0.9401273537828321,1.2291092453297372,0.7648851046845889,0.4548277717999764,0.5593109130859375,True,True
robot_repression,2.99,0.9431254765017627,1.233212687613256,0.7647711428651254,0.45489385389331805,0.5594329833984375,True,True
robot_repression,3.0,0.946123599220693,1.2373162639408908,0.7646578540940373,0.45495955155515533,0.5595703125,True,True
robot_repression,3.01,0.9491217219396236,1.2414199729833724,0.7645452325522849,0.4550248680563481,0.5597152709960938,True,True
robot_repression,3.02,0.952119844658554,1.2455238134289082,0.7644332724858809,0.4550898066318318,0.5597915649414062,True,True
robot_repression,3.03,0.9551179673774848,1.249627783982895,0.7643219682050206,0.4551543704810897,0.5598983764648438,True,True
robot_repression,3.04,0.9581160900964151,1.253731883367641,0.7642113140832199,0.4552185627686182,0.5599822998046875,True,True
robot_repression,3.05,0.9611142128153456,1.257836110322089,0.7641013045564712,0.4552823866243837,0.5600814819335938,True,True
robot_repression,3.06,0.964112335534276,1.2619404636015485,0.7639919341224085,0.4553458451442754,0.5601654052734375,True,True
robot_repression,3.07,0.9671104582532067,1.2660449419774322,0.7638831973394874,0.4554089413905487,0.5601882934570312,True,True
robot_repression,3.08,0.9701085809721373,1.2701495442369959,0.7637750888261751,0.4554716783922649,0.5602798461914062,True,True
robot_repression,3.09,0.9731067036910678,1.2742542691830838,0.7636676032601564,0.45553405914572065,0.5603713989257812,True,True
robot_repression,3.1,0.9761048264099982,1.2783591156338823,0.7635607353775473,0.4555960866148753,0.5604400634765625,True,True
robot_repression,3.11,0.9791029491289285,1.2824640824226725,0.7634544799721239,0.4556577637317696,0.560516357421875,True,True
robot_repression,3.12,0.9821010718478592,1.2865691683975926,0.7633488318945612,0.4557190933969373,0.5605926513671875,True,True
robot_repression,3.13,0.9850991945667896,1.290674372421401,0.7632437860516827,0.4557800784798144,0.5606536865234375,True,True
robot_repression,3.14,0.9880973172857201,1.294779693371247,0.7631393374057241,0.45584072181913776,0.5606765747070312,True,True
robot_repression,3.15,0.9910954400046507,1.2988851301384443,0.7630354809736044,0.45590102622334194,0.5607681274414062,True,True
robot_repression,3.16,0.9940935627235813,1.3029906816282477,0.762932211826211,0.45596099447094685,0.5608444213867188,True,True
robot_repression,3.17,0.9970916854425116,1.3070963467596362,0.7628295250876929,0.45602062931094367,0.5608749389648438,True,True
robot_repression,3.18,1.000089808161442,1.3112021244650987,0.7627274159347674,0.45607993346317044,0.56097412109375,True,True
robot_repression,3.19,1.0030879308803726,1.3153080136904236,0.7626258795960348,0.45613890961868564,0.5609817504882812,True,True
robot_repression,3.2,1.0060860535993033,1.3194140133944945,0.7625249113513026,0.4561975604401361,0.5610580444335938,True,True
robot_repression,3.21,1.009084176318234,1.3235201225490854,0.7624245065309238,0.45625588856211713,0.5611343383789062,True,True
robot_repression,3.22,1.0120822990371643,1.3276263401386639,0.7623246605151397,0.45631389659153054,0.5611801147460938,True,True
robot_repression,3.23,1.0150804217560947,1.3317326651601962,0.762225368733438,0.4563715871079346,0.5612716674804688,True,True
robot_repression,3.24,1.0180785444750255,1.3358390966229565,0.7621266266639151,0.4564289626638914,0.5613632202148438,True,True
robot_repression,3.25,1.0210766671939557,1.339945633548336,0.7620284298326514,0.45648602578530756,0.5614089965820312,True,True
robot_repression,3.26,1.0240747899128868,1.3440522749696628,0.7619307738130956,0.45654277897177,0.5615005493164062,True,True
robot_repression,3.27,1.0270729126318165,1.3481590199320186,0.7618336542254541,0.4565992246968797,0.5616073608398438,True,True
robot_repression,3.28,1.0300710353507472,1.3522658674920602,0.7617370667360982,0.45665536540857415,0.5616378784179688,True,True
robot_repression,3.29,1.0330691580696776,1.3563728167178473,0.7616410070569681,0.45671120352945366,0.5616836547851562,True,True
robot_repression,3.3,1.0360672807886075,1.3604798666886688,0.7615454709449959,0.4567667414570964,0.56170654296875,True,True
robot_repression,3.31,1.0390654035075386,1.3645870164948768,0.7614504542015329,0.45682198156437076,0.561798095703125,True,True
robot_repression,3.32,1.042063526226469,1.368694265237719,0.7613559526717826,0.45687692619974624,0.5618743896484375,True,True
robot_repression,3.33,1.0450616489453997,1.372801612029178,0.7612619622442486,0.45693157768759357,0.5619735717773438,True,True
robot_repression,3.34,1.0480597716643298,1.3769090559918102,0.7611684788501846,0.4569859383284876,0.56207275390625,True,True
robot_repression,3.35,1.0510578943832605,1.3810165962585919,0.7610754984630558,0.45704001039950015,0.5622100830078125,True,True
robot_repression,3.36,1.0540560171021913,1.385124231972762,0.7609830170980064,0.4570937961544924,0.5623245239257812,True,True
robot_repression,3.37,1.0570541398211213,1.389231962287674,0.7608910308113345,0.4571472978244025,0.5624237060546875,True,True
robot_repression,3.38,1.060052262540052,1.3933397863666446,0.7607995356999796,0.45720051761752456,0.56243896484375,True,True
robot_repression,3.39,1.0630503852589825,1.3974477033828105,0.7607085279010082,0.4572534577197926,0.5624923706054688,True,True
robot_repression,3.4,1.066048507977913,1.4015557125189837,0.7606180035911156,0.45730612029505197,0.5625381469726562,True,True
robot_repression,3.41,1.069046630696844,1.4056638129675103,0.7605279589861316,0.4573585074853308,0.5626220703125,True,True
robot_repression,3.42,1.0720447534157742,1.4097720039301331,0.7604383903405303,0.45741062141110855,0.5626678466796875,True,True
robot_repression,3.43,1.0750428761347046,1.4138802846178546,0.7603492939469544,0.4574624641715768,0.5627288818359375,True,True
robot_repression,3.44,1.078040998853635,1.4179886542508044,0.7602606661357378,0.4575140378449014,0.562774658203125,True,True
robot_repression,3.45,1.0810391215725659,1.422097112058107,0.7601725032744421,0.4575653444884769,0.562835693359375,True,True
robot_repression,3.46,1.0840372442914965,1.4262056572777533,0.7600848017673937,0.4576163861391796,0.5628814697265625,True,True
robot_repression,3.47,1.0870353670104267,1.4303142891564735,0.7599975580552333,0.4576671648136159,0.562957763671875,True,True
robot_repression,3.48,1.0900334897293573,1.4344230069496118,0.759910768614469,0.45771768250836714,0.5630264282226562,True,True
robot_repression,3.49,1.0930316124482877,1.4385318099210056,0.7598244299570335,0.4577679412002334,0.5631103515625,True,True
robot_repression,3.5,1.096029735167218,1.4426406973428627,0.7597385386298525,0.4578179428464698,0.5631790161132812,True,True
robot_repression,3.51,1.0990278578861488,1.4467496684956445,0.7596530912144166,0.4578676893850224,0.5632553100585938,True,True
robot_repression,3.52,1.1020259806050794,1.4508587226679492,0.7595680843263569,0.4579171827347614,0.5633697509765625,True,True
robot_repression,3.53,1.1050241033240098,1.4549678591563966,0.7594835146150326,0.45796642479570776,0.5634536743164062,True,True
robot_repression,3.54,1.1080222260429407,1.4590770772655166,0.7593993787631189,0.4580154174492594,0.5635147094726562,True,True
robot_repression,3.55,1.1110203487618706,1.4631863763076378,0.7593156734862029,0.458064162558415,0.5635833740234375,True,True
robot_repression,3.56,1.1140184714808015,1.4672957556027786,0.759232395532387,0.45811266196799,0.5636520385742188,True,True
robot_repression,3.57,1.1170165941997316,1.4714052144785408,0.759149541681893,0.458160917504837,0.56378173828125,True,True
robot_repression,3.58,1.1200147169186623,1.4755147522700043,0.7590671087466775,0.4582089309780557,0.5638809204101562,True,True
robot_repression,3.59,1.1230128396375925,1.4796243683196226,0.7589850935700484,0.45825670417920455,0.5639266967773438,True,True
robot_repression,3.6,1.1260109623565233,1.483734061977123,0.7589034930262891,0.4583042388825086,0.5639801025390625,True,True
robot_repression,3.61,1.1290090850754537,1.4878438325994032,0.7588223040202873,0.4583515368450621,0.5640106201171875,True,True
robot_repression,3.62,1.1320072077943844,1.4919536795504378,0.7587415234871674,0.4583985998070337,0.5640716552734375,True,True
robot_repression,3.63,1.1350053305133148,1.4960636022011757,0.7586611483919322,0.4584454294918618,0.5641098022460938,True,True
robot_repression,3.64,1.1380034532322452,1.5001735999294497,0.7585811757291046,0.45849202760645325,0.5642013549804688,True,True
robot_repression,3.65,1.1410015759511754,1.5042836721198802,0.7585016025223772,0.45853839584137596,0.5642318725585938,True,True
robot_repression,3.66,1.1439996986701062,1.5083938181637835,0.7584224258242678,0.4585845358710495,0.5642776489257812,True,True
robot_repression,3.67,1.1469978213890366,1.512504037459081,0.758343642715775,0.4586304493539352,0.56439208984375,True,True
robot_repression,3.68,1.1499959441079675,1.5166143294102115,0.7582652503060443,0.45867613793271994,0.5644454956054688,True,True
robot_repression,3.69,1.1529940668268976,1.5207246934280407,0.7581872457320338,0.4587216032345006,0.5645065307617188,True,True
robot_repression,3.7,1.1559921895458283,1.5248351289297772,0.7581096261581896,0.4587668468709642,0.564605712890625,True,True
robot_repression,3.71,1.158990312264759,1.5289456353388868,0.75803238877612,0.45881187043856714,0.5646591186523438,True,True
robot_repression,3.72,1.1619884349836893,1.5330562120850082,0.7579555308042787,0.4588566755187103,0.5646820068359375,True,True
robot_repression,3.73,1.1649865577026193,1.5371668586038714,0.7578790494876503,0.458901263677913,0.5647048950195312,True,True
robot_repression,3.74,1.16798468042155,1.5412775743372165,0.7578029420974409,0.45894563646798375,0.5647659301757812,True,True
robot_repression,3.75,1.1709828031404805,1.5453883587327144,0.7577272059307716,0.4589897954261904,0.5648345947265625,True,True
robot_repression,3.76,1.173980925859411,1.5494992112438875,0.7576518383103773,0.45903374207542536,0.5649185180664062,True,True
robot_repression,3.77,1.176979048578342,1.5536101313300346,0.75757683658431,0.45907747792437154,0.564971923828125,True,True
robot_repression,3.78,1.1799771712972724,1.5577211184561517,0.7575021981256446,0.45912100446766313,0.5650405883789062,True,True
robot_repression,3.79,1.1829752940162026,1.5618321720928598,0.7574279203321904,0.45916432318604705,0.5650787353515625,True,True
robot_repression,3.8,1.1859734167351332,1.56594329171633,0.7573540006262065,0.459207435546539,0.5651321411132812,True,True
robot_repression,3.81,1.1889715394540634,1.5700544768082128,0.7572804364541168,0.4592503430025821,0.5652313232421875,True,True
robot_repression,3.82,1.191969662172994,1.5741657268555633,0.7572072252862373,0.45929304699419776,0.5652847290039062,True,True
robot_repression,3.83,1.1949677848919247,1.5782770413507754,0.7571343646164974,0.45933554894813966,0.5653152465820312,True,True
robot_repression,3.84,1.1979659076108553,1.5823884197915088,0.7570618519621725,0.45937785027804273,0.5653305053710938,True,True
robot_repression,3.85,1.200964030329786,1.5864998616806245,0.7569896848636157,0.45941995238457045,0.5654144287109375,True,True
robot_repression,3.86,1.203962153048716,1.5906113665261137,0.7569178608839962,0.4594618566555611,0.5654373168945312,True,True
robot_repression,3.87,1.2069602757676474,1.5947229338410358,0.7568463776090392,0.4595035644661714,0.5655059814453125,True,True
robot_repression,3.88,1.2099583984865778,1.598834563143451,0.7567752326467674,0.4595450771790196,0.5655593872070312,True,True
robot_repression,3.89,1.212956521205508,1.6029462539563575,0.7567044236272519,0.4595863961443244,0.5655899047851562,True,True
robot_repression,3.9,1.2159546439244382,1.607058005807627,0.7566339482023614,0.45962752270004303,0.5656051635742188,True,True
robot_repression,3.91,1.2189527666433686,1.6111698182299448,0.7565638040455154,0.4596684581720087,0.565704345703125,True,True
robot_repression,3.92,1.2219508893622995,1.6152816907607477,0.756493988851442,0.4597092038740656,0.5657424926757812,True,True
robot_repression,3.93,1.2249490120812299,1.6193936229421635,0.7564245003359377,0.4597497611082011,0.5658035278320312,True,True
robot_repression,3.94,1.2279471348001603,1.6235056143209516,0.7563553362356323,0.4597901311646765,0.5658340454101562,True,True
robot_repression,3.95,1.2309452575190916,1.6276176644484461,0.7562864943077552,0.45983031532215785,0.5658721923828125,True,True
robot_repression,3.96,1.2339433802380213,1.631729772880497,0.7562179723299023,0.4598703148478438,0.565948486328125,True,True
robot_repression,3.97,1.2369415029569526,1.6358419391774135,0.7561497680998148,0.45991013099758943,0.5659637451171875,True,True
robot_repression,3.98,1.2399396256758823,1.6399541629039096,0.7560818794351477,0.45994976501603496,0.5660476684570312,True,True
robot_repression,3.99,1.2429377483948127,1.6440664436290475,0.7560143041732552,0.4599892181367249,0.566070556640625,True,True
robot_repression,4.0,1.2459358711137432,1.6481787809261845,0.7559470401709678,0.46002849158223097,0.5661392211914062,True,True
robot_repression,4.01,1.2489339938326738,1.6522911743729203,0.7558800853043779,0.4600675865642729,0.5662078857421875,True,True
robot_repression,4.02,1.2519321165516042,1.6564036235510422,0.7558134374686278,0.46010650428383465,0.5662689208984375,True,True
robot_repression,4.03,1.254930239270535,1.6605161280464766,0.755747094577699,0.46014524593128325,0.5663299560546875,True,True
robot_repression,4.04,1.2579283619894654,1.664628687449234,0.755681054564205,0.46018381268648273,0.5663681030273438,True,True
robot_repression,4.05,1.260926484708396,1.668741301353363,0.7556153153791869,0.46022220571890793,0.5663604736328125,True,True
robot_repression,4.06,1.263924607427326,1.6728539693568987,0.7555498749919105,0.4602604261877588,0.5664520263671875,True,True
robot_repression,4.07,1.2669227301462573,1.6769666910618133,0.7554847313896698,0.460298475242068,0.5664825439453125,True,True
robot_repression,4.08,1.2699208528651873,1.6810794660739694,0.7554198825775851,0.46033635402081374,0.5665054321289062,True,True
robot_repression,4.09,1.2729189755841177,1.6851922940030717,0.7553553265784145,0.46037406365302574,0.5665740966796875,True,True
robot_repression,4.1,1.2759170983030483,1.6893051744626215,0.7552910614323581,0.4604116052578929,0.5666351318359375,True,True
robot_repression,4.11,1.2789152210219792,1.6934181070698702,0.75522708519687,0.460448979944869,0.566680908203125,True,True
robot_repression,4.12,1.2819133437409096,1.6975310914457717,0.7551633959464717,0.46048618881377573,0.5667266845703125,True,True
robot_repression,4.13,1.28491146645984,1.7016441272149427,0.7550999917725669,0.460523232954907,0.5667953491210938,True,True
robot_repression,4.14,1.2879095891787704,1.7057572140056139,0.7550368707832601,0.4605601134491292,0.5668563842773438,True,True
robot_repression,4.15,1.2909077118977008,1.70987035144959,0.7549740311031757,0.4605968313679822,0.56689453125,True,True
robot_repression,4.16,1.2939058346166314,1.7139835391822036,0.7549114708732824,0.4606333877737769,0.5669784545898438,True,True
robot_repression,4.17,1.296903957335562,1.7180967768422766,0.7548491882507149,0.4606697837196958,0.5669403076171875,True,True
robot_repression,4.18,1.2999020800544925,1.722210064072077,0.7547871814086029,0.4607060202498868,0.5669708251953125,True,True
robot_repression,4.19,1.3029002027734233,1.7263234005172772,0.7547254485359007,0.46074209839955965,0.5669708251953125,True,True
robot_repression,4.2,1.305898325492353,1.730436785826914,0.7546639878372158,0.4607780191950803,0.5669937133789062,True,True
robot_repression,4.21,1.3088964482112837,1.7345502196533502,0.754602797532646,0.460813783654063,0.5670318603515625,True,True
robot_repression,4.22,1.3118945709302146,1.7386637016522344,0.7545418758576109,0.4608493927854632,0.5670623779296875,True,True
robot_repression,4.23,1.314892693649145,1.7427772314824617,0.7544812210626917,0.46088484758966763,0.567108154296875,True,True
robot_repression,4.24,1.3178908163680756,1.7468908088061361,0.7544208314134707,0.4609201490585841,0.5671539306640625,True,True
robot_repression,4.25,1.3208889390870056,1.7510044332885335,0.7543607051903719,0.46095529817572983,0.5671920776367188,True,True
robot_repression,4.26,1.3238870618059364,1.7551181045980637,0.7543008406885059,0.46099029591631835,0.5672378540039062,True,True
robot_repression,4.27,1.326885184524867,1.7592318224062342,0.7542412362175134,0.461025143247347,0.5672760009765625,True,True
robot_repression,4.28,1.3298833072437979,1.7633455863876146,0.7541818901014142,0.46105984112768134,0.5673370361328125,True,True
robot_repression,4.29,1.332881429962728,1.7674593962197997,0.7541228006784559,0.4610943905081391,0.5673904418945312,True,True
robot_repression,4.3,1.3358795526816583,1.7715732515833764,0.7540639663009651,0.4611287923315745,0.5674362182617188,True,True
robot_repression,4.31,1.3388776754005887,1.7756871521618875,0.7540053853352005,0.4611630475329589,0.5674591064453125,True,True
robot_repression,4.32,1.3418757981195193,1.779801097641799,0.7539470561612069,0.46119715703946357,0.5674667358398438,True,True
robot_repression,4.33,1.34487392083845,1.7839150877124645,0.7538889771726734,0.46123112177053815,0.5674667358398438,True,True
robot_repression,4.34,1.3478720435573806,1.7880291220660933,0.7538311467767902,0.4612649426379917,0.5674819946289062,True,True
robot_repression,4.35,1.3508701662763107,1.7921432003977191,0.7537735633941085,0.46129862054606985,0.5675277709960938,True,True
robot_repression,4.36,1.3538682889952414,1.7962573224051654,0.7537162254584043,0.46133215639153163,0.5676116943359375,True,True
robot_repression,4.37,1.3568664117141722,1.8003714877890138,0.7536591314165402,0.4613655510637268,0.5676956176757812,True,True
robot_repression,4.38,1.3598645344331026,1.8044856962525746,0.7536022797283297,0.4613988054446719,0.5678176879882812,True,True
robot_repression,4.39,1.3628626571520333,1.8085999475018544,0.753545668866407,0.46143192040912295,0.56787109375,True,True
robot_repression,4.4,1.365860779870964,1.8127142412455257,0.753489297316092,0.46146489682464986,0.5679397583007812,True,True
robot_repression,4.41,1.368858902589894,1.8168285771948969,0.7534331635752625,0.4614977355517109,0.5680084228515625,True,True
robot_repression,4.42,1.371857025308825,1.8209429550638818,0.7533772661542261,0.461530437443721,0.5680160522460938,True,True
robot_repression,4.43,1.374855148027755,1.8250573745689724,0.7533216035755903,0.4615630033471268,0.5680618286132812,True,True
robot_repression,4.44,1.3778532707466855,1.8291718354292086,0.7532661743741409,0.4615954341014738,0.568145751953125,True,True
robot_repression,4.45,1.380851393465616,1.8332863373661485,0.7532109770967157,0.4616277305394773,0.5682296752929688,True,True
robot_repression,4.46,1.3838495161845463,1.8374008801038424,0.7531560103020832,0.4616598934870906,0.5682907104492188,True,True
robot_repression,4.47,1.3868476389034776,1.8415154633688033,0.753101272560822,0.46169192376357193,0.5683517456054688,True,True
robot_repression,4.48,1.389845761622408,1.8456300868899829,0.7530467624551983,0.46172382218155383,0.568359375,True,True
robot_repression,4.49,1.3928438843413384,1.849744750398738,0.7529924785790535,0.4617555895471054,0.5684432983398438,True,True
robot_repression,4.5,1.3958420070602684,1.8538594536288109,0.7529384195376825,0.46178722665980143,0.5684661865234375,True,True
robot_repression,4.51,1.3988401297791988,1.8579741963162988,0.7528845839477215,0.46181873431278453,0.5684967041015625,True,True
robot_repression,4.52,1.401838252498129,1.8620889781996288,0.7528309704370326,0.4618501132928299,0.568511962890625,True,True
robot_repression,4.53,1.40483637521706,1.866203799019534,0.7527775776445922,0.46188136438040844,0.5685195922851562,True,True
robot_repression,4.54,1.407834497935991,1.870318658519024,0.7527244042203791,0.46191248834974896,0.5685501098632812,True,True
robot_repression,4.55,1.4108326206549213,1.874433556443365,0.7526714488252648,0.4619434859689003,0.5686111450195312,True,True
robot_repression,4.56,1.4138307433738515,1.8785484925400513,0.7526187101309061,0.4619743579997905,0.5686721801757812,True,True
robot_repression,4.57,1.4168288660927821,1.8826634665587845,0.7525661868196362,0.46200510519828913,0.5687026977539062,True,True
robot_repression,4.58,1.4198269888117125,1.8867784782514447,0.75251387758436,0.46203572831426554,0.5687255859375,True,True
robot_repression,4.59,1.422825111530643,1.8908935273720713,0.7524617811284482,0.4620662280916481,0.568756103515625,True,True
robot_repression,4.6,1.4258232342495734,1.8950086136768378,0.7524098961656349,0.46209660526848195,0.5688629150390625,True,True
robot_repression,4.61,1.4288213569685038,1.899123736924029,0.7523582214199144,0.46212686057698693,0.5689010620117188,True,True
robot_repression,4.62,1.4318194796874346,1.9032388968740162,0.7523067556254411,0.4621569947436133,0.5689620971679688,True,True
robot_repression,4.63,1.4348176024063652,1.9073540932892394,0.7522554975264277,0.4621870084891001,0.569000244140625,True,True
robot_repression,4.64,1.4378157251252954,1.9114693259341802,0.7522044458770485,0.4622169025285279,0.5690383911132812,True,True
robot_repression,4.65,1.4408138478442263,1.9155845945753436,0.7521535994413409,0.4622466775713752,0.5690536499023438,True,True
robot_repression,4.66,1.4438119705631567,1.9196998989812326,0.7521029569931085,0.46227633432157295,0.5690536499023438,True,True
robot_repression,4.67,1.4468100932820867,1.9238152389223313,0.7520525173158261,0.4623058734775568,0.5691146850585938,True,True
robot_repression,4.68,1.4498082160010173,1.92793061417108,0.7520022792025465,0.4623352957323209,0.569183349609375,True,True
robot_repression,4.69,1.4528063387199484,1.932046024501856,0.7519522414558053,0.4623646017734704,0.5692367553710938,True,True
robot_repression,4.7,1.455804461438879,1.9361614696909544,0.7519024028875294,0.46239379228327343,0.5692825317382812,True,True
robot_repression,4.71,1.4588025841578092,1.9402769495165642,0.7518527623189472,0.4624228679387113,0.5693130493164062,True,True
robot_repression,4.72,1.4618007068767391,1.9443924637587526,0.7518033185804971,0.46245182941152946,0.569366455078125,True,True
robot_repression,4.73,1.4647988295956704,1.9485080121994416,0.7517540705117406,0.46248067736828796,0.5693893432617188,True,True
robot_repression,4.74,1.4677969523146008,1.9526235946223904,0.7517050169612705,0.4625094124704115,0.5693893432617188,True,True
robot_repression,4.75,1.4707950750335304,1.9567392108131758,0.7516561567866276,0.46253803537423666,0.5693740844726562,True,True
robot_repression,4.76,1.4737931977524616,1.9608548605591734,0.7516074888542147,0.4625665467310608,0.5694046020507812,True,True
robot_repression,4.77,1.4767913204713918,1.9649705436495375,0.751559012039208,0.46259494718719124,0.569427490234375,True,True
robot_repression,4.78,1.4797894431903227,1.9690862598751842,0.7515107252254775,0.46262323738399086,0.5694580078125,True,True
robot_repression,4.79,1.482787565909253,1.973202009028773,0.7514626273055002,0.46265141795792597,0.569488525390625,True,True
robot_repression,4.8,1.4857856886281837,1.9773177909046857,0.7514147171802816,0.46267948954061133,0.5695648193359375,True,True
robot_repression,4.81,1.488783811347114,1.9814336052990136,0.7513669937592711,0.46270745275885694,0.569580078125,True,True
robot_repression,4.82,1.4917819340660448,1.9855494520095363,0.7513194559602839,0.4627353082347131,0.56964111328125,True,True
robot_repression,4.83,1.4947800567849756,1.989665330835703,0.7512721027094216,0.46276305658551453,0.5696945190429688,True,True
robot_repression,4.84,1.4977781795039058,1.9937812415786205,0.7512249329409915,0.462790698423925,0.5697555541992188,True,True
robot_repression,4.85,1.5007763022228362,1.9978971840410316,0.7511779455974318,0.46281823435798086,0.5698013305664062,True,True
robot_repression,4.86,1.5037744249417673,2.0020131580273,0.7511311396292338,0.46284566499113444,0.5698165893554688,True,True
robot_repression,4.87,1.506772547660697,2.0061291633433926,0.7510845139948649,0.4628729909222973,0.5698699951171875,True,True
robot_repression,4.88,1.5097706703796276,2.0102451997968642,0.7510380676606965,0.4629002127458795,0.569915771484375,True,True
robot_repression,4.89,1.512768793098558,2.0143612671968425,0.7509917996009258,0.46292733105183703,0.5699462890625,True,True
robot_repression,4.9,1.5157669158174891,2.01847736535401,0.7509457087975058,0.46295434642570765,0.569976806640625,True,True
robot_repression,4.91,1.5187650385364195,2.022593494080587,0.7508997942400711,0.46298125944865454,0.569976806640625,True,True
robot_repression,4.92,1.5217631612553495,2.026709653190321,0.7508540549258668,0.46300807069750705,0.57000732421875,True,True
robot_repression,4.93,1.5247612839742806,2.0308258424984658,0.7508084898596776,0.4630347807447985,0.5700149536132812,True,True
robot_repression,4.94,1.5277594066932108,2.03494206182177,0.7507630980537564,0.46306139015880804,0.5700759887695312,True,True
robot_repression,4.95,1.5307575294121412,2.039058310978459,0.7507178785277576,0.46308789950359824,0.5701141357421875,True,True
robot_repression,4.96,1.533755652131072,2.0431745897882236,0.7506728303086653,0.46311430933905473,0.5701370239257812,True,True
robot_repression,4.97,1.5367537748500022,2.047290898072202,0.7506279524307274,0.46314062022092434,0.5701751708984375,True,True
robot_repression,4.98,1.5397518975689326,2.0514072356529685,0.7505832439353883,0.4631668327008524,0.5701980590820312,True,True
robot_repression,4.99,1.5427500202878632,2.0555236023545147,0.7505387038712223,0.46319294732642013,0.5702438354492188,True,True
robot_repression,5.0,1.545748143006794,2.05963999800224,0.7504943312938677,0.46321896464118273,0.5703048706054688,True,True
robot_labour,-2.0,-0.540597311800744,0.8704322128853963,-0.621067676262483,0.5427935868868984,0.7064437866210938,True,True
robot_labour,-1.995,-0.5392791782606032,0.8682502701779379,-0.6211102913334933,0.5427662077761429,0.7064056396484375,True,True
robot_labour,-1.99,-0.5379610447204622,0.8660683388976326,-0.6211531129347151,0.5427386967306675,0.7063674926757812,True,True
robot_labour,-1.985,-0.5366429111803215,0.8638864191310659,-0.6211961425670981,0.5427110527972067,0.7063369750976562,True,True
robot_labour,-1.98,-0.5353247776401803,0.8617045109656991,-0.6212393817461277,0.5426832750133179,0.706298828125,True,True
robot_labour,-1.975,-0.5340066441000393,0.859522614489882,-0.6212828320020025,0.5426553624072711,0.706268310546875,True,True
robot_labour,-1.97,-0.5326885105598986,0.8573407297928624,-0.6213264948798114,0.5426273139979356,0.7062149047851562,True,True
robot_labour,-1.965,-0.5313703770197575,0.8551588569647994,-0.6213703719397133,0.5425991287946699,0.7061691284179688,True,True
robot_labour,-1.96,-0.5300522434796168,0.852976996096773,-0.6214144647571254,0.5425708057972005,0.7061538696289062,True,True
robot_labour,-1.955,-0.5287341099394759,0.8507951472807983,-0.6214587749229031,0.5425423439955122,0.7061309814453125,True,True
robot_labour,-1.95,-0.5274159763993348,0.848613310609835,-0.6215033040435346,0.5425137423697237,0.7061080932617188,True,True
robot_labour,-1.945,-0.5260978428591938,0.8464314861778015,-0.6215480537413298,0.5424849998899702,0.7060928344726562,True,True
robot_labour,-1.94,-0.5247797093190528,0.8442496740795861,-0.6215930256546154,0.5424561155162813,0.7060089111328125,True,True
robot_labour,-1.935,-0.5234615757789121,0.8420678744110606,-0.6216382214379326,0.5424270881984559,0.7059860229492188,True,True
robot_labour,-1.93,-0.5221434422387711,0.8398860872690914,-0.6216836427622373,0.5423979168759379,0.7059555053710938,True,True
robot_labour,-1.925,-0.5208253086986302,0.8377043127515545,-0.6217292913151039,0.5423686004776875,0.7059402465820312,True,True
robot_labour,-1.92,-0.5195071751584892,0.8355225509573476,-0.6217751688009309,0.542339137922053,0.7059173583984375,True,True
robot_labour,-1.915,-0.5181890416183483,0.8333408019864027,-0.6218212769411516,0.5423095281166387,0.7058944702148438,True,True
robot_labour,-1.91,-0.5168709080782076,0.831159065939701,-0.6218676174744456,0.5422797699581715,0.70587158203125,True,True
robot_labour,-1.905,-0.5155527745380665,0.8289773429192865,-0.6219141921569542,0.5422498623323666,0.7058868408203125,True,True
robot_labour,-1.9,-0.5142346409979255,0.8267956330282791,-0.6219610027625013,0.5422198041137893,0.7058563232421875,True,True
robot_labour,-1.895,-0.5129165074577845,0.8246139363708895,-0.6220080510828139,0.5421895941657168,0.7058334350585938,True,True
robot_labour,-1.89,-0.5115983739176435,0.8224322530524336,-0.6220553389277487,0.5421592313399953,0.7057952880859375,True,True
robot_labour,-1.885,-0.5102802403775025,0.8202505831793472,-0.6221028681255203,0.5421287144768981,0.7057418823242188,True,True
robot_labour,-1.88,-0.5089621068373614,0.8180689268592011,-0.6221506405229343,0.542098042404979,0.7057418823242188,True,True
robot_labour,-1.875,-0.5076439732972208,0.8158872842007153,-0.6221986579856243,0.5420672139409247,0.7056961059570312,True,True
robot_labour,-1.87,-0.5063258397570797,0.8137056553137756,-0.6222469223982888,0.542036227889405,0.7056655883789062,True,True
robot_labour,-1.865,-0.5050077062169388,0.8115240403094484,-0.622295435664938,0.5420050830429193,0.7056121826171875,True,True
robot_labour,-1.86,-0.503689572676798,0.8093424392999975,-0.6223441997091373,0.5419737781816445,0.705596923828125,True,True
robot_labour,-1.855,-0.502371439136657,0.8071608523988989,-0.6223932164742612,0.5419423120732749,0.705535888671875,True,True
robot_labour,-1.85,-0.5010533055965161,0.8049792797208587,-0.6224424879237457,0.5419106834728646,0.7055435180664062,True,True
robot_labour,-1.845,-0.4997351720563751,0.8027977213818286,-0.6224920160413483,0.5418788911226656,0.7055511474609375,True,True
robot_labour,-1.84,-0.49841703851623415,0.8006161774990238,-0.6225418028314097,0.541846933751963,0.705535888671875,True,True
robot_labour,-1.835,-0.4970989049760932,0.7984346481909391,-0.622591850319121,0.5418148100769076,0.7055435180664062,True,True
robot_labour,-1.83,-0.49578077143595234,0.7962531335773676,-0.6226421605507942,0.541782518800348,0.70550537109375,True,True
robot_labour,-1.825,-0.4944626378958114,0.794071633779418,-0.6226927355941368,0.5417500586116574,0.7054595947265625,True,True
robot_labour,-1.82,-0.49314450435567053,0.7918901489195327,-0.6227435775385318,0.5417174281865595,0.7053909301757812,True,True
robot_labour,-1.815,-0.49182637081552943,0.7897086791215056,-0.6227946884953209,0.54168462618695,0.7053680419921875,True,True
robot_labour,-1.81,-0.49050823727538867,0.7875272245105022,-0.6228460705980933,0.5416516512607182,0.7053451538085938,True,True
robot_labour,-1.805,-0.4891901037352478,0.7853457852130775,-0.6228977260029762,0.5416185020415618,0.7053070068359375,True,True
robot_labour,-1.8,-0.48787197019510675,0.7831643613571954,-0.622949656888935,0.5415851771488036,0.7052230834960938,True,True
robot_labour,-1.795,-0.48655383665496565,0.780982953072249,-0.6230018654580728,0.5415516751872004,0.7052154541015625,True,True
robot_labour,-1.79,-0.48523570311482495,0.7788015604890798,-0.6230543539359393,0.5415179947467516,0.7051925659179688,True,True
robot_labour,-1.785,-0.4839175695746839,0.7766201837399986,-0.6231071245718391,0.541484134402507,0.7051467895507812,True,True
robot_labour,-1.78,-0.482599436034543,0.7744388229588061,-0.6231601796391519,0.5414500927143654,0.7050704956054688,True,True
robot_labour,-1.775,-0.48128130249440204,0.7722574782808135,-0.6232135214356517,0.5414158682268754,0.70501708984375,True,True
robot_labour,-1.77,-0.4799631689542611,0.7700761498428643,-0.623267152283834,0.5413814594690319,0.7050094604492188,True,True
robot_labour,-1.765,-0.4786450354141201,0.7678948377833559,-0.6233210745312485,0.5413468649540667,0.7049331665039062,True,True
robot_labour,-1.76,-0.4773269018739793,0.7657135422422614,-0.6233752905508357,0.5413120831792391,0.7048873901367188,True,True
robot_labour,-1.755,-0.4760087683338383,0.7635322633611527,-0.6234298027412694,0.5412771126256232,0.7048492431640625,True,True
robot_labour,-1.75,-0.4746906347936974,0.7613510012832233,-0.6234846135273053,0.541241951757886,0.704833984375,True,True
robot_labour,-1.745,-0.47337250125355657,0.7591697561533104,-0.623539725360136,0.541206599024071,0.7048263549804688,True,True
robot_labour,-1.74,-0.4720543677134156,0.75698852811792,-0.6235951407177485,0.5411710528553716,0.7047882080078125,True,True
robot_labour,-1.735,-0.47073623417327465,0.7548073173252509,-0.623650862105291,0.541135311665902,0.7047576904296875,True,True
robot_labour,-1.73,-0.4694181006331338,0.7526261239252173,-0.6237068920554454,0.5410993738524665,0.7046966552734375,True,True
robot_labour,-1.725,-0.4680999670929928,0.750444948069477,-0.6237632331288018,0.5410632377943246,0.7046356201171875,True,True
robot_labour,-1.72,-0.4667818335528518,0.7482637899114534,-0.623819887914246,0.541026901852949,0.7045745849609375,True,True
robot_labour,-1.715,-0.46546370001271087,0.7460826496063634,-0.623876859029347,0.5409903643717835,0.7046051025390625,True,True
robot_labour,-1.71,-0.4641455664725699,0.7439015273112428,-0.6239341491207543,0.5409536236759968,0.7045974731445312,True,True
robot_labour,-1.705,-0.462827432932429,0.7417204231849736,-0.6239917608646014,0.540916678072228,0.7045822143554688,True,True
robot_labour,-1.7,-0.4615092993922881,0.7395393373883103,-0.6240496969669148,0.5408795258483339,0.7045211791992188,True,True
robot_labour,-1.695,-0.4601911658521471,0.7373582700839086,-0.6241079601640313,0.5408421652731276,0.7044601440429688,True,True
robot_labour,-1.69,-0.45887303231200627,0.7351772214363524,-0.6241665532230217,0.5408045945961133,0.7044219970703125,True,True
robot_labour,-1.685,-0.4575548987718652,0.7329961916121841,-0.6242254789421195,0.5407668120472217,0.704376220703125,True,True
robot_labour,-1.68,-0.45623676523172435,0.7308151807799312,-0.6242847401511626,0.540728815836531,0.7043380737304688,True,True
robot_labour,-1.675,-0.4549186316915835,0.7286341891101393,-0.6243443397120343,0.5406906041539954,0.7042770385742188,True,True
robot_labour,-1.67,-0.45360049815144243,0.7264532167753991,-0.6244042805191187,0.5406521751691578,0.7042007446289062,True,True
robot_labour,-1.665,-0.4522823646113015,0.7242722639503794,-0.6244645654997605,0.5406135270308658,0.7041397094726562,True,True
robot_labour,-1.66,-0.4509642310711604,0.7220913308118574,-0.6245251976147325,0.5405746578669804,0.704132080078125,True,True
robot_labour,-1.655,-0.4496460975310196,0.7199104175387512,-0.6245861798587129,0.5405355657840755,0.7040939331054688,True,True
robot_labour,-1.65,-0.44832796399087854,0.7177295243121513,-0.6246475152607683,0.5404962488671405,0.7040634155273438,True,True
robot_labour,-1.645,-0.4470098304507378,0.7155486513153549,-0.6247092068848477,0.540456705179271,0.704010009765625,True,True
robot_labour,-1.64,-0.4456916969105968,0.7133677987338984,-0.6247712578302814,0.5404169327613568,0.703948974609375,True,True
robot_labour,-1.635,-0.44437356337045597,0.7111869667555931,-0.624833671232293,0.5403769296317663,0.7039413452148438,True,True
robot_labour,-1.63,-0.44305542983031493,0.709006155570558,-0.6248964502625161,0.5403366937860204,0.7039108276367188,True,True
robot_labour,-1.625,-0.441737296290174,0.7068253653712577,-0.6249595981295223,0.5402962231964676,0.7038726806640625,True,True
robot_labour,-1.62,-0.44041916275003307,0.7046445963525371,-0.6250231180793576,0.5402555158119482,0.7038650512695312,True,True
robot_labour,-1.615,-0.4391010292098922,0.7024638487116586,-0.6250870133960882,0.5402145695574538,0.703826904296875,True,True
robot_labour,-1.61,-0.4377828956697513,0.7002831226483404,-0.6251512874023551,0.540173382333784,0.7037506103515625,True,True
robot_labour,-1.605,-0.4364647621296103,0.6981024183647936,-0.6252159434599401,0.540131952017193,0.70367431640625,True,True
robot_labour,-1.6,-0.43514662858946934,0.6959217360657622,-0.6252809849703408,0.5400902764590316,0.7036514282226562,True,True
robot_labour,-1.595,-0.4338284950493284,0.6937410759585626,-0.6253464153753542,0.5400483534853844,0.7036209106445312,True,True
robot_labour,-1.59,-0.4325103615091875,0.6915604382531232,-0.6254122381576737,0.540006180896699,0.7035675048828125,True,True
robot_labour,-1.585,-0.43119222796904655,0.6893798231620272,-0.6254784568414936,0.5399637564674089,0.7035064697265625,True,True
robot_labour,-1.58,-0.4298740944289056,0.6871992309005537,-0.6255450749931264,0.5399210779455512,0.7034530639648438,True,True
robot_labour,-1.575,-0.42855596088876463,0.6850186616867202,-0.62561209622163,0.5398781430523738,0.7034149169921875,True,True
robot_labour,-1.57,-0.4272378273486237,0.6828381157413272,-0.6256795241794468,0.5398349494819412,0.7033920288085938,True,True
robot_labour,-1.565,-0.42591969380848277,0.6806575932880022,-0.6257473625630532,0.5397914949007289,0.7033004760742188,True,True
robot_labour,-1.56,-0.42460156026834184,0.6784770945532452,-0.6258156151136214,0.5397477769472129,0.7032394409179688,True,True
robot_labour,-1.555,-0.42328342672820096,0.6762966197664744,-0.6258842856176938,0.5397037932314487,0.7031784057617188,True,True
robot_labour,-1.55,-0.42196529318806003,0.6741161691600741,-0.6259533779078679,0.5396595413346488,0.7031707763671875,True,True
robot_labour,-1.545,-0.42064715964791916,0.6719357429694421,-0.6260228958634949,0.5396150188087463,0.7031326293945312,True,True
robot_labour,-1.54,-0.41932902610777806,0.6697553414330395,-0.62609284341139,0.5395702231759544,0.7030792236328125,True,True
robot_labour,-1.535,-0.4180108925676372,0.6675749647924392,-0.626163224526558,0.5395251519283164,0.7030487060546875,True,True
robot_labour,-1.53,-0.4166927590274962,0.6653946132923787,-0.626234043232927,0.539479802527248,0.7029647827148438,True,True
robot_labour,-1.525,-0.4153746254873554,0.6632142871808099,-0.6263053036041022,0.539434172403072,0.7028961181640625,True,True
robot_labour,-1.52,-0.4140564919472144,0.6610339867089545,-0.6263770097641267,0.5393882589545445,0.7028121948242188,True,True
robot_labour,-1.515,-0.41273835840707346,0.6588537121313552,-0.6264491658882634,0.5393420595483688,0.7027511596679688,True,True
robot_labour,-1.51,-0.4114202248669325,0.6566734637059333,-0.6265217762037842,0.5392955715187072,0.7027053833007812,True,True
robot_labour,-1.505,-0.41010209132679154,0.6544932416940428,-0.6265948449907796,0.5392487921666782,0.7027053833007812,True,True
robot_labour,-1.5,-0.40878395778665066,0.6523130463605293,-0.6266683765829794,0.5392017187598467,0.7026519775390625,True,True
robot_labour,-1.495,-0.40746582424650973,0.6501328779737878,-0.6267423753685905,0.5391543485317044,0.702606201171875,True,True
robot_labour,-1.49,-0.40614769070636875,0.6479527368058214,-0.6268168457911508,0.5391066786811406,0.7025680541992188,True,True
robot_labour,-1.485,-0.40482955716622787,0.6457726231323039,-0.6268917923503977,0.5390587063719042,0.7025146484375,True,True
robot_labour,-1.48,-0.40351142362608694,0.6435925372326401,-0.6269672196031528,0.5390104287320533,0.7025146484375,True,True
robot_labour,-1.475,-0.402193290085946,0.6414124793900305,-0.6270431321642248,0.5389618428533979,0.7024993896484375,True,True
robot_labour,-1.47,-0.4008751565458049,0.6392324498915349,-0.6271195347073283,0.5389129457909273,0.7024154663085938,True,True
robot_labour,-1.465,-0.39955702300566404,0.6370524490281388,-0.6271964319660208,0.5388637345622329,0.7023391723632812,True,True
robot_labour,-1.46,-0.39823888946552305,0.6348724770948205,-0.6272738287346556,0.5388142061469158,0.7023239135742188,True,True
robot_labour,-1.455,-0.39692075592538223,0.6326925343906199,-0.6273517298693557,0.5387643574859833,0.7022476196289062,True,True
robot_labour,-1.45,-0.39560262238524135,0.6305126212187083,-0.6274301402890032,0.5387141854812363,0.7021331787109375,True,True
robot_labour,-1.445,-0.39428448884510037,0.6283327378864604,-0.6275090649762507,0.5386636869946443,0.7020645141601562,True,True
robot_labour,-1.44,-0.39296635530495944,0.6261528847055265,-0.6275885089785501,0.5386128588477068,0.7020111083984375,True,True
robot_labour,-1.435,-0.39164822176481845,0.6239730619919085,-0.6276684774092014,0.538561697820804,0.7019271850585938,True,True
robot_labour,-1.43,-0.3903300882246775,0.6217932700660341,-0.627748975448423,0.538510200652535,0.7018890380859375,True,True
robot_labour,-1.425,-0.3890119546845366,0.6196135092528359,-0.6278300083444415,0.5384583640390437,0.7017822265625,True,True
robot_labour,-1.42,-0.3876938211443957,0.6174337798818305,-0.6279115814146025,0.5384061846333305,0.7017135620117188,True,True
robot_labour,-1.415,-0.3863756876042547,0.6152540822871991,-0.6279937000465045,0.5383536590445513,0.7016448974609375,True,True
robot_labour,-1.41,-0.3850575540641138,0.6130744168078707,-0.6280763696991546,0.5383007838373031,0.7016220092773438,True,True
robot_labour,-1.405,-0.3837394205239729,0.6108947837876063,-0.6281595959041452,0.5382475555308951,0.701568603515625,True,True
robot_labour,-1.4,-0.38242128698383193,0.6087151835750854,-0.6282433842668557,0.5381939705986072,0.7014617919921875,True,True
robot_labour,-1.395,-0.381103153443691,0.6065356165239946,-0.6283277404676771,0.5381400254669322,0.7014007568359375,True,True
robot_labour,-1.39,-0.3797850199035501,0.6043560829931164,-0.6284126702632624,0.5380857165148022,0.7012710571289062,True,True
robot_labour,-1.385,-0.3784668863634091,0.6021765833464228,-0.6284981794877982,0.5380310400728046,0.7012176513671875,True,True
robot_labour,-1.38,-0.37714875282326815,0.5999971179531682,-0.6285842740543062,0.5379759924223765,0.7011260986328125,True,True
robot_labour,-1.375,-0.3758306192831272,0.5978176871879868,-0.6286709599559663,0.537920569794988,0.7010498046875,True,True
robot_labour,-1.37,-0.3745124857429864,0.5956382914309886,-0.6287582432674712,0.5378647683713053,0.70098876953125,True,True
robot_labour,-1.365,-0.3731943522028454,0.593458931067862,-0.6288461301464021,0.537808584280342,0.700958251953125,True,True
robot_labour,-1.36,-0.3718762186627044,0.591279606489975,-0.6289346268346386,0.5377520135985874,0.7008743286132812,True,True
robot_labour,-1.355,-0.37055808512256355,0.5891003180944806,-0.6290237396597925,0.5376950523491231,0.7008285522460938,True,True
robot_labour,-1.35,-0.3692399515824226,0.5869210662844241,-0.6291134750366715,0.5376376965007177,0.7007675170898438,True,True
robot_labour,-1.345,-0.36792181804228163,0.5847418514688516,-0.6292038394687751,0.5375799419669064,0.7007369995117188,True,True
robot_labour,-1.34,-0.36660368450214076,0.5825626740629235,-0.6292948395498187,0.5375217846050483,0.7007064819335938,True,True
robot_labour,-1.335,-0.3652855509619997,0.5803835344880279,-0.6293864819652887,0.537463220215369,0.700653076171875,True,True
robot_labour,-1.33,-0.36396741742185884,0.5782044331718982,-0.6294787734940327,0.5374042445399793,0.7006149291992188,True,True
robot_labour,-1.325,-0.36264928388171797,0.5760253705487324,-0.6295717210098777,0.5373448532618784,0.7005462646484375,True,True
robot_labour,-1.32,-0.36133115034157703,0.5738463470593165,-0.6296653314832855,0.5372850420039322,0.7005157470703125,True,True
robot_labour,-1.315,-0.3600130168014361,0.571667363151148,-0.6297596119830426,0.5372248063278336,0.7004623413085938,True,True
robot_labour,-1.31,-0.35869488326129517,0.5694884192785663,-0.6298545696779813,0.5371641417330404,0.7003936767578125,True,True
robot_labour,-1.305,-0.35737674972115413,0.5673095159028816,-0.6299502118387414,0.5371030436556917,0.7003173828125,True,True
robot_labour,-1.3,-0.35605861618101325,0.5651306534925106,-0.6300465458395665,0.5370415074675011,0.7002792358398438,True,True
robot_labour,-1.295,-0.3547404826408723,0.5629518325231123,-0.6301435791601375,0.5369795284746275,0.7001800537109375,True,True
robot_labour,-1.29,-0.3534223491007314,0.5607730534777301,-0.6302413193874459,0.5369171019165222,0.700042724609375,True,True
robot_labour,-1.285,-0.3521042155605904,0.5585943168469333,-0.6303397742177074,0.536854222964752,0.6999740600585938,True,True
robot_labour,-1.28,-0.3507860820204495,0.5564156231289661,-0.6304389514583134,0.5367908867217966,0.6998443603515625,True,True
robot_labour,-1.275,-0.3494679484803085,0.5542369728298963,-0.6305388590298279,0.5367270882198222,0.6997756958007812,True,True
robot_labour,-1.27,-0.3481498149401677,0.5520583664637709,-0.6306395049680226,0.5366628224194292,0.6996688842773438,True,True
robot_labour,-1.265,-0.3468316814000267,0.5498798045527725,-0.630740897425959,0.5365980842083707,0.6996231079101562,True,True
robot_labour,-1.26,-0.34551354785988575,0.5477012876273818,-0.6308430446761143,0.5365328684002487,0.6995010375976562,True,True
robot_labour,-1.255,-0.3441954143197448,0.5455228162265414,-0.6309459551125528,0.5364671697331768,0.699432373046875,True,True
robot_labour,-1.25,-0.3428772807796037,0.5433443908978267,-0.6310496372531434,0.5364009828684175,0.6993637084960938,True,True
robot_labour,-1.245,-0.34155914723946296,0.5411660121976174,-0.6311540997418292,0.5363343023889914,0.6992721557617188,True,True
robot_labour,-1.24,-0.340241013699322,0.5389876806912767,-0.6312593513509385,0.536267122798254,0.69915771484375,True,True
robot_labour,-1.235,-0.33892288015918115,0.5368093969533321,-0.6313654009835555,0.5361994385184424,0.6990509033203125,True,True
robot_labour,-1.23,-0.33760474661904016,0.534631161567661,-0.6314722576759382,0.536131243889191,0.6989364624023438,True,True
robot_labour,-1.225,-0.33628661307889934,0.5324529751276833,-0.631579930599988,0.5360625331660142,0.6988906860351562,True,True
robot_labour,-1.22,-0.3349684795387583,0.5302748382365549,-0.6316884290657769,0.5359933005187582,0.6988372802734375,True,True
robot_labour,-1.215,-0.3336503459986174,0.528096751507369,-0.6317977625241304,0.5359235400300153,0.6987152099609375,True,True
robot_labour,-1.21,-0.33233221245847644,0.5259187155633611,-0.6319079405692647,0.535853245693507,0.6986541748046875,True,True
robot_labour,-1.205,-0.33101407891833556,0.5237407310381194,-0.6320189729414866,0.5357824114124287,0.6985855102539062,True,True
robot_labour,-1.2,-0.3296959453781946,0.5215627985757996,-0.6321308695299505,0.53571103099776,0.6985015869140625,True,True
robot_labour,-1.195,-0.3283778118380536,0.519384918831347,-0.6322436403754792,0.5356390981665364,0.69842529296875,True,True
robot_labour,-1.19,-0.32705967829791266,0.5172070924707218,-0.6323572956734481,0.5355666065400826,0.6983871459960938,True,True
robot_labour,-1.185,-0.32574154475777173,0.5150293201711328,-0.6324718457767318,0.5354935496422071,0.698272705078125,True,True
robot_labour,-1.18,-0.3244234112176308,0.5128516026212736,-0.6325873011987219,0.5354199208973552,0.6981430053710938,True,True
robot_labour,-1.175,-0.32310527767749,0.5106739405215689,-0.6327036726164085,0.5353457136287232,0.6979904174804688,True,True
robot_labour,-1.17,-0.321787144137349,0.5084963345844227,-0.6328209708735365,0.535270921056326,0.6979293823242188,True,True
robot_labour,-1.165,-0.320469010597208,0.5063187855344771,-0.6329392069838303,0.5351955362950256,0.697845458984375,True,True
robot_labour,-1.16,-0.3191508770570671,0.5041412941088744,-0.6330583921342956,0.5351195523525099,0.6977615356445312,True,True
robot_labour,-1.155,-0.31783274351692614,0.5019638610575287,-0.6331785376885931,0.5350429621272319,0.6976547241210938,True,True
robot_labour,-1.15,-0.31651460997678516,0.49978648714340157,-0.6332996551904954,0.5349657584062957,0.697509765625,True,True
robot_labour,-1.145,-0.31519647643664434,0.49760917314278824,-0.6334217563674196,0.5348879338632986,0.697418212890625,True,True
robot_labour,-1.14,-0.31387834289650335,0.49543191984560847,-0.6335448531340437,0.5348094810561205,0.6972885131835938,True,True
robot_labour,-1.135,-0.31256020935636236,0.4932547280557076,-0.6336689575960075,0.5347303924246656,0.6971588134765625,True,True
robot_labour,-1.13,-0.31124207581622143,0.4910775985911623,-0.6337940820537008,0.5346506602885477,0.6971435546875,True,True
robot_labour,-1.125,-0.30992394227608056,0.4889005322845987,-0.6339202390061374,0.534570276844727,0.697021484375,True,True
robot_labour,-1.12,-0.3086058087359397,0.4867235299835148,-0.6340474411549244,0.5344892341650884,0.6969528198242188,True,True
robot_labour,-1.115,-0.3072876751957987,0.4845465925506144,-0.6341757014083228,0.5344075241939636,0.6968994140625,True,True
robot_labour,-1.11,-0.30596954165565776,0.4823697208641493,-0.6343050328854049,0.534325138745597,0.6968231201171875,True,True
robot_labour,-1.105,-0.30465140811551683,0.4801929158182695,-0.6344354489203108,0.5342420695015502,0.69671630859375,True,True
robot_labour,-1.1,-0.3033332745753759,0.47801617832338517,-0.6345669630666064,0.5341583080080461,0.6966018676757812,True,True
robot_labour,-1.095,-0.30201514103523486,0.4758395093065365,-0.6346995891017454,0.5340738456732526,0.6965179443359375,True,True
robot_labour,-1.09,-0.30069700749509404,0.47366290971177466,-0.6348333410316402,0.5339886737644963,0.6963653564453125,True,True
robot_labour,-1.085,-0.29937887395495305,0.4714863805005532,-0.6349682330953392,0.5339027834054163,0.6962661743164062,True,True
robot_labour,-1.08,-0.2980607404148121,0.4693099226521301,-0.6351042797698223,0.5338161655730456,0.6961212158203125,True,True
robot_labour,-1.075,-0.2967426068746712,0.46713353716398126,-0.6352414957749083,0.5337288110948253,0.6960525512695312,True,True
robot_labour,-1.07,-0.2954244733345303,0.4649572250522249,-0.6353798960782847,0.5336407106455452,0.6959381103515625,True,True
robot_labour,-1.065,-0.29410633979438927,0.4627809873520585,-0.6355194959006586,0.5335518547442127,0.6958236694335938,True,True
robot_labour,-1.06,-0.2927882062542484,0.46060482511820855,-0.6356603107210349,0.5334622337508447,0.69573974609375,True,True
robot_labour,-1.055,-0.2914700727141074,0.45842873942539086,-0.6358023562821241,0.5333718378631814,0.695556640625,True,True
robot_labour,-1.05,-0.2901519391739665,0.45625273136878736,-0.6359456485958827,0.5332806571133222,0.6954803466796875,True,True
robot_labour,-1.045,-0.28883380563382555,0.4540768020645329,-0.6360902039491919,0.533188681364277,0.6953582763671875,True,True
robot_labour,-1.04,-0.28751567209368467,0.45190095265021896,-0.6362360389096767,0.5330959003064358,0.6952667236328125,True,True
robot_labour,-1.035,-0.2861975385535437,0.44972518428541036,-0.6363831703316694,0.5330023034539496,0.695098876953125,True,True
robot_labour,-1.03,-0.28487940501340275,0.44754949815217704,-0.6365316153623242,0.5329078801410231,0.6949844360351562,True,True
robot_labour,-1.025,-0.28356127147326177,0.44537389545564166,-0.6366813914478827,0.5328126195181146,0.6949005126953125,True,True
robot_labour,-1.02,-0.2822431379331209,0.44319837742454415,-0.6368325163400979,0.5327165105480459,0.69476318359375,True,True
robot_labour,-1.015,-0.28092500439297996,0.4410229453118201,-0.6369850081028215,0.5326195420020082,0.6946563720703125,True,True
robot_labour,-1.01,-0.2796068708528391,0.43884760039519993,-0.6371388851187562,0.5325217024554774,0.6945266723632812,True,True
robot_labour,-1.005,-0.27828873731269815,0.4366723439778225,-0.6372941660963803,0.5324229802840188,0.6943206787109375,True,True
robot_labour,-1.0,-0.2769706037725571,0.4344971773888696,-0.6374508700770496,0.5323233636589925,0.6942291259765625,True,True
robot_labour,-0.995,-0.2756524702324162,0.43232210198421744,-0.6376090164422805,0.5322228405431483,0.6940536499023438,True,True
robot_labour,-0.99,-0.27433433669227525,0.43014711914710974,-0.6377686249212174,0.5321213986861095,0.69390869140625,True,True
robot_labour,-0.985,-0.2730162031521344,0.4279722302888491,-0.6379297155982969,0.5320190256197441,0.6937942504882812,True,True
robot_labour,-0.98,-0.27169806961199344,0.4257974368495118,-0.6380923089211051,0.5319157086534155,0.693634033203125,True,True
robot_labour,-0.975,-0.2703799360718525,0.4236227402986821,-0.6382564257084423,0.5318114348691155,0.6934738159179688,True,True
robot_labour,-0.97,-0.2690618025317115,0.42144814213621057,-0.6384220871585945,0.5317061911164707,0.6933135986328125,True,True
robot_labour,-0.965,-0.2677436689915706,0.419273643892996,-0.6385893148578217,0.5315999640076212,0.6931228637695312,True,True
robot_labour,-0.96,-0.2664255354514297,0.41709924713179036,-0.6387581307890674,0.5314927399119712,0.6929397583007812,True,True
robot_labour,-0.955,-0.26510740191128873,0.4149249534480304,-0.6389285573408966,0.5313845049507989,0.69281005859375,True,True
robot_labour,-0.95,-0.26378926837114786,0.41275076447069414,-0.6391006173166695,0.5312752449917317,0.6925811767578125,True,True
robot_labour,-0.945,-0.26247113483100687,0.41057668186318486,-0.6392743339439556,0.5311649456430756,0.6924285888671875,True,True
robot_labour,-0.94,-0.26115300129086594,0.40840270732424344,-0.6394497308841994,0.5310535922479981,0.6922760009765625,True,True
robot_labour,-0.935,-0.25983486775072495,0.4062288425888896,-0.6396268322426387,0.5309411698785621,0.6920928955078125,True,True
robot_labour,-0.93,-0.25851673421058413,0.40405508942939233,-0.6398056625784918,0.5308276633295983,0.69195556640625,True,True
robot_labour,-0.925,-0.25719860067044314,0.4018814496562736,-0.6399862469154108,0.5307130571124237,0.6917877197265625,True,True
robot_labour,-0.92,-0.25588046713030216,0.3997079251193427,-0.6401686107522204,0.53059733544839,0.6916732788085938,True,True
robot_labour,-0.915,-0.2545623335901613,0.397534517708765,-0.6403527800739417,0.5304804822622647,0.6914443969726562,True,True
robot_labour,-0.91,-0.25324420005002035,0.3953612293561663,-0.6405387813631114,0.530362481175438,0.6912918090820312,True,True
robot_labour,-0.905,-0.2519260665098794,0.39318806203577206,-0.6407266416114111,0.5302433154989473,0.691162109375,True,True
robot_labour,-0.9,-0.2506079329697385,0.3910150177655859,-0.6409163883316071,0.5301229682263202,0.690948486328125,True,True
robot_labour,-0.895,-0.2492897994295976,0.38884209860860625,-0.641108049569816,0.530001422026224,0.690765380859375,True,True
robot_labour,-0.89,-0.2479716658894566,0.38666930667408433,-0.6413016539181033,0.5298786592349221,0.6905441284179688,True,True
robot_labour,-0.885,-0.2466535323493157,0.38449664411882367,-0.6414972305274286,0.5297546618485258,0.6903610229492188,True,True
robot_labour,-0.88,-0.24533539880917474,0.3823241131485247,-0.6416948091209387,0.5296294115150424,0.6901779174804688,True,True
robot_labour,-0.875,-0.24401726526903383,0.38015171601917414,-0.6418944200076321,0.5295028895262059,0.6899566650390625,True,True
robot_labour,-0.87,-0.24269913172889282,0.3779794550384823,-0.6420960940963933,0.5293750768090929,0.689788818359375,True,True
robot_labour,-0.865,-0.24138099818875197,0.37580733256736965,-0.6422998629104195,0.5292459539175064,0.6895751953125,True,True
robot_labour,-0.86,-0.240062864648611,0.37363535102150525,-0.6425057586020381,0.529115501023134,0.6893463134765625,True,True
robot_labour,-0.855,-0.23874473110847008,0.3714635128728979,-0.6427138139679424,0.5289836979064604,0.6891632080078125,True,True
robot_labour,-0.85,-0.23742659756832915,0.3692918206515439,-0.6429240624648439,0.5288505239474389,0.689056396484375,True,True
robot_labour,-0.845,-0.2361084640281882,0.36712027694713195,-0.6431365382255624,0.5287159581159067,0.6888427734375,True,True
robot_labour,-0.84,-0.23479033048804726,0.3649488844108089,-0.6433512760755635,0.5285799789617405,0.6886215209960938,True,True
robot_labour,-0.835,-0.2334721969479063,0.36277764575700827,-0.6435683115499572,0.528442564604744,0.6883697509765625,True,True
robot_labour,-0.83,-0.2321540634077654,0.360606563765344,-0.643787680910972,0.5283036927242607,0.6881103515625,True,True
robot_labour,-0.825,-0.2308359298676244,0.3584356412825728,-0.6440094211659182,0.5281633405485018,0.6879501342773438,True,True
robot_labour,-0.82,-0.2295177963274835,0.35626488122462696,-0.6442335700856556,0.5280214848435816,0.6876144409179688,True,True
robot_labour,-0.815,-0.22819966278734252,0.3540942865787223,-0.6444601662235777,0.5278781019022571,0.6874008178710938,True,True
robot_labour,-0.81,-0.22688152924720165,0.35192386040554186,-0.6446892489351338,0.5277331675323531,0.6871795654296875,True,True
robot_labour,-0.805,-0.22556339570706072,0.3497536058415019,-0.6449208583978958,0.5275866570448771,0.6869659423828125,True,True
robot_labour,-0.8,-0.22424526216691973,0.34758352610110027,-0.6451550356321961,0.5274385452418006,0.6867828369140625,True,True
robot_labour,-0.795,-0.22292712862677888,0.34541362447935403,-0.6453918225223442,0.5272888064035128,0.686553955078125,True,True
robot_labour,-0.79,-0.22160899508663792,0.34324390435432717,-0.6456312618384425,0.5271374142759254,0.686279296875,True,True
robot_labour,-0.785,-0.22029086154649696,0.34107436918975464,-0.6458733972588233,0.5269843420572232,0.6860885620117188,True,True
robot_labour,-0.78,-0.21897272800635603,0.33890502253776644,-0.646118273393114,0.5268295623842553,0.6858291625976562,True,True
robot_labour,-0.775,-0.21765459446621507,0.33673586804171485,-0.6463659358059594,0.5266730473185486,0.685577392578125,True,True
robot_labour,-0.77,-0.21633646092607417,0.3345669094391116,-0.6466164310414135,0.5265147683319408,0.68536376953125,True,True
robot_labour,-0.765,-0.21501832738593324,0.33239815056467825,-0.6468698066480212,0.5263546962918183,0.6851730346679688,True,True
robot_labour,-0.76,-0.21370019384579225,0.3302295953535157,-0.6471261112046091,0.5261928014459528,0.684814453125,True,True
robot_labour,-0.755,-0.21238206030565135,0.32806124784439744,-0.6473853943468086,0.5260290534069195,0.6845779418945312,True,True
robot_labour,-0.75,-0.21106392676551042,0.32589311218319417,-0.6476477067943219,0.5258634211360941,0.684295654296875,True,True
robot_labour,-0.745,-0.20974579322536946,0.32372519262643284,-0.6479131003789641,0.5256958729272131,0.6840972900390625,True,True
robot_labour,-0.74,-0.20842765968522856,0.32155749354499963,-0.6481816280734898,0.5255263763894867,0.6838607788085938,True,True
robot_labour,-0.735,-0.20710952614508762,0.3193900194279906,-0.6484533440212347,0.5253548984302571,0.6835556030273438,True,True
robot_labour,-0.73,-0.2057913926049467,0.31722277488671946,-0.6487283035665865,0.5251814052371853,0.6832427978515625,True,True
robot_labour,-0.725,-0.2044732590648058,0.315055764658888,-0.6490065632863112,0.5250058622599616,0.6829910278320312,True,True
robot_labour,-0.72,-0.2031551255246648,0.31288899361292866,-0.6492881810217512,0.5248282341915264,0.6827545166015625,True,True
robot_labour,-0.715,-0.20183699198452382,0.3107224667525255,-0.6495732159119237,0.5246484849487871,0.6824264526367188,True,True
robot_labour,-0.71,-0.20051885844438289,0.3085561892213242,-0.6498617284275336,0.5244665776528289,0.6822128295898438,True,True
robot_labour,-0.705,-0.199200724904242,0.30639016630783905,-0.6501537804059262,0.5242824746085996,0.6819229125976562,True,True
robot_labour,-0.7,-0.19788259136410102,0.3042244034505667,-0.650449435087001,0.5240961372840655,0.6815719604492188,True,True
robot_labour,-0.695,-0.19656445782396012,0.3020589062433178,-0.6507487571501082,0.5239075262888218,0.6812820434570312,True,True
robot_labour,-0.69,-0.19524632428381916,0.2998936804407756,-0.651051812751944,0.5237166013521566,0.6810379028320312,True,True
robot_labour,-0.685,-0.1939281907436783,0.2977287319642949,-0.6513586695654726,0.5235233213005499,0.6806411743164062,True,True
robot_labour,-0.68,-0.1926100572035373,0.2955640669079518,-0.6516693968198858,0.5233276440346064,0.6802825927734375,True,True
robot_labour,-0.675,-0.19129192366339642,0.2933996915448578,-0.6519840653416292,0.5231295265054089,0.6800079345703125,True,True
robot_labour,-0.67,-0.1899737901232555,0.29123561233375206,-0.6523027475964996,0.52292892469029,0.6797103881835938,True,True
robot_labour,-0.665,-0.18865565658311453,0.2890718359258848,-0.6526255177328448,0.5227257935680133,0.6794891357421875,True,True
robot_labour,-0.66,-0.18733752304297363,0.2869083691722082,-0.6529524516258703,0.5225200870933568,0.679229736328125,True,True
robot_labour,-0.655,-0.18601938950283273,0.2847452191308906,-0.6532836269230705,0.522311758171101,0.6789398193359375,True,True
robot_labour,-0.65,-0.1847012559626917,0.28258239307517025,-0.6536191230907971,0.5221007586294117,0.6785430908203125,True,True
robot_labour,-0.645,-0.1833831224225508,0.2804198985015675,-0.6539590214619727,0.5218870391926229,0.6781768798828125,True,True
robot_labour,-0.64,-0.18206498888240988,0.2782577431384743,-0.6543034052849543,0.5216705494534183,0.677825927734375,True,True
robot_labour,-0.635,-0.1807468553422689,0.27609593495514057,-0.6546523597735556,0.521451237844412,0.6775741577148438,True,True
robot_labour,-0.63,-0.179428721802128,0.27393448217107963,-0.6550059721582251,0.5212290516091407,0.6771392822265625,True,True
robot_labour,-0.625,-0.17811058826198706,0.271773393265916,-0.6553643317383729,0.521003936772468,0.6768112182617188,True,True
robot_labour,-0.62,-0.1767924547218461,0.269612676989698,-0.6557275299358473,0.5207758381104206,0.6765365600585938,True,True
robot_labour,-0.615,-0.1754743211817052,0.26745234237370313,-0.6560956603495369,0.5205446991194606,0.6762771606445312,True,True
robot_labour,-0.61,-0.1741561876415642,0.2652923987417622,-0.6564688188110858,0.5203104619852263,0.6758804321289062,True,True
robot_labour,-0.605,-0.17283805410142328,0.2631328557221316,-0.656847103441694,0.5200730675507523,0.67547607421875,True,True
robot_labour,-0.6,-0.17151992056128237,0.26097372325994495,-0.6572306147099668,0.5198324552842066,0.6751785278320312,True,True
robot_labour,-0.595,-0.17020178702114144,0.2588150116302779,-0.6576194554907729,0.5195885632461749,0.6747665405273438,True,True
robot_labour,-0.59,-0.16888365348100048,0.2566567314518592,-0.6580137311250603,0.5193413280565298,0.6743698120117188,True,True
robot_labour,-0.585,-0.16756551994085955,0.2544988937014678,-0.6584135494805616,0.5190906848609421,0.6740951538085938,True,True
robot_labour,-0.58,-0.1662473864007186,0.2523415097290545,-0.658819021013319,0.518836567297078,0.6737747192382812,True,True
robot_labour,-0.575,-0.16492925286057766,0.2501845912736321,-0.6592302588299338,0.5185789074605573,0.6733322143554688,True,True
robot_labour,-0.57,-0.16361111932043673,0.24802815047997773,-0.659647378750439,0.5183176358707395,0.6729507446289062,True,True
robot_labour,-0.565,-0.1622929857802958,0.24587219991619816,-0.6600704993716692,0.518052681436431,0.67242431640625,True,True
robot_labour,-0.56,-0.16097485224015493,0.2437167525922084,-0.6604997421309858,0.5177839714216063,0.6720046997070312,True,True
robot_labour,-0.555,-0.15965671870001397,0.24156182197917955,-0.6609352313701912,0.5175114314112587,0.671600341796875,True,True
robot_labour,-0.55,-0.158338585159873,0.23940742203001605,-0.6613770943994421,0.5172349852775102,0.671173095703125,True,True
robot_labour,-0.545,-0.15702045161973213,0.23725356720092522,-0.6618254615609412,0.5169545551461274,0.6707305908203125,True,True
robot_labour,-0.54,-0.15570231807959117,0.2351002724741466,-0.6622804662921579,0.516670061363605,0.6702499389648438,True,True
robot_labour,-0.535,-0.15438418453945024,0.23294755338191542,-0.6627422451882925,0.516381422465013,0.6698532104492188,True,True
robot_labour,-0.53,-0.1530660509993093,0.23079542603173706,-0.6632109380636554,0.516088555142813,0.6693267822265625,True,True
robot_labour,-0.525,-0.15174791745916835,0.22864390713305696,-0.6636866880115909,0.5157913742168956,0.6688232421875,True,True
robot_labour,-0.52,-0.15042978391902742,0.22649301402541597,-0.6641696414625261,0.5154897926060967,0.6683273315429688,True,True
robot_labour,-0.515,-0.1491116503788865,0.22434276470818687,-0.6646599482396635,0.515183721301514,0.6678695678710938,True,True
robot_labour,-0.51,-0.1477935168387455,0.22219317787199683,-0.6651577616117801,0.5148730693419605,0.6675033569335938,True,True
robot_labour,-0.505,-0.14647538329860463,0.22004427293194675,-0.6656632383425183,0.5145577437919494,0.6669082641601562,True,True
robot_labour,-0.5,-0.14515724975846367,0.21789607006274722,-0.6661765387354758,0.5142376497226449,0.6662521362304688,True,True
robot_labour,-0.495,-0.1438391162183227,0.21574859023590054,-0.6666978266743172,0.5139126901962776,0.6656265258789062,True,True
robot_labour,-0.49,-0.14252098267818183,0.21360185525906766,-0.6672272696570206,0.5135827662545729,0.6651077270507812,True,True
robot_labour,-0.485,-0.14120284913804088,0.2114558878177697,-0.6677650388232647,0.5132477769118197,0.6644744873046875,True,True
robot_labour,-0.48,-0.13988471559789994,0.2093107115195852,-0.6683113089738407,0.5129076191532758,0.6639022827148438,True,True
robot_labour,-0.475,-0.13856658205775904,0.20716635094101832,-0.668866258580815,0.5125621879397004,0.663177490234375,True,True
robot_labour,-0.47,-0.13724844851761808,0.20502283167722468,-0.6694300697870255,0.5122113762188928,0.6625289916992188,True,True
robot_labour,-0.465,-0.13593031497747712,0.20288018039479955,-0.6700029283933022,0.5118550749452306,0.662109375,True,True
robot_labour,-0.46,-0.1346121814373362,0.2007384248878462,-0.6705850238316099,0.5114931731083195,0.6614990234375,True,True
robot_labour,-0.455,-0.1332940478971953,0.1985975941375647,-0.6711765491220658,0.5111255577720094,0.660980224609375,True,True
robot_labour,-0.45,-0.13197591435705433,0.19645771837561535,-0.6717777008115523,0.510752114125175,0.6601943969726562,True,True
robot_labour,-0.445,-0.13065778081691337,0.19431882915153803,-0.6723886788913334,0.5103727255458423,0.6595077514648438,True,True
robot_labour,-0.44,-0.1293396472767724,0.19218095940452837,-0.6730096866907658,0.5099872736804353,0.6589431762695312,True,True
robot_labour,-0.435,-0.12802151373663154,0.1900441435398987,-0.6736409307438308,0.5095956385401307,0.6581497192382812,True,True
robot_labour,-0.43,-0.12670338019649055,0.18790841751058038,-0.6742826206247859,0.5091976986165648,0.6574630737304688,True,True
robot_labour,-0.425,-0.12538524665634965,0.18577381890405303,-0.6749349687487859,0.5087933310194032,0.6565704345703125,True,True
robot_labour,-0.42,-0.12406711311620873,0.18364038703512225,-0.6755981901327631,0.5083824116386149,0.6557083129882812,True,True
robot_labour,-0.415,-0.12274897957606777,0.18150816304500308,-0.6762725021112875,0.5079648153346306,0.654876708984375,True,True
robot_labour,-0.41,-0.12143084603592685,0.17937719000720706,-0.6769581240014295,0.507540416159977,0.6541748046875,True,True
robot_labour,-0.405,-0.12011271249578592,0.17724751304077646,-0.6776552767098828,0.5071090876164267,0.6534576416015625,True,True
robot_labour,-0.4,-0.11879457895564498,0.17511917943145774,-0.6783641822747438,0.5066707029522175,0.6525039672851562,True,True
robot_labour,-0.395,-0.11747644541550405,0.17299223876146083,-0.6790850633333466,0.5062251355044747,0.651763916015625,True,True
robot_labour,-0.39,-0.11615831187536312,0.17086674304851068,-0.6798181425064366,0.5057722590926294,0.6508026123046875,True,True
robot_labour,-0.385,-0.11484017833522218,0.16874274689496313,-0.6805636416877014,0.5053119484693652,0.649932861328125,True,True
robot_labour,-0.38,-0.11352204479508124,0.16662030764783062,-0.6813217812262231,0.5048440798364798,0.6490325927734375,True,True
robot_labour,-0.375,-0.11220391125494028,0.16449948557064295,-0.6820927789877813,0.504368531434002,0.6481552124023438,True,True
robot_labour,-0.37,-0.11088577771479938,0.16238034402815793,-0.6828768492790666,0.5038851842119982,0.6473464965820312,True,True
robot_labour,-0.365,-0.10956764417465842,0.16026294968503482,-0.6836742016167304,0.5033939225957468,0.6464309692382812,True,True
robot_labour,-0.36,-0.10824951063451749,0.15814737271969267,-0.6844850393207838,0.5028946353563678,0.6454849243164062,True,True
robot_labour,-0.355,-0.10693137709437656,0.15603368705469692,-0.6853095579090702,0.5023872166006145,0.6444931030273438,True,True
robot_labour,-0.35,-0.10561324355423563,0.15392197060515153,-0.6861479432663976,0.5018715668953647,0.6433258056640625,True,True
robot_labour,-0.345,-0.10429511001409468,0.1518123055467226,-0.6870003695582915,0.5013475945444504,0.6421356201171875,True,True
robot_labour,-0.34,-0.10297697647395376,0.14970477860508702,-0.6878669968551997,0.5008152170378672,0.6409683227539062,True,True
robot_labour,-0.335,-0.10165884293381282,0.14759948136878087,-0.6887479684282612,0.5002743626961446,0.6399078369140625,True,True
robot_labour,-0.33,-0.10034070939367191,0.14549651062763114,-0.6896434076723231,0.4997249725357965,0.6387863159179688,True,True
robot_labour,-0.325,-0.09902257585353097,0.1433959687391803,-0.6905534146056846,0.499167002385382,0.63763427734375,True,True
robot_labour,-0.32,-0.09770444231339,0.14129796402577038,-0.6914780618889197,0.4986004252858211,0.6365585327148438,True,True
robot_labour,-0.315,-0.0963863087732491,0.1392026112052361,-0.6924173902969395,0.4980252342133644,0.6352996826171875,True,True
robot_labour,-0.31,-0.09506817523310816,0.13711003185847737,-0.6933714035690395,0.4974414451690618,0.6339569091796875,True,True
robot_labour,-0.305,-0.09375004169296719,0.1350203549375335,-0.6943400625508663,0.49684910068483623,0.6328201293945312,True,True
robot_labour,-0.3,-0.0924319081528263,0.13293371731818346,-0.6953232785297498,0.49624827380349823,0.6312484741210938,True,True
robot_labour,-0.295,-0.09111377461268534,0.13085026440153724,-0.6963209056504965,0.49563907259835654,0.6298980712890625,True,True
robot_labour,-0.29,-0.08979564107254438,0.1287701507695864,-0.6973327322821834,0.49502164530766085,0.6282196044921875,True,True
robot_labour,-0.285,-0.08847750753240348,0.12669354090023743,-0.6983584711873632,0.4943961861702231,0.626861572265625,True,True
robot_labour,-0.28,-0.08715937399226255,0.12462060994798003,-0.6993977483230518,0.4937629420613414,0.6251144409179688,True,True
robot_labour,-0.275,-0.08584124045212159,0.12255154459704429,-0.7004500900773789,0.4931222200429838,0.6235198974609375,True,True
robot_labour,-0.27,-0.08452310691198066,0.12048654399469014,-0.701514908716326,0.49247439595931675,0.621856689453125,True,True
robot_labour,-0.265,-0.08320497337183974,0.1184258207731565,-0.7025914857809434,0.4918199242285347,0.620269775390625,True,True
robot_labour,-0.26,-0.0818868398316988,0.11636960216979125,-0.7036789531360627,0.4911593490049478,0.6187362670898438,True,True
robot_labour,-0.255,-0.08056870629155788,0.11431813125599764,-0.7047762713259965,0.4904933169119864,0.6168594360351562,True,True
robot_labour,-0.25,-0.07925057275141693,0.11227166828688274,-0.7058822048400627,0.4898225915777454,0.6150054931640625,True,True
robot_labour,-0.245,-0.077932439211276,0.1102304921848963,-0.7069952938299068,0.4891480702406292,0.61334228515625,True,True
robot_labour,-0.24,-0.07661430567113507,0.1081949021723179,-0.7081138217502557,0.4884708027343895,0.6115875244140625,True,True
robot_labour,-0.235,-0.07529617213099413,0.10616521956921071,-0.7092357783135127,0.4877920132102788,0.6098175048828125,True,True
robot_labour,-0.23,-0.07397803859085321,0.1041417897754226,-0.7103588170549378,0.48711312501026743,0.607818603515625,True,True
robot_labour,-0.225,-0.07265990505071226,0.10212498445740996,-0.7114802066972576,0.48643578917049896,0.6057815551757812,True,True
robot_labour,-0.22,-0.07134177151057132,0.10011520396309667,-0.7125967753795769,0.48576191710977745,0.603912353515625,True,True
robot_labour,-0.215,-0.0700236379704304,0.0981128799906872,-0.7137048466733114,0.4850937181454598,0.6018524169921875,True,True
robot_labour,-0.21,-0.06870550443028943,0.09611847854034022,-0.7148001661455162,0.48443374258038174,0.599578857421875,True,True
robot_labour,-0.205,-0.06738737089014851,0.09413250318089397,-0.715877817045304,0.4837849312212895,0.597320556640625,True,True
robot_labour,-0.2,-0.06606923735000758,0.09215549866741811,-0.7169321234801868,0.48315067232369335,0.595123291015625,True,True
robot_labour,-0.195,-0.06475110380986665,0.09018805494924646,-0.7179565392147051,0.4825348671121837,0.592803955078125,True,True
robot_labour,-0.19,-0.0634329702697257,0.08823081161229573,-0.7189435199628808,0.4819420052011255,0.5905990600585938,True,True
robot_labour,-0.185,-0.062114836729584774,0.08628446280384927,-0.7198843767595867,0.4813772514400631,0.5880279541015625,True,True
robot_labour,-0.18,-0.060796703189443836,0.08434976269250316,-0.7207691076865036,0.4808465459325227,0.5855941772460938,True,True
robot_labour,-0.175,-0.059478569649302905,0.08242753152049782,-0.7215862049018411,0.48035671922654943,0.58319091796875,True,True
robot_labour,-0.17,-0.05816043610916197,0.0805186623100014,-0.72232243358988,0.47991562494928697,0.5806503295898438,True,True
robot_labour,-0.165,-0.05684230256902105,0.07862412828877491,-0.7229625791238994,0.4795322924526318,0.5781326293945312,True,True
robot_labour,-0.16,-0.055524169028880105,0.0767449911036267,-0.7234891584508403,0.4792171023454061,0.575469970703125,True,True
robot_labour,-0.155,-0.05420603548873917,0.07488240989157645,-0.7238820914981907,0.4789819880969282,0.5731430053710938,True,True
robot_labour,-0.15,-0.052887901948598236,0.07303765127790396,-0.7241183283312724,0.4788406671867677,0.5705947875976562,True,True
robot_labour,-0.145,-0.05156976840845729,0.0712121003661854,-0.7241714279353689,0.4788089055137929,0.5684890747070312,True,True
robot_labour,-0.14,-0.05025163486831637,0.06940727277658253,-0.7240110849776953,0.4789048189162608,0.56610107421875,True,True
robot_labour,-0.135,-0.048933501328175436,0.06762482777316715,-0.7236026018774092,0.4791492156231679,0.5639495849609375,True,True
robot_labour,-0.13,-0.047615367788034484,0.06586658249648619,-0.7229063051901112,0.4795659831545205,0.5618209838867188,True,True
robot_labour,-0.125,-0.046297234247893546,0.06413452728079189,-0.7218769079749565,0.48018252247307636,0.5597305297851562,True,True
robot_labour,-0.12,-0.04497910070775262,0.06243084198249429,-0.7204628238133459,0.48103023086800456,0.5579910278320312,True,True
robot_labour,-0.115,-0.0436609671676117,0.060757913172721945,-0.7186054439278183,0.48214503286027044,0.5561447143554688,True,True
robot_labour,-0.11,-0.04234283362747075,0.05911835194686319,-0.7162383969284085,0.4835679550175707,0.5551605224609375,True,True
robot_labour,-0.105,-0.041024700087329814,0.05751501197140327,-0.7132868216688799,0.4853457355175162,0.5539093017578125,True,True
robot_labour,-0.1,-0.0397065665471889,0.055951007216818324,-0.7096666981046499,0.4875314520698523,0.5525970458984375,True,True
robot_labour,-0.095,-0.03838843300704795,0.05442972860882705,-0.7052842993749995,0.49018514178986144,0.5523605346679688,True,True
robot_labour,-0.09,-0.037070299466907014,0.0529548585649418,-0.7000358507509831,0.49337437316386684,0.5527496337890625,True,True
robot_labour,-0.085,-0.035752165926766076,0.05153038206906418,-0.6938075071682727,0.49717471280082287,0.5533218383789062,True,True
robot_labour,-0.08,-0.034434032386625145,0.05016059258105697,-0.6864757893555882,0.5016700079361676,0.5543365478515625,True,True
robot_labour,-0.075,-0.03311589884648421,0.0488500906993033,-0.6779086460725139,0.5069523799648208,0.5561141967773438,True,True
robot_labour,-0.07,-0.031797765306343276,0.04760377312698905,-0.6679673315289261,0.5131217960392858,0.5590667724609375,True,True
robot_labour,-0.065,-0.030479631766202345,0.046426809193286664,-0.6565092948625406,0.5202850581251832,0.56298828125,True,True
robot_labour,-0.06,-0.02916149822606141,0.04532460202982663,-0.6433922620406283,0.528554027490991,0.5680618286132812,True,True
robot_labour,-0.055,-0.027843364685920458,0.044302731606558954,-0.6284796371742976,0.538042896169712,0.575531005859375,True,True
robot_labour,-0.05,-0.026525231145779544,0.04336687731197331,-0.6116472476208495,0.5488643374575871,0.5841827392578125,True,True
robot_labour,-0.045,-0.025207097605638603,0.042522718741033125,-0.5927912972628094,0.5611244292142389,0.5940628051757812,True,True
robot_labour,-0.04,-0.02388896406549767,0.041775814915026965,-0.5718371769428893,0.5749163600686025,0.6060638427734375,True,True
robot_labour,-0.035,-0.022570830525356734,0.04113146430469603,-0.5487485288186006,0.5903131068965081,0.6198577880859375,True,True
robot_labour,-0.03,-0.021252696985215792,0.04059455063466886,-0.5235357123787301,0.6073595055488212,0.6355667114257812,True,True
robot_labour,-0.025,-0.019934563445074865,0.04016938222030828,-0.4962626344548715,0.6260643974598121,0.6531448364257812,True,True
robot_labour,-0.02,-0.018616429904933927,0.03985953507054566,-0.46705085425571363,0.646393768408701,0.672210693359375,True,True
robot_labour,-0.015,-0.01729829636479299,0.039667711623778044,-0.43608001713978023,0.6682659279372736,0.69293212890625,True,True
robot_labour,-0.01,-0.01598016282465205,0.03959562723638418,-0.40358403035898816,0.6915497326141774,0.7150039672851562,True,True
robot_labour,-0.005,-0.014662029284511121,0.039643935076710976,-0.3698429345154589,0.7160665856205718,0.7376632690429688,True,True
robot_labour,-0.0,-0.01334389574437019,0.03981219689791783,-0.33517104767127465,0.7415964601523167,0.7612228393554688,True,True
robot_labour,0.005,-0.012025762204229252,0.04009890268647006,-0.29990252596829575,0.767887579637835,0.7854766845703125,True,True
robot_labour,0.01,-0.010707628664088316,0.0405015371662327,-0.26437585862828866,0.7946687866041193,0.8102645874023438,True,True
robot_labour,0.015,-0.009389495123947381,0.041016686486657815,-0.2289189090640381,0.8216631996322671,0.8346405029296875,True,True
robot_labour,0.02,-0.008071361583806448,0.04164017494211741,-0.19383591915802886,0.8486016051674793,0.8591537475585938,True,True
robot_labour,0.025,-0.0067532280436655165,0.0423672197509327,-0.15939747954588987,0.8752341835388188,0.88348388671875,True,True
robot_labour,0.03,-0.005435094503524581,0.04319259185306916,-0.12583395138716078,0.9013395620706725,0.9074554443359375,True,True
robot_labour,0.035,-0.004116960963383639,0.04411077208456146,-0.09333232606972557,0.9267307001452336,0.9314651489257812,True,True
robot_labour,0.04,-0.002798827423242706,0.04511609444704576,-0.06203611942801879,0.9512576098929283,0.95428466796875,True,True
robot_labour,0.045,-0.0014806938831017707,0.04620287094717918,-0.03204765965289374,0.9748073032282853,0.975982666015625,True,True
robot_labour,0.05,-0.00016256034296084523,0.04736549514907399,-0.0034320414565332234,0.9973015854593099,0.997222900390625,True,True
robot_labour,0.055,0.001155573197180096,0.04859852383581752,0.023777948504856213,0.981306608625873,0.9819107055664062,True,True
robot_labour,0.06,0.0024737067373210297,0.04989673785602031,0.04957652230610831,0.961037682886061,0.9627304077148438,True,True
robot_labour,0.065,0.0037918402774619678,0.05125518431995552,0.07397964377206746,0.9418901126736251,0.944488525390625,True,True
robot_labour,0.07,0.0051099738176029,0.05266920288006201,0.09702014722416251,0.9238450448276201,0.9270172119140625,True,True
robot_labour,0.075,0.006428107357743834,0.05413443899882925,0.118743400257327,0.906870505959385,0.910919189453125,True,True
robot_labour,0.08,0.007746240897884767,0.05564684699749946,0.13920359042503974,0.8909250776648605,0.8961334228515625,True,True
robot_labour,0.085,0.009064374438025706,0.057202685401618866,0.15846064523693112,0.8759609865023665,0.8828887939453125,True,True
robot_labour,0.09,0.010382507978166634,0.0587985067403787,0.17657774922771385,0.8619266177814399,0.8709564208984375,True,True
robot_labour,0.095,0.011700641518307575,0.060431143576706,0.1936193959900131,0.8487684996254176,0.8604202270507812,True,True
robot_labour,0.1,0.013018775058448506,0.06209769218277653,0.20964990164416134,0.836432823008338,0.8505706787109375,True,True
robot_labour,0.105,0.014336908598589443,0.0637954949523365,0.22473230451932338,0.8248665700033371,0.841583251953125,True,True
robot_labour,0.11,0.015655042138730382,0.06552212236602714,0.2389275800816769,0.814018320913176,0.8329849243164062,True,True
robot_labour,0.115,0.016973175678871317,0.06727535510000665,0.25229410760657045,0.8038388047751717,0.8260955810546875,True,True
robot_labour,0.12,0.01829130921901225,0.06905316668816619,0.264887333865702,0.7942812493889181,0.8193130493164062,True,True
robot_labour,0.125,0.019609442759153186,0.07085370700848087,0.27675958798889694,0.7853015780938223,0.8141021728515625,True,True
robot_labour,0.13,0.02092757629929412,0.07267528675809924,0.28796000996806337,0.7768584919698521,0.809417724609375,True,True
robot_labour,0.135,0.02224570983943506,0.07451636300336037,0.29853456264943945,0.7689134684459218,0.8052978515625,True,True
robot_labour,0.14,0.023563843379576,0.0763755258343503,0.3085261033839984,0.7614307006801634,0.8012847900390625,True,True
robot_labour,0.145,0.024881976919716917,0.07825148611398225,0.31797449678429707,0.7543769965509601,0.7974319458007812,True,True
robot_labour,0.15,0.026200110459857855,0.08014306428486699,0.32691675435231754,0.7477216515940664,0.79400634765625,True,True
robot_labour,0.155,0.02751824399999879,0.08204918018017122,0.335387190214109,0.7414363066192471,0.7911758422851562,True,True
robot_labour,0.16,0.02883637754013973,0.08396884377467871,0.3434175849499491,0.7354947979040678,0.7886886596679688,True,True
robot_labour,0.165,0.03015451108028068,0.08590114680737918,0.35103735166537164,0.7298730056601418,0.7869033813476562,True,True
robot_labour,0.17,0.031472644620421604,0.08784525520560423,0.35827370011913584,0.7245487047778827,0.7847671508789062,True,True
robot_labour,0.175,0.032790778160562514,0.08980040224186568,0.3651517960047086,0.7195014205754289,0.7829437255859375,True,True
robot_labour,0.18,0.03410891170070346,0.0917658823572919,0.37169491345269123,0.7147122913185483,0.781463623046875,True,True
robot_labour,0.185,0.0354270452408444,0.0937410455892834,0.3779245795493289,0.7101639385694469,0.7800445556640625,True,True
robot_labour,0.19,0.03674517878098535,0.09572529254528397,0.3838607102046997,0.7058403459059625,0.7784271240234375,True,True
robot_labour,0.195,0.03806331232112627,0.09771806986907079,0.38952173709658866,0.7017267461829325,0.7769317626953125,True,True
robot_labour,0.2,0.03938144586126721,0.09971886615049992,0.3949247256966507,0.6978095172488028,0.775848388671875,True,True
robot_labour,0.205,0.04069957940140814,0.10172720823405286,0.40008548458114557,0.6940760858548902,0.77496337890625,True,True
robot_labour,0.21,0.04201771294154908,0.10374265788573044,0.4050186663602776,0.690514839380732,0.7741317749023438,True,True
robot_labour,0.215,0.04333584648169,0.10576480878177472,0.4097378606442258,0.687115044930182,0.7732620239257812,True,True
robot_labour,0.22,0.04465398002183095,0.10779328378634427,0.41425567951282616,0.6838667753168738,0.7724151611328125,True,True
robot_labour,0.225,0.045972113561971874,0.10982773248860983,0.4185838359791286,0.6807608414449974,0.771575927734375,True,True
robot_labour,0.23,0.047290247102112805,0.11186782897278492,0.42273321594198027,0.677788730594872,0.7708206176757812,True,True
robot_labour,0.235,0.04860838064225374,0.11391326979736464,0.426713944114861,0.6749425501374235,0.7701263427734375,True,True
robot_labour,0.24,0.0499265141823947,0.1159637721623371,0.4305354444015742,0.6722149762233794,0.7693557739257812,True,True
robot_labour,0.245,0.051244647722535626,0.11801907224537053,0.4342064951671044,0.6695992070190762,0.76885986328125,True,True
robot_labour,0.25,0.052562781262676564,0.12007892368998757,0.43773527982629107,0.6670889200890975,0.7682952880859375,True,True
robot_labour,0.255,0.053880914802817516,0.12214309623053629,0.44112943314553915,0.6646782335551453,0.7678375244140625,True,True
robot_labour,0.26,0.05519904834295842,0.12421137444037302,0.4443960836248247,0.6623616706895409,0.767242431640625,True,True
robot_labour,0.265,0.056517181883099385,0.12628355659110718,0.4475418922995339,0.6601341276298961,0.7665481567382812,True,True
robot_labour,0.27,0.05783531542324031,0.12835945361203638,0.45057308827479337,0.6579908439283595,0.76605224609375,True,True
robot_labour,0.275,0.059153448963381226,0.13043888814004034,0.45349550127929306,0.6559273756741131,0.7652816772460938,True,True
robot_labour,0.28,0.06047158250352217,0.1325216936512197,0.45631459150134096,0.6539395709514118,0.764739990234375,True,True
robot_labour,0.285,0.061789716043663095,0.1346077136664679,0.45903547694722874,0.6520235474172733,0.764129638671875,True,True
robot_labour,0.29,0.06310784958380404,0.13669680102397494,0.461662958540893,0.6501756718030391,0.7637557983398438,True,True
robot_labour,0.295,0.06442598312394496,0.13878881721237812,0.4642015431643798,0.6483925411624355,0.7633743286132812,True,True
robot_labour,0.3,0.06574411666408593,0.14088363175891636,0.46665546482070347,0.6466709657055506,0.7630767822265625,True,True
robot_labour,0.305,0.06706225020422682,0.14298112166751692,0.4690287040842422,0.6450079530734484,0.7625961303710938,True,True
robot_labour,0.31,0.06838038374436775,0.1450811709022537,0.4713250059888063,0.643400693921992,0.7621307373046875,True,True
robot_labour,0.315,0.06969851728450872,0.1471836699120691,0.47354789648979545,0.6418465486960321,0.7618484497070312,True,True
robot_labour,0.32,0.07101665082464965,0.14928851519306235,0.47570069762439365,0.6403430354864846,0.7614059448242188,True,True
robot_labour,0.325,0.07233478436479059,0.15139560888500633,0.4777865414824086,0.6388878188730837,0.7610092163085938,True,True
robot_labour,0.33,0.0736529179049315,0.15350485839908368,0.4798083830900505,0.6374786996648898,0.7604827880859375,True,True
robot_labour,0.335,0.07497105144507245,0.15561617607412143,0.48176901229961494,0.6361136054589865,0.7601852416992188,True,True
robot_labour,0.34,0.07628918498521338,0.1577294788588662,0.4836710647695458,0.6347905819453548,0.7597732543945312,True,True
robot_labour,0.345,0.0776073185253543,0.1598446880180739,0.4855170321116903,0.6335077848927148,0.7591552734375,True,True
robot_labour,0.35,0.07892545206549523,0.1619617288603995,0.4873092712755854,0.6322634727562639,0.7589111328125,True,True
robot_labour,0.355,0.08024358560563617,0.16408053048625867,0.4890500132333273,0.6310559998537628,0.7586288452148438,True,True
robot_labour,0.36,0.08156171914577712,0.16620102555400454,0.49074137102285725,0.6298838100614201,0.758331298828125,True,True
robot_labour,0.365,0.08287985268591806,0.1683231500629132,0.49238534720233385,0.6287454309855058,0.7578277587890625,True,True
robot_labour,0.37,0.084197986226059,0.17044684315160974,0.493983840763576,0.6276394685696992,0.7574539184570312,True,True
robot_labour,0.375,0.08551611976619992,0.17257204691068945,0.4955386535483163,0.6265646021018151,0.7572402954101562,True,True
robot_labour,0.38,0.08683425330634088,0.1746987062084012,0.49705149620716,0.6255195795868781,0.7567901611328125,True,True
robot_labour,0.385,0.0881523868464818,0.1768267685283585,0.49852399373765865,0.624503213456479,0.7563323974609375,True,True
robot_labour,0.39,0.08947052038662273,0.17895618381833686,0.4999576906347456,0.6235143765870546,0.7559127807617188,True,True
robot_labour,0.395,0.09078865392676369,0.18108690434929683,0.5013540556839069,0.6225519986021636,0.7556915283203125,True,True
robot_labour,0.4,0.09210678746690461,0.18321888458384614,0.5027144864248638,0.6216150624360388,0.7554092407226562,True,True
robot_labour,0.405,0.09342492100704555,0.18535208105342216,0.5040403133111768,0.6207026011376828,0.7550582885742188,True,True
robot_labour,0.41,0.09474305454718648,0.18748645224353766,0.5053328035890237,0.619813694896593,0.7546768188476562,True,True
robot_labour,0.415,0.09606118808732739,0.189621958486486,0.5065931649164646,0.6189474682728248,0.7544784545898438,True,True
robot_labour,0.42,0.09737932162746835,0.19175856186095375,0.5078225487427215,0.6181030876155921,0.7541122436523438,True,True
robot_labour,0.425,0.09869745516760929,0.19389622609803459,0.5090220534653807,0.6172797586559557,0.75372314453125,True,True
robot_labour,0.43,0.10001558870775021,0.19603491649317825,0.5101927273819642,0.6164767242603562,0.7532806396484375,True,True
robot_labour,0.435,0.10133372224789115,0.19817459982364768,0.5113355714509648,0.6156932623328767,0.7531204223632812,True,True
robot_labour,0.44,0.10265185578803207,0.20031524427109076,0.5124515418762198,0.6149286838551159,0.7528305053710938,True,True
robot_labour,0.445,0.10396998932817302,0.20245681934886497,0.5135415525273879,0.6141823310534794,0.752655029296875,True,True
robot_labour,0.45,0.10528812286831393,0.20459929583378197,0.5146064772082637,0.613453575684521,0.7523422241210938,True,True
robot_labour,0.455,0.10660625640845488,0.20674264570196502,0.5156471517837484,0.6127418174297459,0.7520904541015625,True,True
robot_labour,0.46,0.10792438994859584,0.20888684206853564,0.5166643761754315,0.6120464823919582,0.7517471313476562,True,True
robot_labour,0.465,0.10924252348873678,0.21103185913086864,0.5176589162349722,0.6113670216858883,0.7514724731445312,True,True
robot_labour,0.47,0.11056065702887767,0.2131776721151738,0.5186315055037514,0.6107029101163983,0.7510757446289062,True,True
robot_labour,0.475,0.11187879056901863,0.2153242572261811,0.5195828468666157,0.6100536449381033,0.7507400512695312,True,True
robot_labour,0.48,0.11319692410915957,0.21747159159972362,0.5205136141069353,0.6094187446907204,0.7506256103515625,True,True
robot_labour,0.485,0.11451505764930048,0.2196196532580263,0.5214244533696594,0.6087977481048986,0.7502899169921875,True,True
robot_labour,0.49,0.11583319118944142,0.2217684210675242,0.5223159845385401,0.608190213073692,0.7500686645507812,True,True
robot_labour,0.495,0.11715132472958238,0.22391787469904684,0.52318880253324,0.6075957156852063,0.749847412109375,True,True
robot_labour,0.5,0.11846945826972329,0.2260679945902154,0.5240434785316171,0.6070138493122782,0.7496109008789062,True,True
robot_labour,0.505,0.11978759180986423,0.22821876190991316,0.5248805611220915,0.6064442237553781,0.7493667602539062,True,True
robot_labour,0.51,0.12110572535000518,0.23037015852469675,0.5257005773906349,0.6058864644351878,0.7491989135742188,True,True
robot_labour,0.515,0.12242385889014613,0.23252216696702813,0.5265040339466042,0.6053402116315868,0.7490386962890625,True,True
robot_labour,0.52,0.12374199243028705,0.23467477040521295,0.5272914178913299,0.6048051197660066,0.74884033203125,True,True
robot_labour,0.525,0.12506012597042798,0.23682795261494077,0.528063197733097,0.6042808567243455,0.748687744140625,True,True
robot_labour,0.53,0.12637825951056894,0.23898169795232888,0.5288198242518906,0.6037671032178298,0.7484893798828125,True,True
robot_labour,0.535,0.12769639305070984,0.24113599132837896,0.5295617313170513,0.6032635521794029,0.7483596801757812,True,True
robot_labour,0.54,0.12901452659085075,0.24329081818476048,0.5302893366607623,0.6027699081933872,0.7480545043945312,True,True
robot_labour,0.545,0.1303326601309917,0.24544616447084416,0.5310030426100774,0.6022858869563358,0.747772216796875,True,True
robot_labour,0.55,0.1316507936711327,0.24760201662190776,0.5317032367800363,0.6018112147671232,0.7474899291992188,True,True
robot_labour,0.555,0.1329689272112736,0.24975836153844896,0.5323902927302145,0.601345628044469,0.747222900390625,True,True
robot_labour,0.56,0.13428706075141453,0.2519151865665387,0.5330645705869149,0.6008888728702119,0.74713134765625,True,True
robot_labour,0.565,0.13560519429155546,0.2540724794791552,0.5337264176330475,0.600440704556764,0.7468109130859375,True,True
robot_labour,0.57,0.1369233278316964,0.25623022845844284,0.5343761688676149,0.6000008872372872,0.7466888427734375,True,True
robot_labour,0.575,0.1382414613718373,0.25838842207884266,0.5350141475365926,0.599569193477225,0.7464599609375,True,True
robot_labour,0.58,0.13955959491197822,0.2605470492910462,0.5356406656368694,0.5991454039059205,0.7462921142578125,True,True
robot_labour,0.585,0.1408777284521192,0.2627060994067246,0.536256024394815,0.5987293068671369,0.7461471557617188,True,True
robot_labour,0.59,0.14219586199226011,0.26486556208399237,0.5368605147209282,0.5983206980873687,0.7460556030273438,True,True
robot_labour,0.595,0.14351399553240105,0.2670254273135628,0.5374544176419398,0.5979193803609075,0.7457733154296875,True,True
robot_labour,0.6,0.144832129072542,0.26918568540555937,0.5380380047116385,0.5975251632507017,0.745574951171875,True,True
robot_labour,0.605,0.14615026261268294,0.27134632697694483,0.5386115384016262,0.5971378628040955,0.745452880859375,True,True
robot_labour,0.61,0.14746839615282384,0.27350734293953727,0.5391752724731191,0.596757301282607,0.7453536987304688,True,True
robot_labour,0.615,0.14878652969296477,0.2756687244885799,0.5397294523308485,0.5963833069049507,0.7451019287109375,True,True
robot_labour,0.62,0.15010466323310573,0.27783046309183546,0.5402743153600452,0.596015713602559,0.7450027465820312,True,True
robot_labour,0.625,0.1514227967732467,0.2799925504791785,0.5408100912474354,0.5956543607869125,0.7447433471679688,True,True
robot_labour,0.63,0.1527409303133876,0.2821549786326571,0.541337002287115,0.5952990931280182,0.7444686889648438,True,True
robot_labour,0.635,0.15405906385352852,0.2843177397770025,0.5418552636721188,0.5949497603434326,0.7443084716796875,True,True
robot_labour,0.64,0.1553771973936695,0.28648082637056144,0.5423650837724474,0.594606216997249,0.7440032958984375,True,True
robot_labour,0.645,0.1566953309338104,0.2886442310966297,0.5428666644002782,0.5942683223085105,0.7437362670898438,True,True
robot_labour,0.65,0.15801346447395134,0.2908079468551671,0.5433602010630328,0.593935939968546,0.743621826171875,True,True
robot_labour,0.655,0.15933159801409233,0.29297196675487414,0.5438458832049382,0.5936089379667484,0.7435379028320312,True,True
robot_labour,0.66,0.16064973155423323,0.29513628410561255,0.5443238944376823,0.5932871884243517,0.7433700561523438,True,True
robot_labour,0.665,0.16196786509437416,0.29730089241115115,0.5447944127607304,0.5929705674357818,0.7432479858398438,True,True
robot_labour,0.67,0.1632859986345151,0.29946578536222346,0.5452576107718282,0.592658954917191,0.7431488037109375,True,True
robot_labour,0.675,0.16460413217465603,0.3016309568298784,0.5457136558681996,0.5923522344617962,0.7430343627929688,True,True
robot_labour,0.68,0.16592226571479698,0.30379640085911314,0.5461627104389039,0.5920502932016779,0.7427902221679688,True,True
robot_labour,0.685,0.16724039925493792,0.3059621116627715,0.5466049320488044,0.5917530216757013,0.7427978515625,True,True
robot_labour,0.69,0.16855853279507882,0.3081280836156969,0.5470404736145641,0.5914603137032549,0.7425537109375,True,True
robot_labour,0.695,0.16987666633521975,0.31029431124912654,0.5474694835730668,0.5911720662635089,0.74237060546875,True,True
robot_labour,0.7,0.17119479987536068,0.3124607892453165,0.5478921060426359,0.5908881793799164,0.7422332763671875,True,True
robot_labour,0.705,0.1725129334155016,0.3146275124323851,0.5483084809774079,0.5906085560096987,0.742218017578125,True,True
robot_labour,0.71,0.17383106695564254,0.31679447577936637,0.5487187443151892,0.5903331019380647,0.74212646484375,True,True
robot_labour,0.715,0.17514920049578347,0.3189616743914615,0.549123028119118,0.5900617256769324,0.742034912109375,True,True
robot_labour,0.72,0.1764673340359245,0.3211291035054815,0.5495214607134239,0.5897943383679367,0.7417678833007812,True,True
robot_labour,0.725,0.17778546757606536,0.3232967584854697,0.5499141668135711,0.5895308536895055,0.7416229248046875,True,True
robot_labour,0.73,0.1791036011162063,0.325464634818498,0.5503012676510524,0.5892711877678183,0.741455078125,True,True
robot_labour,0.735,0.18042173465634725,0.32763272811062805,0.5506828810930826,0.5890152590914552,0.7413864135742188,True,True
robot_labour,0.74,0.18173986819648819,0.3298010340830294,0.5510591217574353,0.5887629884295629,0.741241455078125,True,True
robot_labour,0.745,0.1830580017366291,0.3319695485682484,0.5514301011226482,0.5885142987533677,0.7411956787109375,True,True
robot_labour,0.75,0.18437613527677008,0.33413826750662073,0.5517959276338104,0.5882691151608818,0.7411117553710938,True,True
robot_labour,0.755,0.185694268816911,0.3363071869428213,0.5521567068041356,0.5880273648046553,0.7409439086914062,True,True
robot_labour,0.76,0.18701240235705194,0.33847630302254517,0.5525125413125168,0.5877889768224241,0.7408218383789062,True,True
robot_labour,0.765,0.18833053589719284,0.3406456119893139,0.5528635310972413,0.5875538822705288,0.7407455444335938,True,True
robot_labour,0.77,0.1896486694373338,0.3428151101814021,0.5532097734460433,0.5873220140599734,0.740631103515625,True,True
robot_labour,0.775,0.19096680297747473,0.3449847940288787,0.5535513630826548,0.5870933068950034,0.7404632568359375,True,True
robot_labour,0.78,0.19228493651761563,0.3471546600507577,0.5538883922500177,0.5868676972140892,0.7403030395507812,True,True
robot_labour,0.785,0.1936030700577566,0.3493247048522546,0.5542209507902975,0.5866451231332088,0.7401809692382812,True,True
robot_labour,0.79,0.19492120359789752,0.35149492512214275,0.5545491262218462,0.5864255243913228,0.740142822265625,True,True
robot_labour,0.795,0.19623933713803848,0.35366531763020664,0.5548730038132459,0.5862088422979455,0.7399673461914062,True,True
robot_labour,0.8,0.1975574706781794,0.3558358792247875,0.5551926666545591,0.5859950196827244,0.7399063110351562,True,True
robot_labour,0.805,0.19887560421832035,0.3580066068304165,0.5555081957259111,0.5857840008469293,0.7398757934570312,True,True
robot_labour,0.81,0.2001937377584613,0.360177497445534,0.5558196699635145,0.5855757315167774,0.73968505859375,True,True
robot_labour,0.815,0.20151187129860212,0.3623485481402887,0.556127166323249,0.5853701587985116,0.7395782470703125,True,True
robot_labour,0.82,0.2028300048387431,0.364519756054416,0.556430759841901,0.58516723113515,0.7395095825195312,True,True
robot_labour,0.825,0.2041481383788841,0.3666911183951897,0.5567305236961587,0.5849668982648465,0.7394256591796875,True,True
robot_labour,0.83,0.205466271919025,0.3688626324354468,0.5570265292594604,0.5847691111807823,0.7393341064453125,True,True
robot_labour,0.835,0.20678440545916593,0.37103429551167955,0.557318846156788,0.5845738220925318,0.7391510009765625,True,True
robot_labour,0.84,0.2081025389993068,0.3732061050221947,0.557607542317484,0.5843809843888345,0.7391128540039062,True,True
robot_labour,0.845,0.20942067253944777,0.37537805842533584,0.5578926840261825,0.584190552601716,0.7389602661132812,True,True
robot_labour,0.85,0.21073880607958873,0.377550153237766,0.5581743359719255,0.5840024823719067,0.7388763427734375,True,True
robot_labour,0.855,0.21205693961972966,0.3797223870328093,0.5584525612955425,0.5838167304154925,0.7387619018554688,True,True
robot_labour,0.86,0.21337507315987062,0.38189475743884854,0.558727421635364,0.5836332544917621,0.7386245727539062,True,True
robot_labour,0.865,0.21469320670001155,0.3840672621377767,0.5589989771713334,0.5834520133721851,0.7385101318359375,True,True
robot_labour,0.87,0.21601134024015248,0.38623989886349985,0.5592672866675862,0.5832729668104898,0.7382965087890625,True,True
robot_labour,0.875,0.2173294737802934,0.38841266540049124,0.5595324075135542,0.5830960755137871,0.7381973266601562,True,True
robot_labour,0.88,0.21864760732043437,0.390585559582391,0.5597943957636569,0.582921301114698,0.7380752563476562,True,True
robot_labour,0.885,0.21996574086057527,0.3927585792906546,0.5600533061756321,0.5827486061444525,0.738037109375,True,True
robot_labour,0.89,0.22128387440071629,0.39493172245324343,0.5603091922475648,0.5825779540069098,0.7379608154296875,True,True
robot_labour,0.895,0.22260200794085716,0.39710498704335895,0.5605621062536588,0.5824093089534722,0.737884521484375,True,True
robot_labour,0.9,0.2239201414809981,0.399278371078218,0.5608120992788074,0.5822426360588545,0.7378311157226562,True,True
robot_labour,0.905,0.22523827502113908,0.40145187261786736,0.5610592212520032,0.5820779011976707,0.7377548217773438,True,True
robot_labour,0.91,0.22655640856127998,0.40362548976403595,0.5613035209786364,0.5819150710218169,0.7375640869140625,True,True
robot_labour,0.915,0.2278745421014209,0.4057992206590245,0.5615450461717224,0.5817541129386061,0.7375411987304688,True,True
robot_labour,0.92,0.22919267564156187,0.40797306348462975,0.5617838434820994,0.5815949950896366,0.7373580932617188,True,True
robot_labour,0.925,0.23051080918170277,0.4101470164611029,0.5620199585276362,0.5814376863303609,0.7372665405273438,True,True
robot_labour,0.93,0.2318289427218437,0.4123210778461405,0.5622534359214877,0.5812821562103269,0.7371826171875,True,True
robot_labour,0.935,0.23314707626198466,0.41449524593390713,0.5624843192994327,0.5811283749540708,0.7371368408203125,True,True
robot_labour,0.94,0.23446520980212557,0.4166695190540887,0.562712651346328,0.5809763134426327,0.7370986938476562,True,True
robot_labour,0.945,0.23578334334226647,0.4188438955709743,0.562938473821716,0.5808259431956713,0.7369918823242188,True,True
robot_labour,0.95,0.23710147688240743,0.4210183738825674,0.5631618275846103,0.5806772363541612,0.7368927001953125,True,True
robot_labour,0.955,0.23841961042254842,0.4231929524197226,0.5633827526174962,0.580530165663641,0.7369155883789062,True,True
robot_labour,0.96,0.23973774396268932,0.4253676296453107,0.5636012880495694,0.5803847044580015,0.7368240356445312,True,True
robot_labour,0.965,0.2410558775028303,0.4275424040534076,0.5638174721792465,0.5802408266437893,0.73675537109375,True,True
robot_labour,0.97,0.24237401104297113,0.42971727416850786,0.5640313424959673,0.580098506685005,0.7366790771484375,True,True
robot_labour,0.975,0.2436921445831121,0.43189223854476266,0.564242935701321,0.5799577195883829,0.7365493774414062,True,True
robot_labour,0.98,0.24501027812325304,0.4340672957652398,0.5644522877295137,0.579818440889133,0.7364349365234375,True,True
robot_labour,0.985,0.24632841166339398,0.4362424444412055,0.5646594337672084,0.5796806466371234,0.7363739013671875,True,True
robot_labour,0.99,0.24764654520353482,0.438417683211429,0.5648644082727523,0.5795443133834972,0.7362442016601562,True,True
robot_labour,0.995,0.24896467874367584,0.4405930107415048,0.5650672449948213,0.5794094181676982,0.7361984252929688,True,True
robot_labour,1.0,0.25028281228381677,0.4427684257231978,0.5652679769904916,0.5792759385048977,0.7360992431640625,True,True
robot_labour,1.005,0.25160094582395776,0.4449439268738055,0.5654666366427707,0.5791438523738053,0.7359848022460938,True,True
robot_labour,1.01,0.25291907936409874,0.44711951293553975,0.5656632556775967,0.5790131382048505,0.7359161376953125,True,True
robot_labour,1.015,0.2542372129042395,0.4492951826749251,0.56585786518033,0.5788837748687219,0.7358551025390625,True,True
robot_labour,1.02,0.25555534644438055,0.4514709348822169,0.5660504956117535,0.5787557416652526,0.73565673828125,True,True
robot_labour,1.025,0.2568734799845215,0.45364676837083234,0.5662411768235962,0.5786290183126378,0.7356109619140625,True,True
robot_labour,1.03,0.2581916135246625,0.45582268197680187,0.5664299380736009,0.5785035849369756,0.7355270385742188,True,True
robot_labour,1.035,0.2595097470648033,0.4579986745582328,0.5666168080401456,0.5783794220621189,0.7354736328125,True,True
robot_labour,1.04,0.2608278806049443,0.4601747449947897,0.5668018148364432,0.5782565105998223,0.7352981567382812,True,True
robot_labour,1.045,0.26214601414508515,0.46235089218718917,0.5669849860243196,0.5781348318401872,0.7351837158203125,True,True
robot_labour,1.05,0.26346414768522614,0.46452711505670813,0.5671663486276,0.5780143674423799,0.735107421875,True,True
robot_labour,1.055,0.26478228122536696,0.46670341254470676,0.567345929145103,0.5778950994256233,0.7350540161132812,True,True
robot_labour,1.06,0.266100414765508,0.46887978361216404,0.5675237535632676,0.577777010160449,0.7349395751953125,True,True
robot_labour,1.065,0.26741854830564893,0.4710562272392257,0.5676998473684131,0.5776600823602029,0.734893798828125,True,True
robot_labour,1.07,0.2687366818457899,0.4732327424247658,0.5678742355586553,0.5775442990727935,0.7348556518554688,True,True
robot_labour,1.075,0.2700548153859308,0.47540932818595866,0.5680469426554826,0.5774296436726779,0.7348175048828125,True,True
robot_labour,1.08,0.2713729489260717,0.47758598355786447,0.5682179927150063,0.5773160998530747,0.7347183227539062,True,True
robot_labour,1.085,0.27269108246621265,0.4797627075930239,0.568387409338895,0.5772036516183979,0.734619140625,True,True
robot_labour,1.09,0.2740092160063537,0.4819394993610653,0.5685552156850048,0.5770922832769059,0.7345733642578125,True,True
robot_labour,1.095,0.2753273495464945,0.4841163579483216,0.5687214344777111,0.5769819794335536,0.7345199584960938,True,True
robot_labour,1.1,0.27664548308663545,0.48629328245745784,0.5688860880179588,0.5768727249830483,0.7344894409179688,True,True
robot_labour,1.105,0.2779636166267764,0.4884702720071087,0.5690491981930298,0.5767645051030961,0.7344284057617188,True,True
robot_labour,1.11,0.27928175016691736,0.4906473257315247,0.5692107864860481,0.5766573052478362,0.734344482421875,True,True
robot_labour,1.115,0.2805998837070583,0.4928244427802291,0.5693708739852205,0.5765511111414572,0.734283447265625,True,True
robot_labour,1.12,0.2819180172471993,0.49500162231768297,0.5695294813928296,0.5764459087719883,0.73419189453125,True,True
robot_labour,1.125,0.2832361507873401,0.497178863522959,0.5696866290339808,0.576341684385259,0.7340621948242188,True,True
robot_labour,1.13,0.284554284327481,0.4993561655894242,0.5698423368651153,0.576238424479024,0.7340316772460938,True,True
robot_labour,1.135,0.28587241786762196,0.5015335277244306,0.569996624482293,0.5761361157972501,0.7339859008789062,True,True
robot_labour,1.14,0.287190551407763,0.5037109491490136,0.5701495111292547,0.5760347453245517,0.733917236328125,True,True
robot_labour,1.145,0.2885086849479039,0.5058884290975991,0.5703010157052693,0.5759343002807823,0.73388671875,True,True
robot_labour,1.15,0.2898268184880448,0.5080659668177165,0.5704511567727751,0.5758347681157626,0.7337417602539062,True,True
robot_labour,1.155,0.29114495202818585,0.5102435615697215,0.570599952564816,0.5757361365041601,0.7336654663085938,True,True
robot_labour,1.16,0.2924630855683267,0.5124212126265221,0.5707474209922848,0.5756383933404924,0.7335281372070312,True,True
robot_labour,1.165,0.2937812191084676,0.5145989192733162,0.5708935796509769,0.5755415267342711,0.7334518432617188,True,True
robot_labour,1.17,0.29509935264860854,0.5167766808073319,0.5710384458284592,0.57544552500527,0.7333526611328125,True,True
robot_labour,1.175,0.29641748618874963,0.5189544965375762,0.5711820365107614,0.5753503766789176,0.7332916259765625,True,True
robot_labour,1.18,0.29773561972889045,0.52113236578459,0.571324368388893,0.5752560704818116,0.7332000732421875,True,True
robot_labour,1.185,0.2990537532690314,0.5233102878802085,0.571465457865197,0.5751625953373447,0.733062744140625,True,True
robot_labour,1.19,0.3003718868091723,0.5254882621673274,0.5716053210595351,0.5750699403614489,0.7329940795898438,True,True
robot_labour,1.195,0.30169002034931325,0.5276662879996762,0.5717439738153186,0.5749780948584493,0.7329330444335938,True,True
robot_labour,1.2,0.3030081538894542,0.5298443647415956,0.5718814317053855,0.5748870483170185,0.732879638671875,True,True
robot_labour,1.205,0.30432628742959517,0.532022491767821,0.5720177100377284,0.5747967904062413,0.7328643798828125,True,True
robot_labour,1.21,0.30564442096973604,0.534200668463271,0.5721528238610781,0.5747073109717747,0.732818603515625,True,True
robot_labour,1.215,0.30696255450987703,0.5363788942228416,0.5722867879703479,0.5746186000321077,0.7327423095703125,True,True
robot_labour,1.22,0.3082806880500179,0.5385571684512048,0.5724196169119402,0.5745306477749139,0.7327041625976562,True,True
robot_labour,1.225,0.30959882159015895,0.5407354905626122,0.5725513249889231,0.5744434445534962,0.7326507568359375,True,True
robot_labour,1.23,0.31091695513029977,0.542913859980703,0.5726819262660763,0.5743569808833211,0.7325363159179688,True,True
robot_labour,1.235,0.31223508867044075,0.5450922761383182,0.5728114345748141,0.5742712474386388,0.7324371337890625,True,True
robot_labour,1.24,0.3135532222105817,0.547270738477316,0.5729398635179875,0.5741862350491869,0.7323837280273438,True,True
robot_labour,1.245,0.3148713557507226,0.5494492464483954,0.5730672264745666,0.574101934696976,0.7323837280273438,True,True
robot_labour,1.25,0.31618948929086355,0.5516277995109206,0.5731935366042116,0.5740183375131546,0.7322845458984375,True,True
robot_labour,1.255,0.3175076228310044,0.5538063971327523,0.5733188068517292,0.5739354347749496,0.732269287109375,True,True
robot_labour,1.26,0.3188257563711453,0.5559850387900804,0.5734430499514255,0.5738532179026837,0.7322463989257812,True,True
robot_labour,1.265,0.3201438899112863,0.5581637239672631,0.5735662784313498,0.5737716784568633,0.7321929931640625,True,True
robot_labour,1.27,0.3214620234514273,0.5603424521566677,0.5736885046174386,0.5736908081353382,0.7321395874023438,True,True
robot_labour,1.275,0.32278015699156815,0.5625212228585156,0.5738097406375604,0.5736105987705294,0.7321090698242188,True,True
robot_labour,1.28,0.3240982905317092,0.5647000355807327,0.5739299984254637,0.5735310423267234,0.7320327758789062,True,True
robot_labour,1.285,0.3254164240718501,0.5668788898387995,0.5740492897246309,0.573452130897431,0.7319564819335938,True,True
robot_labour,1.29,0.326734557611991,0.5690577851556091,0.5741676260920414,0.5733738567028113,0.731903076171875,True,True
robot_labour,1.295,0.32805269115213187,0.5712367210613241,0.5742850189018475,0.5732962120871524,0.7318496704101562,True,True
robot_labour,1.3,0.32937082469227286,0.5734156970932409,0.5744014793489602,0.5732191895164175,0.7318191528320312,True,True
robot_labour,1.305,0.3306889582324139,0.5755947127956524,0.5745170184525566,0.5731427815758431,0.7317657470703125,True,True
robot_labour,1.31,0.3320070917725547,0.5777737677197196,0.5746316470594988,0.5730669809675996,0.7317428588867188,True,True
robot_labour,1.315,0.33332522531269565,0.5799528614233397,0.5747453758476814,0.572991780508499,0.7316513061523438,True,True
robot_labour,1.32,0.33464335885283664,0.5821319934710228,0.5748582153292944,0.5729171731277649,0.731597900390625,True,True
robot_labour,1.325,0.33596149239297746,0.5843111634337671,0.5749701758540154,0.572843151864847,0.7315521240234375,True,True
robot_labour,1.33,0.3372796259331185,0.5864903708889402,0.5750812676121274,0.57276970986729,0.73150634765625,True,True
robot_labour,1.335,0.3385977594732595,0.5886696154201597,0.5751915006375642,0.5726968403886507,0.7314300537109375,True,True
robot_labour,1.34,0.3399158930134004,0.5908488966171803,0.5753008848108875,0.5726245367864619,0.7314529418945312,True,True
robot_labour,1.345,0.34123402655354135,0.5930282140757794,0.5754094298621973,0.5725527925202453,0.73138427734375,True,True
robot_labour,1.35,0.34255216009368217,0.5952075673976481,0.5755171453739748,0.5724816011495667,0.7313232421875,True,True
robot_labour,1.355,0.3438702936338232,0.5973869561902833,0.5756240407838626,0.5724109563321375,0.7312545776367188,True,True
robot_labour,1.36,0.34518842717396414,0.5995663800668825,0.5757301253873807,0.5723408518219589,0.7312545776367188,True,True
robot_labour,1.365,0.34650656071410507,0.6017458386462406,0.5758354083405839,0.5722712814675066,0.731201171875,True,True
robot_labour,1.37,0.34782469425424606,0.6039253315526497,0.5759398986626594,0.5722022392099577,0.7311859130859375,True,True
robot_labour,1.375,0.34914282779438693,0.6061048584158,0.5760436052384652,0.5721337190814577,0.73114013671875,True,True
robot_labour,1.38,0.3504609613345278,0.6082844188706825,0.5761465368210157,0.5720657152034226,0.7310562133789062,True,True
robot_labour,1.385,0.3517790948746687,0.6104640125574966,0.5762487020339079,0.5719982217848839,0.7309799194335938,True,True
robot_labour,1.39,0.35309722841480967,0.6126436391215558,0.576350109373699,0.5719312331208667,0.7309188842773438,True,True
robot_labour,1.395,0.35441536195495066,0.6148232982131983,0.5764507672122281,0.5718647435908033,0.730865478515625,True,True
robot_labour,1.4,0.3557334954950916,0.6170029894876974,0.5765506837988905,0.5717987476569857,0.7308425903320312,True,True
robot_labour,1.405,0.3570516290352325,0.6191827126051764,0.5766498672628599,0.5717332398630459,0.7308197021484375,True,True
robot_labour,1.41,0.3583697625753734,0.6213624672305219,0.5767483256152649,0.5716682148324753,0.7307891845703125,True,True
robot_labour,1.415,0.35968789611551444,0.6235422530333025,0.5768460667513161,0.5716036672671715,0.7307815551757812,True,True
robot_labour,1.42,0.36100602965565537,0.6257220696876854,0.5769430984523898,0.5715395919460192,0.7306900024414062,True,True
robot_labour,1.425,0.36232416319579624,0.6279019168723589,0.577039428388065,0.5714759837235031,0.7306289672851562,True,True
robot_labour,1.43,0.3636422967359371,0.6300817942704524,0.5771350641181192,0.5714128375283453,0.7306289672851562,True,True
robot_labour,1.435,0.36496043027607816,0.632261701569462,0.5772300130944791,0.5713501483621783,0.730621337890625,True,True
robot_labour,1.44,0.3662785638162191,0.6344416384611734,0.5773242826631321,0.5712879112982416,0.7305374145507812,True,True
robot_labour,1.445,0.36759669735636,0.6366216046415905,0.5774178800659964,0.5712261214801098,0.7304534912109375,True,True
robot_labour,1.45,0.3689148308965009,0.6388015998108625,0.5775108124427519,0.5711647741204428,0.7303543090820312,True,True
robot_labour,1.455,0.3702329644366419,0.6409816236732137,0.577603086832634,0.5711038644997669,0.7303314208984375,True,True
robot_labour,1.46,0.3715510979767828,0.6431616759368747,0.5776947101761859,0.5710433879652809,0.7302474975585938,True,True
robot_labour,1.465,0.37286923151692364,0.6453417563140154,0.5777856893169796,0.5709833399296852,0.7302169799804688,True,True
robot_labour,1.47,0.3741873650570648,0.6475218645206775,0.5778760310032987,0.5709237158700361,0.7301864624023438,True,True
robot_labour,1.475,0.37550549859720567,0.6497020002767115,0.5779657418897831,0.5708645113266265,0.7301483154296875,True,True
robot_labour,1.48,0.37682363213734654,0.6518821633057108,0.5780548285390483,0.5708057219018844,0.7301254272460938,True,True
robot_labour,1.485,0.37814176567748753,0.6540623533349517,0.5781432974232619,0.5707473432593015,0.7300796508789062,True,True
robot_labour,1.49,0.37945989921762846,0.6562425700953308,0.5782311549256934,0.5706893711223775,0.7300567626953125,True,True
robot_labour,1.495,0.3807780327577693,0.6584228133213061,0.5783184073422316,0.5706318012735889,0.7299728393554688,True,True
robot_labour,1.5,0.38209616629791027,0.6606030827508378,0.5784050608828705,0.5705746295533796,0.7299346923828125,True,True
robot_labour,1.505,0.3834142998380512,0.662783378125331,0.5784911216731635,0.5705178518591704,0.7298355102539062,True,True
robot_labour,1.51,0.3847324333781922,0.6649636991895789,0.5785765957556523,0.5704614641443898,0.7298126220703125,True,True
robot_labour,1.515,0.38605056691833295,0.6671440456917084,0.578661489091262,0.5704054624175243,0.7297897338867188,True,True
robot_labour,1.52,0.38736870045847405,0.6693244173831254,0.5787458075606733,0.5703498427411875,0.7297134399414062,True,True
robot_labour,1.525,0.3886868339986149,0.6715048140184616,0.5788295569656613,0.5702946012312081,0.7296829223632812,True,True
robot_labour,1.53,0.39000496753875585,0.6736852353555223,0.5789127430304146,0.5702397340557364,0.7296524047851562,True,True
robot_labour,1.535,0.39132310107889684,0.6758656811552353,0.5789953714028222,0.5701852374343693,0.7296524047851562,True,True
robot_labour,1.54,0.39264123461903777,0.6780461511816017,0.5790774476557368,0.5701311076372918,0.7296066284179688,True,True
robot_labour,1.545,0.3939593681591786,0.6802266452016453,0.5791589772882153,0.5700773409844351,0.7295608520507812,True,True
robot_labour,1.55,0.3952775016993197,0.6824071629853654,0.5792399657267323,0.5700239338446524,0.7295455932617188,True,True
robot_labour,1.555,0.3965956352394606,0.6845877043056887,0.5793204183263696,0.5699708826349122,0.7294845581054688,True,True
robot_labour,1.56,0.3979137687796015,0.6867682689384241,0.5794003403719844,0.5699181838195054,0.729461669921875,True,True
robot_labour,1.565,0.3992319023197424,0.688948856662216,0.579479737079354,0.5698658339092671,0.7294158935546875,True,True
robot_labour,1.57,0.4005500358598833,0.6911294672584999,0.5795586135962967,0.5698138294608174,0.7293472290039062,True,True
robot_labour,1.575,0.4018681694000243,0.6933101005114588,0.5796369750037738,0.5697621670758133,0.7293243408203125,True,True
robot_labour,1.58,0.4031863029401653,0.6954907562079808,0.5797148263169665,0.5697108434002184,0.7292327880859375,True,True
robot_labour,1.585,0.40450443648030626,0.6976714341376153,0.5797921724863369,0.5696598551235825,0.729217529296875,True,True
robot_labour,1.59,0.40582257002044714,0.6998521340925336,0.5798690183986633,0.569609198978341,0.7291946411132812,True,True
robot_labour,1.595,0.40714070356058807,0.7020328558674859,0.5799453688780615,0.5695588717391199,0.7291259765625,True,True
robot_labour,1.6,0.40845883710072894,0.7042135992597638,0.5800212286869803,0.5695088702220644,0.729095458984375,True,True
robot_labour,1.605,0.4097769706408698,0.7063943640691597,0.5800966025271834,0.5694591912841698,0.72906494140625,True,True
robot_labour,1.61,0.41109510418101086,0.7085751500979287,0.5801714950407101,0.5694098318226324,0.7289505004882812,True,True
robot_labour,1.615,0.41241323772115185,0.7107559571507509,0.5802459108108176,0.5693607887742101,0.7288970947265625,True,True
robot_labour,1.62,0.4137313712612927,0.7129367850346947,0.5803198543629063,0.5693120591145957,0.7288589477539062,True,True
robot_labour,1.625,0.41504950480143366,0.7151176335591796,0.5803933301654297,0.5692636398578003,0.7287979125976562,True,True
robot_labour,1.63,0.4163676383415746,0.7172985025359415,0.5804663426307819,0.5692155280555519,0.728790283203125,True,True
robot_labour,1.635,0.4176857718817155,0.7194793917789969,0.5805388961161745,0.569167720796702,0.7287445068359375,True,True
robot_labour,1.64,0.4190039054218563,0.721660301104609,0.5806109949244931,0.5691202152066445,0.7287521362304688,True,True
robot_labour,1.645,0.42032203896199744,0.7238412303312534,0.5806826433051407,0.5690730084467457,0.7287445068359375,True,True
robot_labour,1.65,0.4216401725021383,0.7260221792795856,0.5807538454548616,0.5690260977137861,0.728759765625,True,True
robot_labour,1.655,0.42295830604227924,0.7282031477724079,0.5808246055185555,0.5689794802394081,0.7286834716796875,True,True
robot_labour,1.66,0.4242764395824201,0.7303841356346372,0.5808949275900723,0.5689331532895793,0.7286758422851562,True,True
robot_labour,1.665,0.42559457312256127,0.7325651426932742,0.5809648157129941,0.5688871141640632,0.7286758422851562,True,True
robot_labour,1.67,0.426912706662702,0.7347461687773722,0.5810342738814013,0.5688413601959,0.7286758422851562,True,True
robot_labour,1.675,0.4282308402028431,0.7369272137180065,0.5811033060406294,0.5687958887508946,0.7286453247070312,True,True
robot_labour,1.68,0.42954897374298384,0.7391082773482451,0.5811719160880044,0.5687506972271199,0.728607177734375,True,True
robot_labour,1.685,0.4308671072831249,0.7412893595031195,0.5812401078735728,0.5687057830544213,0.7285995483398438,True,True
robot_labour,1.69,0.4321852408232658,0.7434704600195947,0.5813078852008124,0.568661143693938,0.7285690307617188,True,True
robot_labour,1.695,0.43350337436340675,0.7456515787365429,0.581375251827334,0.5686167766376261,0.7285537719726562,True,True
robot_labour,1.7,0.4348215079035477,0.7478327154947141,0.5814422114655683,0.568572679407796,0.7285232543945312,True,True
robot_labour,1.705,0.4361396414436887,0.7500138701367101,0.581508767783442,0.568528849556654,0.7285079956054688,True,True
robot_labour,1.71,0.43745777498382954,0.7521950425069562,0.5815749244050408,0.5684852846658546,0.7284393310546875,True,True
robot_labour,1.715,0.43877590852397047,0.7543762324516767,0.5816406849112618,0.5684419823460597,0.7284088134765625,True,True
robot_labour,1.72,0.4400940420641113,0.756557439818867,0.5817060528404524,0.5683989402365056,0.7283935546875,True,True
robot_labour,1.725,0.44141217560425233,0.7587386644582702,0.5817710316890402,0.5683561560045789,0.7283706665039062,True,True
robot_labour,1.73,0.44273030914439326,0.7609199062213505,0.5818356249121489,0.5683136273453981,0.7283401489257812,True,True
robot_labour,1.735,0.44404844268453425,0.7631011649612693,0.5818998359242076,0.5682713519814047,0.7282943725585938,True,True
robot_labour,1.74,0.4453665762246752,0.7652824405328611,0.5819636680995443,0.5682293276619595,0.7282562255859375,True,True
robot_labour,1.745,0.4466847097648162,0.7674637327926097,0.5820271247729735,0.5681875521629469,0.7282638549804688,True,True
robot_labour,1.75,0.44800284330495715,0.7696450415986248,0.5820902092403705,0.5681460232863873,0.7282028198242188,True,True
robot_labour,1.755,0.4493209768450979,0.7718263668106187,0.5821529247592377,0.568104738860054,0.7281494140625,True,True
robot_labour,1.76,0.45063911038523896,0.7740077082898844,0.5822152745492605,0.5680636967370978,0.7280807495117188,True,True
robot_labour,1.765,0.4519572439253798,0.7761890658992733,0.5822772617928512,0.5680228947956792,0.7280349731445312,True,True
robot_labour,1.77,0.45327537746552093,0.7783704395031726,0.5823388896356891,0.567982330938606,0.7280120849609375,True,True
robot_labour,1.775,0.4545935110056617,0.7805518289674851,0.5824001611872444,0.5679420030929759,0.7279434204101562,True,True
robot_labour,1.78,0.4559116445458027,0.7827332341596072,0.5824610795212992,0.5679019092098284,0.7279052734375,True,True
robot_labour,1.785,0.45722977808594356,0.7849146549484084,0.5825216476764558,0.5678620472637994,0.727874755859375,True,True
robot_labour,1.79,0.4585479116260846,0.7870960912042113,0.5825818686566375,0.5678224152527842,0.7278213500976562,True,True
robot_labour,1.795,0.4598660451662252,0.7892775427987708,0.582641745431581,0.5677830111976049,0.7277908325195312,True,True
robot_labour,1.8,0.4611841787063664,0.7914590096052551,0.5827012809373221,0.5677438331416824,0.727752685546875,True,True
robot_labour,1.805,0.4625023122465073,0.7936404914982257,0.5827604780766674,0.5677048791507188,0.72772216796875,True,True
robot_labour,1.81,0.4638204457866484,0.7958219883536188,0.5828193397196667,0.5676661473123789,0.7276611328125,True,True
robot_labour,1.815,0.4651385793267891,0.7980035000487266,0.5828778687040689,0.5676276357359807,0.7276687622070312,True,True
robot_labour,1.82,0.4664567128669302,0.8001850264621783,0.582936067835778,0.5675893425521905,0.7276840209960938,True,True
robot_labour,1.825,0.46777484640707107,0.8023665674739223,0.582993939889294,0.567551265912724,0.7276840209960938,True,True
robot_labour,1.83,0.4690929799472121,0.8045481229652081,0.5830514876081534,0.5675134039900491,0.7276687622070312,True,True
robot_labour,1.835,0.4704111134873529,0.8067296928185695,0.5831087137053559,0.5674757549770997,0.7276535034179688,True,True
robot_labour,1.84,0.4717292470274939,0.8089112769178062,0.5831656208637904,0.5674383170869858,0.7276229858398438,True,True
robot_labour,1.845,0.47304738056763473,0.8110928751479675,0.5832222117366483,0.5674010885527182,0.7275848388671875,True,True
robot_labour,1.85,0.4743655141077757,0.8132744873953353,0.5832784889478344,0.5673640676269289,0.7275772094726562,True,True
robot_labour,1.855,0.47568364764791654,0.8154561135474073,0.5833344550923674,0.567327252581602,0.7275390625,True,True
robot_labour,1.86,0.47700178118805764,0.8176377534928826,0.5833901127367768,0.567290641707807,0.7275161743164062,True,True
robot_labour,1.865,0.4783199147281985,0.8198194071216425,0.5834454644194911,0.5672542333154355,0.7274551391601562,True,True
robot_labour,1.87,0.47963804826833956,0.8220010743247381,0.5835005126512215,0.5672180257329447,0.7274322509765625,True,True
robot_labour,1.875,0.4809561818084804,0.8241827549943727,0.5835552599153379,0.5671820173071023,0.7274169921875,True,True
robot_labour,1.88,0.48227431534862136,0.8263644490238872,0.5836097086682399,0.5671462064027376,0.7274093627929688,True,True
robot_labour,1.885,0.4835924488887622,0.8285461563077458,0.5836638613397201,0.5671105914024961,0.7273788452148438,True,True
robot_labour,1.89,0.48491058242890317,0.8307278767415205,0.5837177203333244,0.5670751707065979,0.7273330688476562,True,True
robot_labour,1.895,0.48622871596904416,0.8329096102218766,0.5837712880267031,0.5670399427326,0.7273101806640625,True,True
robot_labour,1.9,0.487546849509185,0.8350913566465591,0.5838245667719592,0.567004905915162,0.7272567749023438,True,True
robot_labour,1.905,0.48886498304932596,0.8372731159143776,0.5838775588959899,0.5669700587058173,0.7272415161132812,True,True
robot_labour,1.91,0.4901831165894669,0.8394548879251936,0.5839302667008219,0.566935399572746,0.7272262573242188,True,True
robot_labour,1.915,0.49150125012960777,0.8416366725799062,0.5839826924639432,0.5669009270005512,0.7271881103515625,True,True
robot_labour,1.92,0.4928193836697488,0.8438184697804387,0.584034838438628,0.5668666394900423,0.7271804809570312,True,True
robot_labour,1.925,0.4941375172098898,0.8460002794297262,0.5840867068542568,0.5668325355580182,0.7271575927734375,True,True
robot_labour,1.93,0.4954556507500307,0.8481821014317014,0.5841382999166324,0.5667986137370536,0.7271575927734375,True,True
robot_labour,1.935,0.49677378429017166,0.8503639356912821,0.5841896198082904,0.5667648725752921,0.727142333984375,True,True
robot_labour,1.94,0.4980919178303124,0.8525457821143597,0.5842406686888034,0.5667313106362407,0.727142333984375,True,True
robot_labour,1.945,0.4994100513704535,0.8547276406077858,0.5842914486950831,0.5666979264985657,0.727142333984375,True,True
robot_labour,1.95,0.5007281849105945,0.8569095110793598,0.5843419619416749,0.5666647187558955,0.7270736694335938,True,True
robot_labour,1.955,0.5020463184507353,0.8590913934378174,0.5843922105210502,0.5666316860166237,0.7270126342773438,True,True
robot_labour,1.96,0.5033644519908762,0.861273287592819,0.584442196503893,0.5665988269037164,0.72698974609375,True,True
robot_labour,1.965,0.5046825855310171,0.863455193454937,0.584491921939382,0.5665661400545219,0.7269515991210938,True,True
robot_labour,1.97,0.5060007190711583,0.8656371109356453,0.5845413888554696,0.5665336241205841,0.7269058227539062,True,True
robot_labour,1.975,0.5073188526112992,0.8678190399473084,0.5845905992591522,0.566501277767459,0.72686767578125,True,True
robot_labour,1.98,0.50863698615144,0.8700009804031676,0.5846395551367451,0.5664690996745315,0.72686767578125,True,True
robot_labour,1.985,0.509955119691581,0.8721829322173337,0.5846882584541434,0.5664370885348402,0.7268142700195312,True,True
robot_labour,1.99,0.511273253231722,0.8743648953047736,0.5847367111570847,0.566405243054899,0.7267913818359375,True,True
robot_labour,1.995,0.5125913867718629,0.8765468695813008,0.5847849151714065,0.5663735619545249,0.7267837524414062,True,True
robot_labour,2.0,0.5139095203120037,0.8787288549635637,0.5848328724032998,0.566342043966668,0.7267608642578125,True,True
robot_repression_trend,-5.0,-4.0641133723536695,2.252918382437255,-1.8039328029082995,0.0889908869686815,0.099639892578125,True,True
robot_repression_trend,-4.99,-4.056640510432226,2.2486657773886662,-1.8040211005226074,0.08897653588074494,0.099639892578125,True,True
robot_repression_trend,-4.98,-4.049167648510785,2.244413347565848,-1.804109591890577,0.08896215533995017,0.09963226318359375,True,True
robot_repression_trend,-4.97,-4.041694786589342,2.2401610939666767,-1.8041982772911525,0.08894774531415618,0.09961700439453125,True,True
robot_repression_trend,-4.96,-4.034221924667901,2.235909017596581,-1.8042871569990622,0.08893330577195857,0.099609375,True,True
robot_repression_trend,-4.95,-4.0267490627464575,2.2316571194686072,-1.80437623128471,0.08891883668270807,0.099609375,True,True
robot_repression_trend,-4.94,-4.019276200825016,2.2274054006034962,-1.8044655004140817,0.08890433801652393,0.0995941162109375,True,True
robot_repression_trend,-4.93,-4.011803338903573,2.2231538620297524,-1.8045549646486336,0.08888980974431271,0.09958648681640625,True,True
robot_repression_trend,-4.92,-4.0043304769821315,2.2189025047837214,-1.8046446242451908,0.08887525183778362,0.099578857421875,True,True
robot_repression_trend,-4.91,-3.99685761506069,2.21465132990966,-1.8047344794558382,0.08886066426946686,0.09957122802734375,True,True
robot_repression_trend,-4.9,-3.9893847531392463,2.210400338459815,-1.804824530527809,0.08884604701272943,0.0995635986328125,True,True
robot_repression_trend,-4.89,-3.9819118912178033,2.2061495314944968,-1.804914777703379,0.08883140004179423,0.09955596923828125,True,True
robot_repression_trend,-4.88,-3.9744390292963616,2.201898910082158,-1.8050052212197454,0.08881672333175673,0.09952545166015625,True,True
robot_repression_trend,-4.87,-3.9669661673749186,2.1976484752994714,-1.805095861308913,0.0888020168586051,0.099517822265625,True,True
robot_repression_trend,-4.86,-3.959493305453477,2.193398228231405,-1.8051866981975822,0.08878728059923653,0.09949493408203125,True,True
robot_repression_trend,-4.85,-3.952020443532034,2.189148169971309,-1.8052777321070184,0.0887725145314781,0.0995025634765625,True,True
robot_repression_trend,-4.84,-3.9445475816105926,2.184898301620988,-1.80536896325294,0.08875771863410474,0.09949493408203125,True,True
robot_repression_trend,-4.83,-3.9370747196891496,2.1806486242907894,-1.8054603918453855,0.08874289288686003,0.099456787109375,True,True
robot_repression_trend,-4.82,-3.9296018577677074,2.17639913909968,-1.8055520180885947,0.08872803727047505,0.09943389892578125,True,True
robot_repression_trend,-4.81,-3.9221289958462635,2.172149847175335,-1.805643842180871,0.08871315176668965,0.09943389892578125,True,True
robot_repression_trend,-4.8,-3.9146561339248223,2.1679007496542178,-1.805735864314459,0.08869823635827218,0.0994110107421875,True,True
robot_repression_trend,-4.79,-3.90718327200338,2.1636518476816664,-1.805828084675403,0.08868329102904121,0.09940338134765625,True,True
robot_repression_trend,-4.78,-3.899710410081938,2.1594031424119833,-1.8059205034434136,0.08866831576388713,0.09940338134765625,True,True
robot_repression_trend,-4.77,-3.8922375481604954,2.1551546350085156,-1.806013120791732,0.08865331054879279,0.09938812255859375,True,True
robot_repression_trend,-4.76,-3.884764686239054,2.150906326643751,-1.8061059368869843,0.08863827537085674,0.09935760498046875,True,True
robot_repression_trend,-4.75,-3.877291824317611,2.1466582184994025,-1.8061989518890385,0.08862321021831597,0.09937286376953125,True,True
robot_repression_trend,-4.74,-3.869818962396169,2.1424103117664983,-1.8062921659508617,0.0886081150805675,0.099334716796875,True,True
robot_repression_trend,-4.73,-3.862346100474725,2.138162607645478,-1.8063855792183645,0.0885929899481933,0.09929656982421875,True,True
robot_repression_trend,-4.72,-3.854873238553284,2.1339151073462763,-1.80647919183026,0.08857783481298269,0.0992584228515625,True,True
robot_repression_trend,-4.71,-3.8474003766318408,2.1296678120884307,-1.806573003917892,0.0885626496679584,0.09926605224609375,True,True
robot_repression_trend,-4.7,-3.8399275147103986,2.1254207231011604,-1.8066670156050961,0.08854743450739865,0.0992584228515625,True,True
robot_repression_trend,-4.69,-3.832454652788957,2.121173841623473,-1.8067612270080273,0.0885321893268643,0.09923553466796875,True,True
robot_repression_trend,-4.68,-3.8249817908675134,2.1169271689042555,-1.8068556382350016,0.08851691412322403,0.09920501708984375,True,True
robot_repression_trend,-4.67,-3.8175089289460713,2.1126807062023776,-1.8069502493863288,0.08850160889467888,0.09918212890625,True,True
robot_repression_trend,-4.66,-3.8100360670246296,2.1084344547867864,-1.8070450605541428,0.08848627364079015,0.09915924072265625,True,True
robot_repression_trend,-4.65,-3.8025632051031866,2.1041884159366084,-1.80714007182223,0.08847090836250669,0.099151611328125,True,True
robot_repression_trend,-4.64,-3.795090343181744,2.0999425909412524,-1.8072352832658531,0.08845551306219004,0.09914398193359375,True,True
robot_repression_trend,-4.63,-3.787617481260302,2.095696981100509,-1.8073306949515755,0.08844008774364424,0.09909820556640625,True,True
robot_repression_trend,-4.62,-3.7801446193388597,2.0914515877246607,-1.8074263069370722,0.08842463241214392,0.0991058349609375,True,True
robot_repression_trend,-4.61,-3.7726717574174184,2.0872064121345795,-1.8075221192709536,0.08840914707446236,0.09911346435546875,True,True
robot_repression_trend,-4.6,-3.765198895495976,2.082961455661839,-1.807618131992569,0.08839363173890148,0.09908294677734375,True,True
robot_repression_trend,-4.59,-3.757726033574533,2.0787167196488214,-1.8077143451318194,0.08837808641532152,0.099090576171875,True,True
robot_repression_trend,-4.58,-3.750253171653091,2.0744722054488247,-1.807810758708961,0.0883625111151715,0.09905242919921875,True,True
robot_repression_trend,-4.57,-3.7427803097316477,2.0702279144261757,-1.807907372734402,0.08834690585152079,0.09903717041015625,True,True
robot_repression_trend,-4.56,-3.735307447810205,2.0659838479563377,-1.8080041872085084,0.08833127063908848,0.0989990234375,True,True
robot_repression_trend,-4.55,-3.727834585888764,2.06174000742603,-1.8081012021213878,0.08831560549427873,0.0989990234375,True,True
robot_repression_trend,-4.54,-3.7203617239673217,2.0574963942333357,-1.8081984174526842,0.08829991043521063,0.09899139404296875,True,True
robot_repression_trend,-4.53,-3.7128888620458795,2.053253009787824,-1.8082958331713617,0.08828418548175303,0.0989990234375,True,True
robot_repression_trend,-4.52,-3.705416000124436,2.0490098555106613,-1.8083934492354892,0.08826843065555794,0.09899139404296875,True,True
robot_repression_trend,-4.51,-3.697943138202994,2.044766932834735,-1.8084912655920158,0.08825264598009423,0.09897613525390625,True,True
robot_repression_trend,-4.5,-3.690470276281552,2.0405242432047705,-1.8085892821765444,0.08823683148068401,0.09896087646484375,True,True
robot_repression_trend,-4.49,-3.682997414360109,2.036281788077456,-1.8086874989131,0.08822098718453766,0.09894561767578125,True,True
robot_repression_trend,-4.48,-3.675524552438667,2.0320395689215616,-1.8087859157139008,0.08820511312078974,0.09893798828125,True,True
robot_repression_trend,-4.47,-3.668051690517224,2.0277975872180667,-1.808884532479112,0.08818920932053666,0.09888458251953125,True,True
robot_repression_trend,-4.46,-3.6605788285957823,2.023555844460287,-1.8089833490966067,0.08817327581687422,0.098846435546875,True,True
robot_repression_trend,-4.45,-3.6531059666743406,2.0193143421540007,-1.8090823654417152,0.08815731264493541,0.0988311767578125,True,True
robot_repression_trend,-4.44,-3.6456331047528976,2.015073081817577,-1.8091815813769747,0.08814131984193033,0.0988616943359375,True,True
robot_repression_trend,-4.43,-3.6381602428314546,2.010832064982109,-1.8092809967518715,0.0881252974471852,0.09888458251953125,True,True
robot_repression_trend,-4.42,-3.630687380910012,2.0065912931915473,-1.8093806114025783,0.08810924550218299,0.09886932373046875,True,True
robot_repression_trend,-4.41,-3.6232145189885707,2.0023507680028305,-1.809480425151688,0.08809316405060441,0.09885406494140625,True,True
robot_repression_trend,-4.4,-3.6157416570671304,1.9981104909860232,-1.8095804378079423,0.08807705313837033,0.0988616943359375,True,True
robot_repression_trend,-4.39,-3.608268795145686,1.9938704637244549,-1.8096806491659503,0.08806091281368468,0.09883880615234375,True,True
robot_repression_trend,-4.38,-3.6007959332242443,1.9896306878148582,-1.8097810590059167,0.08804474312707652,0.09881591796875,True,True
robot_repression_trend,-4.37,-3.5933230713028,1.9853911648675089,-1.8098816670933424,0.0880285441314455,0.098785400390625,True,True
robot_repression_trend,-4.36,-3.585850209381359,1.9811518965063697,-1.8099824731787446,0.08801231588210659,0.0988006591796875,True,True
robot_repression_trend,-4.35,-3.578377347459916,1.9769128843692354,-1.810083476997345,0.0879960584368363,0.09877777099609375,True,True
robot_repression_trend,-4.34,-3.5709044855384735,1.97267413010788,-1.8101846782687776,0.08797977185591864,0.0987701416015625,True,True
robot_repression_trend,-4.33,-3.5634316236170314,1.9684356353882027,-1.8102860766967743,0.08796345620219317,0.0987548828125,True,True
robot_repression_trend,-4.32,-3.5559587616955897,1.9641974018903803,-1.8103876719688503,0.08794711154110363,0.0987396240234375,True,True
robot_repression_trend,-4.31,-3.5484858997741457,1.9599594313090167,-1.8104894637559843,0.08793073794074642,0.09873199462890625,True,True
robot_repression_trend,-4.3,-3.5410130378527045,1.955721725353302,-1.8105914517122925,0.08791433547192179,0.09870147705078125,True,True
robot_repression_trend,-4.29,-3.5335401759312615,1.9514842857471624,-1.8106936354746916,0.08789790420818436,0.09869384765625,True,True
robot_repression_trend,-4.28,-3.52606731400982,1.9472471142294223,-1.810796014662566,0.0878814442258956,0.09868621826171875,True,True
robot_repression_trend,-4.27,-3.518594452088377,1.9430102125539634,-1.8108985888774143,0.08786495560427632,0.098663330078125,True,True
robot_repression_trend,-4.26,-3.511121590166935,1.9387735824898862,-1.811001357702506,0.087848438425461,0.09864044189453125,True,True
robot_repression_trend,-4.25,-3.5036487282454924,1.934537225821675,-1.8111043207025148,0.08783189277455304,0.0986480712890625,True,True
robot_repression_trend,-4.24,-3.4961758663240516,1.930301144349364,-1.8112074774231606,0.08781531873967995,0.0986328125,True,True
robot_repression_trend,-4.23,-3.4887030044026077,1.9260653398887042,-1.8113108273908294,0.08779871641205181,0.0986175537109375,True,True
robot_repression_trend,-4.22,-3.4812301424811656,1.9218298142713364,-1.8114143701122034,0.08778208588601734,0.0985870361328125,True,True
robot_repression_trend,-4.21,-3.473757280559724,1.9175945693449632,-1.811518105073866,0.08776542725912528,0.0985870361328125,True,True
robot_repression_trend,-4.2,-3.466284418638281,1.9133596069735228,-1.8116220317419127,0.08774874063218242,0.09857177734375,True,True
robot_repression_trend,-4.19,-3.45881155671684,1.9091249290373689,-1.8117261495615502,0.087732026109317,0.098541259765625,True,True
robot_repression_trend,-4.18,-3.4513386947953966,1.904890537433447,-1.8118304579566842,0.08771528379804015,0.0984954833984375,True,True
robot_repression_trend,-4.17,-3.4438658328739535,1.9006564340754803,-1.8119349563295077,0.08769851380930953,0.09848785400390625,True,True
robot_repression_trend,-4.16,-3.436392970952512,1.8964226208941513,-1.8120396440600748,0.08768171625759417,0.09848785400390625,True,True
robot_repression_trend,-4.15,-3.4289201090310697,1.892189099837288,-1.8121445205058668,0.08766489126094155,0.0984649658203125,True,True
robot_repression_trend,-4.14,-3.421447247109626,1.8879558728700554,-1.8122495850013536,0.08764803894104307,0.09841156005859375,True,True
robot_repression_trend,-4.13,-3.413974385188184,1.8837229419751484,-1.8123548368575446,0.0876311594233042,0.098358154296875,True,True
robot_repression_trend,-4.12,-3.4065015232667424,1.8794903091529804,-1.8124602753615322,0.08761425283691379,0.09832763671875,True,True
robot_repression_trend,-4.11,-3.3990286613453002,1.8752579764218873,-1.812565899776022,0.08759731931491466,0.09832000732421875,True,True
robot_repression_trend,-4.1,-3.391555799423857,1.8710259458183196,-1.8126717093388636,0.08758035899427678,0.0982818603515625,True,True
robot_repression_trend,-4.09,-3.384082937502415,1.8667942193970526,-1.8127777032625614,0.08756337201597081,0.09827423095703125,True,True
robot_repression_trend,-4.08,-3.376610075580972,1.8625627992313842,-1.8128838807337841,0.08754635852504358,0.09825897216796875,True,True
robot_repression_trend,-4.07,-3.369137213659531,1.858331687413346,-1.8129902409128638,0.0875293186706936,0.09827423095703125,True,True
robot_repression_trend,-4.06,-3.361664351738087,1.8541008860539117,-1.8130967829332776,0.08751225260635109,0.0982513427734375,True,True
robot_repression_trend,-4.05,-3.3541914898166456,1.8498703972832133,-1.8132035059011338,0.08749516048975522,0.0982666015625,True,True
robot_repression_trend,-4.04,-3.3467186278952035,1.8456402232507534,-1.813310408894632,0.08747804248303717,0.0982513427734375,True,True
robot_repression_trend,-4.03,-3.3392457659737613,1.8414103661256265,-1.813417490963526,0.08746089875280137,0.09824371337890625,True,True
robot_repression_trend,-4.02,-3.3317729040523187,1.8371808280967388,-1.8135247511285701,0.08744372947021008,0.09824371337890625,True,True
robot_repression_trend,-4.01,-3.324300042130876,1.8329516113730366,-1.8136321883809539,0.08742653481106934,0.09818267822265625,True,True
robot_repression_trend,-4.0,-3.316827180209433,1.8287227181837302,-1.81373980168173,0.08740931495591567,0.0981292724609375,True,True
robot_repression_trend,-3.99,-3.309354318287992,1.8244941507785253,-1.8138475899612316,0.08739207009010545,0.0980682373046875,True,True
robot_repression_trend,-3.98,-3.301881456366548,1.8202659114278605,-1.8139555521184663,0.08737480040390608,0.0980072021484375,True,True
robot_repression_trend,-3.97,-3.294408594445107,1.8160380024231404,-1.8140636870205227,0.0873575060925871,0.09799957275390625,True,True
robot_repression_trend,-3.96,-3.2869357325236646,1.8118104260769798,-1.814171993501935,0.08734018735651583,0.09796142578125,True,True
robot_repression_trend,-3.95,-3.279462870602223,1.8075831847234443,-1.8142804703640638,0.08732284440125258,0.09793853759765625,True,True
robot_repression_trend,-3.94,-3.27199000868078,1.8033562807182983,-1.8143891163744454,0.08730547743764829,0.097930908203125,True,True
robot_repression_trend,-3.93,-3.2645171467593372,1.7991297164392586,-1.8144979302661373,0.0872880866819446,0.09790802001953125,True,True
robot_repression_trend,-3.92,-3.2570442848378947,1.7949034942862423,-1.8146069107370502,0.0872706723558754,0.09789276123046875,True,True
robot_repression_trend,-3.91,-3.249571422916452,1.7906776166816305,-1.8147160564492621,0.08725323468677038,0.09786224365234375,True,True
robot_repression_trend,-3.9,-3.2420985609950113,1.7864520860705244,-1.814825366028329,0.08723577390765994,0.09786224365234375,True,True
robot_repression_trend,-3.89,-3.234625699073568,1.7822269049210149,-1.8149348380625645,0.08721829025738422,0.09786224365234375,True,True
robot_repression_trend,-3.88,-3.227152837152125,1.7780020757244448,-1.815044471102333,0.08720078398070097,0.0978546142578125,True,True
robot_repression_trend,-3.87,-3.2196799752306835,1.7737776009956874,-1.8151542636592983,0.08718325532839867,0.09783935546875,True,True
robot_repression_trend,-3.86,-3.212207113309241,1.7695534832734163,-1.8152642142056794,0.08716570455740973,0.0978240966796875,True,True
robot_repression_trend,-3.85,-3.2047342513877983,1.7653297251203899,-1.8153743211734825,0.08714813193092678,0.0977783203125,True,True
robot_repression_trend,-3.84,-3.197261389466356,1.7611063291237319,-1.8154845829537205,0.08713053771852147,0.09778594970703125,True,True
robot_repression_trend,-3.83,-3.189788527544913,1.7568832978952207,-1.8155949978956143,0.08711292219626424,0.0977630615234375,True,True
robot_repression_trend,-3.82,-3.182315665623471,1.7526606340715798,-1.815705564305784,0.08709528564684856,0.09771728515625,True,True
robot_repression_trend,-3.81,-3.1748428037020293,1.748438340314774,-1.8158162804474176,0.08707762835971515,0.09769439697265625,True,True
robot_repression_trend,-3.8,-3.167369941780587,1.74421641931231,-1.8159271445394272,0.08705995063118023,0.0976715087890625,True,True
robot_repression_trend,-3.79,-3.1598970798591455,1.739994873777539,-1.8160381547555886,0.08704225276456691,0.09765625,True,True
robot_repression_trend,-3.78,-3.1524242179377016,1.7357737064499676,-1.8161493092236605,0.08702453507033708,0.09766387939453125,True,True
robot_repression_trend,-3.77,-3.1449513560162603,1.731552920095568,-1.816260606024495,0.08700679786622632,0.09766387939453125,True,True
robot_repression_trend,-3.76,-3.137478494094817,1.727332517507096,-1.8163720431911152,0.08698904147738407,0.09763336181640625,True,True
robot_repression_trend,-3.75,-3.1300056321733756,1.7231125015044144,-1.8164836187077926,0.08697126623651232,0.09761810302734375,True,True
robot_repression_trend,-3.74,-3.122532770251933,1.7188928749348185,-1.816595330509088,0.08695347248401163,0.09759521484375,True,True
robot_repression_trend,-3.73,-3.115059908330491,1.7146736406733656,-1.8167071764788911,0.08693566056812564,0.09757232666015625,True,True
robot_repression_trend,-3.72,-3.107587046409048,1.7104548016232137,-1.8168191544494259,0.0869178308450911,0.0975799560546875,True,True
robot_repression_trend,-3.71,-3.1001141844876057,1.7062363607159607,-1.8169312622002465,0.0868999836792915,0.09755706787109375,True,True
robot_repression_trend,-3.7,-3.0926413225661626,1.70201832091199,-1.8170434974572056,0.08688211944341062,0.09754180908203125,True,True
robot_repression_trend,-3.69,-3.085168460644721,1.697800685200821,-1.8171558578914098,0.08686423851859176,0.09752655029296875,True,True
robot_repression_trend,-3.68,-3.0776955987232784,1.6935834566014663,-1.8172683411181438,0.08684634129460046,0.097503662109375,True,True
robot_repression_trend,-3.67,-3.070222736801836,1.6893666381627903,-1.8173809446957863,0.08682842816998775,0.09749603271484375,True,True
robot_repression_trend,-3.66,-3.062749874880393,1.6851502329638777,-1.8174936661246899,0.08681049955225884,0.09751129150390625,True,True
robot_repression_trend,-3.65,-3.055277012958952,1.6809342441144026,-1.8176065028460524,0.08679255585804528,0.09746551513671875,True,True
robot_repression_trend,-3.64,-3.0478041510375085,1.6767186747550085,-1.817719452240749,0.08677459751327969,0.097442626953125,True,True
robot_repression_trend,-3.63,-3.0403312891160663,1.6725035280576865,-1.817832511628162,0.08675662495337302,0.097412109375,True,True
robot_repression_trend,-3.62,-3.0328584271946246,1.6682888072261681,-1.8179456782649643,0.0867386386233991,0.09737396240234375,True,True
robot_repression_trend,-3.61,-3.0253855652731816,1.6640745154963157,-1.8180589493438943,0.08672063897827774,0.09735107421875,True,True
robot_repression_trend,-3.6,-3.0179127033517394,1.6598606561365234,-1.8181723219925012,0.08670262648296603,0.09734344482421875,True,True
robot_repression_trend,-3.59,-3.010439841430298,1.6556472324481224,-1.8182857932718626,0.08668460161265083,0.09729766845703125,True,True
robot_repression_trend,-3.58,-3.0029669795088543,1.6514342477657924,-1.8183993601752755,0.08666656485294667,0.0972900390625,True,True
robot_repression_trend,-3.57,-2.995494117587412,1.6472217054579796,-1.8185130196269301,0.086648516700096,0.0972747802734375,True,True
robot_repression_trend,-3.56,-2.9880212556659704,1.6430096089273207,-1.8186267684805408,0.08663045766117508,0.09725189208984375,True,True
robot_repression_trend,-3.55,-2.980548393744527,1.6387979616110715,-1.8187406035179625,0.08661238825430435,0.0972442626953125,True,True
robot_repression_trend,-3.54,-2.973075531823086,1.6345867669815464,-1.818854521447775,0.08659430900886016,0.09720611572265625,True,True
robot_repression_trend,-3.53,-2.965602669901643,1.630376028546559,-1.8189685189038303,0.0865762204656951,0.097198486328125,True,True
robot_repression_trend,-3.52,-2.9581298079802005,1.6261657498498736,-1.8190825924437855,0.0865581231773591,0.0972137451171875,True,True
robot_repression_trend,-3.51,-2.9506569460587584,1.6219559344716605,-1.8191967385475931,0.08654001770832712,0.0971832275390625,True,True
robot_repression_trend,-3.5,-2.9431840841373167,1.6177465860289608,-1.8193109536159626,0.086521904635231,0.09716796875,True,True
robot_repression_trend,-3.49,-2.9357112222158737,1.6135377081761568,-1.8194252339687926,0.08650378454709672,0.0971221923828125,True,True
robot_repression_trend,-3.48,-2.928238360294431,1.609329304605448,-1.8195395758435742,0.08648565804558436,0.0970916748046875,True,True
robot_repression_trend,-3.47,-2.920765498372989,1.6051213790473386,-1.8196539753937506,0.08646752574523603,0.0970611572265625,True,True
robot_repression_trend,-3.46,-2.9132926364515463,1.600913935271128,-1.8197684286870526,0.08644938827372656,0.09700775146484375,True,True
robot_repression_trend,-3.45,-2.905819774530104,1.5967069770854123,-1.8198829317037948,0.08643124627212131,0.09702301025390625,True,True
robot_repression_trend,-3.44,-2.8983469126086616,1.592500508338589,-1.81999748033514,0.0864131003951369,0.0970001220703125,True,True
robot_repression_trend,-3.43,-2.8908740506872195,1.5882945329193765,-1.820112070381321,0.08639495131141005,0.09697723388671875,True,True
robot_repression_trend,-3.42,-2.8834011887657773,1.5840890547573323,-1.820226697549834,0.08637679970376992,0.09693145751953125,True,True
robot_repression_trend,-3.41,-2.8759283268443347,1.5798840778233902,-1.8203413574535845,0.08635864626951797,0.09690093994140625,True,True
robot_repression_trend,-3.4,-2.868455464922892,1.575679606130394,-1.8204560456090055,0.08634049172071123,0.0968780517578125,True,True
robot_repression_trend,-3.39,-2.860982603001451,1.5714756437336497,-1.8205707574341257,0.08632233678445433,0.09685516357421875,True,True
robot_repression_trend,-3.38,-2.853509741080007,1.5672721947314787,-1.8206854882466028,0.08630418220319606,0.09685516357421875,True,True
robot_repression_trend,-3.37,-2.846036879158566,1.5630692632657874,-1.8208002332617172,0.08628602873503113,0.09680938720703125,True,True
robot_repression_trend,-3.36,-2.8385640172371223,1.5588668535226349,-1.8209149875903152,0.08626787715401213,0.09677886962890625,True,True
robot_repression_trend,-3.35,-2.8310911553156815,1.5546649697328214,-1.8210297462367224,0.08624972825046257,0.09674835205078125,True,True
robot_repression_trend,-3.34,-2.823618293394238,1.5504636161724765,-1.8211445040965948,0.0862315828313027,0.0967559814453125,True,True
robot_repression_trend,-3.33,-2.8161454314727963,1.5462627971636638,-1.8212592559547445,0.08621344172037568,0.09673309326171875,True,True
robot_repression_trend,-3.32,-2.808672569551353,1.5420625170749873,-1.8213739964829019,0.08619530575878706,0.09670257568359375,True,True
robot_repression_trend,-3.31,-2.801199707629911,1.5378627803222167,-1.8214887202374435,0.08617717580524636,0.09671783447265625,True,True
robot_repression_trend,-3.3,-2.793726845708468,1.5336635913689143,-1.8216034216570591,0.0861590527364207,0.09667205810546875,True,True
robot_repression_trend,-3.29,-2.7862539837870273,1.5294649547270769,-1.8217180950603842,0.0861409374472896,0.09659576416015625,True,True
robot_repression_trend,-3.28,-2.7787811218655842,1.525266874957785,-1.8218327346435639,0.0861228308515154,0.0965728759765625,True,True
robot_repression_trend,-3.27,-2.7713082599441416,1.5210693566718643,-1.8219473344777846,0.08610473388181397,0.09656524658203125,True,True
robot_repression_trend,-3.26,-2.7638353980227,1.5168724045305582,-1.8220618885067343,0.08608664749033895,0.0965576171875,True,True
robot_repression_trend,-3.25,-2.756362536101258,1.5126760232462073,-1.8221763905440211,0.0860685726490717,0.0965728759765625,True,True
robot_repression_trend,-3.24,-2.748889674179815,1.5084802175829446,-1.82229083427053,0.08605051035021986,0.09654998779296875,True,True
robot_repression_trend,-3.23,-2.7414168122583726,1.5042849923573989,-1.8224052132317272,0.08603246160662505,0.09650421142578125,True,True
robot_repression_trend,-3.22,-2.73394395033693,1.5000903524394116,-1.8225195208348983,0.0860144274521792,0.09645843505859375,True,True
robot_repression_trend,-3.21,-2.7264710884154875,1.4958963027527608,-1.8226337503463395,0.0859964089422506,0.096466064453125,True,True
robot_repression_trend,-3.2,-2.7189982264940458,1.4917028482759045,-1.822747894888474,0.08597840715411746,0.0964508056640625,True,True
robot_repression_trend,-3.19,-2.711525364572603,1.4875099940427283,-1.822861947436916,0.08596042318741325,0.096466064453125,True,True
robot_repression_trend,-3.18,-2.704052502651161,1.4833177451433104,-1.8229759008174675,0.08594245816458031,0.09642791748046875,True,True
robot_repression_trend,-3.17,-2.696579640729718,1.479126106724696,-1.8230897477030483,0.08592451323133304,0.09638214111328125,True,True
robot_repression_trend,-3.16,-2.689106778808276,1.4749350839916864,-1.823203480610563,0.08590658955713339,0.09635162353515625,True,True
robot_repression_trend,-3.15,-2.6816339168868333,1.4707446822076404,-1.8233170918976942,0.08588868833567401,0.09633636474609375,True,True
robot_repression_trend,-3.14,-2.6741610549653916,1.4665549066952899,-1.823430573759629,0.08587081078537451,0.09633636474609375,True,True
robot_repression_trend,-3.13,-2.666688193043949,1.462365762837564,-1.8235439182257156,0.0858529581498877,0.0963134765625,True,True
robot_repression_trend,-3.12,-2.659215331122507,1.458177256078436,-1.823657117156041,0.08583513169861662,0.09627532958984375,True,True
robot_repression_trend,-3.11,-2.6517424692010643,1.4539893919237747,-1.8237701622379385,0.08581733272724386,0.0962677001953125,True,True
robot_repression_trend,-3.1,-2.6442696072796212,1.4498021759422157,-1.8238830449824164,0.0857995625582718,0.0962371826171875,True,True
robot_repression_trend,-3.09,-2.636796745358179,1.4456156137660465,-1.8239957567205063,0.08578182254157651,0.0961761474609375,True,True
robot_repression_trend,-3.08,-2.629323883436737,1.441429711092105,-1.8241082885995317,0.08576411405497221,0.0961151123046875,True,True
robot_repression_trend,-3.07,-2.621851021515294,1.4372444736826926,-1.8242206315792957,0.08574643850478969,0.09613800048828125,True,True
robot_repression_trend,-3.06,-2.6143781595938522,1.4330599073665047,-1.8243327764281845,0.08572879732646586,0.09612274169921875,True,True
robot_repression_trend,-3.05,-2.6069052976724096,1.4288760180395759,-1.8244447137191757,0.08571119198515145,0.09612274169921875,True,True
robot_repression_trend,-3.04,-2.599432435750969,1.424692811666241,-1.824556433825772,0.08569362397632478,0.09610748291015625,True,True
robot_repression_trend,-3.03,-2.591959573829524,1.4205102942801116,-1.8246679269178274,0.08567609482642687,0.096099853515625,True,True
robot_repression_trend,-3.02,-2.584486711908083,1.4163284719850702,-1.8247791829573041,0.08565860609350527,0.09603118896484375,True,True
robot_repression_trend,-3.01,-2.57701384998664,1.4121473509562816,-1.8248901916938989,0.08564115936787775,0.09603118896484375,True,True
robot_repression_trend,-3.0,-2.569540988065198,1.40796693744122,-1.8250009426606095,0.08562375627280577,0.09600067138671875,True,True
robot_repression_trend,-2.99,-2.5620681261437555,1.4037872377607148,-1.8251114251691734,0.08560639846518775,0.095916748046875,True,True
robot_repression_trend,-2.98,-2.5545952642223133,1.399608258310014,-1.8252216283054177,0.08558908763626588,0.0958709716796875,True,True
robot_repression_trend,-2.97,-2.547122402300871,1.395430005559867,-1.8253315409244968,0.08557182551234974,0.0958099365234375,True,True
robot_repression_trend,-2.96,-2.5396495403794286,1.391252486057622,-1.8254411516460305,0.08555461385555663,0.09575653076171875,True,True
robot_repression_trend,-2.95,-2.532176678457987,1.3870757064283488,-1.8255504488491232,0.08553745446456906,0.09575653076171875,True,True
robot_repression_trend,-2.94,-2.5247038165365443,1.3828996733759742,-1.8256594206672745,0.08552034917540975,0.095733642578125,True,True
robot_repression_trend,-2.93,-2.5172309546151013,1.3787243936844429,-1.825768054983174,0.08550329986223437,0.09569549560546875,True,True
robot_repression_trend,-2.92,-2.5097580926936596,1.3745498742188944,-1.825876339423378,0.0854863084381429,0.095672607421875,True,True
robot_repression_trend,-2.91,-2.502285230772217,1.3703761219268624,-1.8259842613528587,0.08546937685601018,0.0956268310546875,True,True
robot_repression_trend,-2.9,-2.494812368850775,1.3662031438394948,-1.8260918078694395,0.08545250710933551,0.095611572265625,True,True
robot_repression_trend,-2.89,-2.4873395069293336,1.362030947072796,-1.8261989657980904,0.08543570123311164,0.0955657958984375,True,True
robot_repression_trend,-2.88,-2.4798666450078897,1.3578595388288879,-1.8263057216851004,0.08541896130471571,0.09551239013671875,True,True
robot_repression_trend,-2.87,-2.4723937830864466,1.3536889263972975,-1.8264120617921178,0.08540228944481992,0.095489501953125,True,True
robot_repression_trend,-2.86,-2.4649209211650045,1.3495191171562633,-1.826517972090044,0.08538568781832319,0.09548187255859375,True,True
robot_repression_trend,-2.85,-2.457448059243563,1.345350118574068,-1.8266234382527902,0.08536915863530715,0.09546661376953125,True,True
robot_repression_trend,-2.84,-2.4499751973221198,1.3411819382103904,-1.8267284456508939,0.08535270415201193,0.09542083740234375,True,True
robot_repression_trend,-2.83,-2.442502335400678,1.3370145837176899,-1.8268329793449818,0.0853363266718378,0.09535980224609375,True,True
robot_repression_trend,-2.82,-2.4350294734792355,1.332848062842603,-1.826937024079083,0.08532002854636828,0.0953521728515625,True,True
robot_repression_trend,-2.81,-2.4275566115577933,1.3286823834273775,-1.827040564273785,0.08530381217641972,0.0953216552734375,True,True
robot_repression_trend,-2.8,-2.420083749636352,1.3245175534113236,-1.8271435840192334,0.08528768001311521,0.095245361328125,True,True
robot_repression_trend,-2.79,-2.412610887714908,1.320353580832296,-1.8272460670679582,0.0852716345589842,0.09523773193359375,True,True
robot_repression_trend,-2.78,-2.405138025793466,1.3161904738281982,-1.8273479968275532,0.08525567836908753,0.095245361328125,True,True
robot_repression_trend,-2.77,-2.3976651638720243,1.312028240638521,-1.8274493563531524,0.08523981405217287,0.09522247314453125,True,True
robot_repression_trend,-2.76,-2.3901923019505813,1.3078668896059011,-1.8275501283397553,0.0852240442718552,0.09517669677734375,True,True
robot_repression_trend,-2.75,-2.38271944002914,1.303706429177712,-1.8276502951143647,0.085208371747826,0.0951080322265625,True,True
robot_repression_trend,-2.74,-2.3752465781076975,1.299546867907684,-1.827749838627927,0.08519279925709397,0.0950775146484375,True,True
robot_repression_trend,-2.73,-2.3677737161862535,1.2953882144575528,-1.8278487404470982,0.0851773296352545,0.09502410888671875,True,True
robot_repression_trend,-2.72,-2.3603008542648127,1.291230477598739,-1.8279469817458076,0.08516196577778938,0.0949554443359375,True,True
robot_repression_trend,-2.71,-2.3528279923433697,1.287073666214057,-1.8280445432966104,0.08514671064140177,0.09493255615234375,True,True
robot_repression_trend,-2.7,-2.3453551304219276,1.2829177892994565,-1.8281414054618574,0.0851315672453796,0.09488677978515625,True,True
robot_repression_trend,-2.69,-2.3378822685004845,1.2787628559657964,-1.8282375481846314,0.08511653867299605,0.09487152099609375,True,True
robot_repression_trend,-2.68,-2.330409406579043,1.274608875440651,-1.8283329509794806,0.08510162807294287,0.0948944091796875,True,True
robot_repression_trend,-2.67,-2.3229365446576007,1.2704558570701483,-1.8284275929229232,0.08508683866080037,0.0948486328125,True,True
robot_repression_trend,-2.66,-2.315463682736158,1.266303810320847,-1.8285214526437241,0.08507217372054314,0.09478759765625,True,True
robot_repression_trend,-2.65,-2.3079908208147155,1.262152744781641,-1.828614508312946,0.08505763660608354,0.094757080078125,True,True
robot_repression_trend,-2.64,-2.300517958893273,1.2580026701657077,-1.8287067376337462,0.08504323074285394,0.0947418212890625,True,True
robot_repression_trend,-2.63,-2.293045096971831,1.253853596312486,-1.828798117830941,0.0850289596294285,0.0947113037109375,True,True
robot_repression_trend,-2.62,-2.285572235050388,1.249705533189697,-1.828888625640304,0.08501482683918668,0.09465789794921875,True,True
robot_repression_trend,-2.61,-2.2780993731289465,1.2455584908953972,-1.8289782372976195,0.0850008360220165,0.09461212158203125,True,True
robot_repression_trend,-2.6,-2.270626511207505,1.241412479660076,-1.8290669285274532,0.08498699090606332,0.09459686279296875,True,True
robot_repression_trend,-2.59,-2.263153649286061,1.2372675098487886,-1.829154674531662,0.08497329529952208,0.09455108642578125,True,True
robot_repression_trend,-2.58,-2.255680787364619,1.2331235919633325,-1.8292414499776215,0.08495975309247349,0.09452056884765625,True,True
robot_repression_trend,-2.57,-2.248207925443176,1.2289807366444623,-1.8293272289861537,0.08494636825877099,0.09450531005859375,True,True
robot_repression_trend,-2.56,-2.2407350635217345,1.2248389546741496,-1.8294119851191777,0.08493314485797132,0.0944671630859375,True,True
robot_repression_trend,-2.55,-2.233262201600292,1.2206982569778855,-1.8294956913670355,0.08492008703731804,0.09445953369140625,True,True
robot_repression_trend,-2.54,-2.2257893396788497,1.2165586546270246,-1.829578320135528,0.084907199033775,0.09442138671875,True,True
robot_repression_trend,-2.53,-2.218316477757407,1.212420158841179,-1.8296598432326097,0.08489448517611174,0.09439849853515625,True,True
robot_repression_trend,-2.52,-2.210843615835965,1.2082827809906536,-1.8297402318547702,0.08488194988704355,0.09435272216796875,True,True
robot_repression_trend,-2.51,-2.2033707539145224,1.204146532598932,-1.8298194565730685,0.08486959768542689,0.0943450927734375,True,True
robot_repression_trend,-2.5,-2.1958978919930803,1.2000114253452085,-1.829897487318826,0.08485743318851245,0.09429168701171875,True,True
robot_repression_trend,-2.49,-2.1884250300716372,1.19587747106697,-1.82997429336896,0.0848454611142557,0.09420013427734375,True,True
robot_repression_trend,-2.48,-2.1809521681501955,1.191744681762629,-1.830049843330953,0.08483368628368965,0.0941925048828125,True,True
robot_repression_trend,-2.47,-2.1734793062287534,1.187613069594206,-1.8301241051274442,0.08482211362335844,0.09415435791015625,True,True
robot_repression_trend,-2.46,-2.1660064443073117,1.183482646890067,-1.830197045980439,0.08481074816781652,0.0941162109375,True,True
robot_repression_trend,-2.45,-2.1585335823858687,1.1793534261477145,-1.8302686323951132,0.08479959506219296,0.0941162109375,True,True
robot_repression_trend,-2.44,-2.1510607204644265,1.1752254200366283,-1.8303388301432284,0.08478865956482226,0.09410858154296875,True,True
robot_repression_trend,-2.43,-2.1435878585429844,1.1710986414011721,-1.830407604246102,0.08477794704994943,0.094146728515625,True,True
robot_repression_trend,-2.42,-2.1361149966215405,1.1669731032635489,-1.830474918957169,0.08476746301050245,0.09406280517578125,True,True
robot_repression_trend,-2.41,-2.1286421347001,1.1628488188268198,-1.8305407377440983,0.08475721306094154,0.09406280517578125,True,True
robot_repression_trend,-2.4,-2.121169272778657,1.1587258014779798,-1.8306050232704405,0.0847472029401849,0.09400177001953125,True,True
robot_repression_trend,-2.39,-2.1136964108572145,1.1546040647910991,-1.8306677373768319,0.0847374385146113,0.09398651123046875,True,True
robot_repression_trend,-2.38,-2.106223548935772,1.1504836225305228,-1.8307288410617013,0.08472792578114602,0.0939788818359375,True,True
robot_repression_trend,-2.37,-2.0987506870143293,1.1463644886541395,-1.8307882944614893,0.08471867087042925,0.09387969970703125,True,True
robot_repression_trend,-2.36,-2.091277825092887,1.1422466773167093,-1.8308460568303682,0.08470968005007015,0.09386444091796875,True,True
robot_repression_trend,-2.35,-2.083804963171445,1.138130202873267,-1.8309020865194285,0.08470095972799069,0.0938262939453125,True,True
robot_repression_trend,-2.34,-2.0763321012500024,1.1340150798825868,-1.8309563409553433,0.08469251645586007,0.0938262939453125,True,True
robot_repression_trend,-2.33,-2.06885923932856,1.1299013231107222,-1.831008776618475,0.08468435693262297,0.093780517578125,True,True
robot_repression_trend,-2.32,-2.061386377407119,1.1257889475346152,-1.8310593490204223,0.08467648800812709,0.09372711181640625,True,True
robot_repression_trend,-2.31,-2.0539135154856756,1.12167796834578,-1.8311080126809756,0.08466891668684784,0.09368133544921875,True,True
robot_repression_trend,-2.3,-2.046440653564234,1.1175684009540632,-1.831154721104495,0.08466165013171775,0.09365081787109375,True,True
robot_repression_trend,-2.29,-2.0389677916427913,1.113460260991479,-1.8311994267556486,0.08465469566806232,0.0936279296875,True,True
robot_repression_trend,-2.28,-2.0314949297213487,1.1093535643161234,-1.8312420810345458,0.08464806078764536,0.09362030029296875,True,True
robot_repression_trend,-2.27,-2.0240220677999052,1.1052483270161726,-1.8312826342511972,0.08464175315282654,0.09357452392578125,True,True
robot_repression_trend,-2.26,-2.016549205878463,1.1011445654139569,-1.8313210355993312,0.08463578060083694,0.0936126708984375,True,True
robot_repression_trend,-2.25,-2.009076343957022,1.09704229607013,-1.8313572331294952,0.08463015114817524,0.09363555908203125,True,True
robot_repression_trend,-2.24,-2.0016034820355793,1.0929415357879113,-1.8313911737214794,0.0846248729951255,0.0935516357421875,True,True
robot_repression_trend,-2.23,-1.9941306201141369,1.0888423016174273,-1.8314228030560014,0.08461995453040462,0.0935516357421875,True,True
robot_repression_trend,-2.22,-1.9866577581926945,1.0847446108601424,-1.831452065585636,0.08461540433594383,0.0935516357421875,True,True
robot_repression_trend,-2.21,-1.9791848962712517,1.080648481073374,-1.8314789045049966,0.08461123119180167,0.09352874755859375,True,True
robot_repression_trend,-2.2,-1.9717120343498098,1.076553930074915,-1.83150326172011,0.08460744408122237,0.09351348876953125,True,True
robot_repression_trend,-2.19,-1.9642391724283677,1.0724609759477421,-1.8315250778169845,0.08460405219583696,0.0934906005859375,True,True
robot_repression_trend,-2.18,-1.956766310506925,1.068369637044833,-1.8315442920293432,0.08460106494101424,0.09346771240234375,True,True
robot_repression_trend,-2.17,-1.9492934485854825,1.0642799319940768,-1.831560842205499,0.08459849194136693,0.09348297119140625,True,True
robot_repression_trend,-2.16,-1.9418205866640401,1.060191879703297,-1.8315746647743367,0.08459634304641796,0.09345245361328125,True,True
robot_repression_trend,-2.15,-1.9343477247425975,1.0561054993653753,-1.831585694710393,0.08459462833643062,0.0933990478515625,True,True
robot_repression_trend,-2.14,-1.9268748628211554,1.0520208104634872,-1.8315938654979982,0.08459335812840953,0.093414306640625,True,True
robot_repression_trend,-2.13,-1.9194020008997128,1.0479378327764486,-1.8315991090944508,0.08459254298227692,0.0933837890625,True,True
robot_repression_trend,-2.12,-1.9119291389782707,1.0438565863841804,-1.8316013558922022,0.08459219370723153,0.09333038330078125,True,True
robot_repression_trend,-2.11,-1.9044562770568287,1.0397770916732836,-1.8316005346800261,0.08459232136829425,0.093231201171875,True,True
robot_repression_trend,-2.1,-1.8969834151353857,1.0356993693427425,-1.8315965726031254,0.08459293729304808,0.09322357177734375,True,True
robot_repression_trend,-2.09,-1.8895105532139438,1.0316234404097469,-1.8315893951221736,0.08459405307857681,0.0932464599609375,True,True
robot_repression_trend,-2.08,-1.882037691292502,1.0275493262156399,-1.8315789259712294,0.08459568059861358,0.09323883056640625,True,True
robot_repression_trend,-2.07,-1.8745648293710586,1.0234770484319973,-1.831565087114516,0.0845978320109006,0.0931854248046875,True,True
robot_repression_trend,-2.06,-1.8670919674496167,1.0194066290668387,-1.8315477987020217,0.0846005197647702,0.09313201904296875,True,True
robot_repression_trend,-2.05,-1.859619105528174,1.0153380904709732,-1.8315269790238775,0.0846037566089565,0.09310150146484375,True,True
robot_repression_trend,-2.04,-1.8521462436067315,1.011271455344486,-1.831502544463499,0.08460755559964044,0.09300994873046875,True,True
robot_repression_trend,-2.03,-1.8446733816852894,1.007206746743364,-1.831474409449435,0.0846119301087405,0.0929718017578125,True,True
robot_repression_trend,-2.02,-1.8372005197638475,1.0031439880862734,-1.8314424864058925,0.08461689383245649,0.0928955078125,True,True
robot_repression_trend,-2.01,-1.8297276578424047,0.9990832031614786,-1.8314066857019031,0.08462246080007267,0.092926025390625,True,True
robot_repression_trend,-2.0,-1.8222547959209623,0.9950244161339216,-1.831366915599087,0.08462864538303279,0.09288787841796875,True,True
robot_repression_trend,-1.99,-1.81478193399952,0.9909676515524553,-1.8313230821979636,0.08463546230429349,0.092864990234375,True,True
robot_repression_trend,-1.98,-1.8073090720780771,0.9869129343572357,-1.8312750893827887,0.08464292664796667,0.09284210205078125,True,True
robot_repression_trend,-1.97,-1.799836210156635,0.982860289887284,-1.8312228387648493,0.08465105386926239,0.09279632568359375,True,True
robot_repression_trend,-1.96,-1.792363348235193,0.978809743888212,-1.8311662296241868,0.08465985980473938,0.0927886962890625,True,True
robot_repression_trend,-1.95,-1.784890486313751,0.9747613225201249,-1.8311051588496938,0.0846693606828771,0.09270477294921875,True,True
robot_repression_trend,-1.94,-1.7774176243923088,0.9707150523657,-1.8310395208775414,0.08467957313497951,0.09264373779296875,True,True
robot_repression_trend,-1.93,-1.7699447624708655,0.9666709604384468,-1.830969207627881,0.08469051420642082,0.09265899658203125,True,True
robot_repression_trend,-1.92,-1.7624719005494234,0.9626290741911547,-1.8308941084397783,0.08470220136824735,0.0926055908203125,True,True
robot_repression_trend,-1.91,-1.7549990386279815,0.9585894215245313,-1.8308141100043103,0.08471465252914943,0.09259033203125,True,True
robot_repression_trend,-1.9,-1.7475261767065386,0.9545520307960359,-1.8307290962957907,0.08472788604780992,0.0925140380859375,True,True
robot_repression_trend,-1.89,-1.740053314785097,0.9505169308289154,-1.8306389485010564,0.08474192074565148,0.0925750732421875,True,True
robot_repression_trend,-1.88,-1.732580452863654,0.9464841509214463,-1.8305435449467444,0.08475677591999178,0.09258270263671875,True,True
robot_repression_trend,-1.87,-1.7251075909422122,0.9424537208563858,-1.8304427610245382,0.0847724713576203,0.09261322021484375,True,True
robot_repression_trend,-1.86,-1.7176347290207694,0.9384256709106409,-1.830336469114267,0.08478902734881745,0.0926361083984375,True,True
robot_repression_trend,-1.85,-1.7101618670993273,0.9344000318651594,-1.8302245385048486,0.08480646470182526,0.0926055908203125,True,True
robot_repression_trend,-1.84,-1.7026890051778856,0.9303768350150494,-1.830106835312966,0.08482480475779222,0.0925445556640625,True,True
robot_repression_trend,-1.83,-1.6952161432564425,0.92635611217993,-1.829983222399437,0.08484406940620563,0.092529296875,True,True
robot_repression_trend,-1.82,-1.6877432813350002,0.9223378957145232,-1.8298535592832033,0.08486428110082997,0.092529296875,True,True
robot_repression_trend,-1.81,-1.6802704194135576,0.9183222185194905,-1.8297177020528503,0.08488546287617219,0.09259796142578125,True,True
robot_repression_trend,-1.8,-1.6727975574921152,0.9143091140525221,-1.8295755032756045,0.08490763836449033,0.09261322021484375,True,True
robot_repression_trend,-1.79,-1.665324695570673,0.9102986163396831,-1.829426811903719,0.08493083181336875,0.09255218505859375,True,True
robot_repression_trend,-1.78,-1.657851833649231,0.9062907599870256,-1.8292714731781716,0.08495506810387789,0.09252166748046875,True,True
robot_repression_trend,-1.77,-1.6503789717277886,0.9022855801924711,-1.829109328529597,0.08498037276934317,0.09255218505859375,True,True
robot_repression_trend,-1.76,-1.6429061098063462,0.8982831127579727,-1.8289402154763648,0.08500677201474414,0.0924835205078125,True,True
robot_repression_trend,-1.75,-1.6354332478849039,0.8942833941019626,-1.8287639675197171,0.0850342927367688,0.09249114990234375,True,True
robot_repression_trend,-1.74,-1.6279603859634613,0.8902864612720923,-1.8285804140358803,0.08506296254454764,0.0924835205078125,True,True
robot_repression_trend,-1.73,-1.6204875240420187,0.8862923519582732,-1.8283893801650581,0.08509280978109221,0.092437744140625,True,True
robot_repression_trend,-1.72,-1.6130146621205763,0.8823011045060273,-1.8281906866972049,0.08512386354546785,0.09241485595703125,True,True
robot_repression_trend,-1.71,-1.6055418001991348,0.8783127579301514,-1.8279841499544938,0.08515615371572383,0.09234619140625,True,True
robot_repression_trend,-1.7,-1.5980689382776916,0.8743273519287079,-1.827769581670364,0.08518971097261743,0.09236907958984375,True,True
robot_repression_trend,-1.69,-1.59059607635625,0.8703449268973477,-1.827546788865068,0.08522456682415254,0.09230804443359375,True,True
robot_repression_trend,-1.68,-1.5831232144348069,0.8663655239439743,-1.8273155737175704,0.08526075363097751,0.0922698974609375,True,True
robot_repression_trend,-1.67,-1.5756503525133647,0.8623891849037585,-1.8270757334337457,0.08529830463266058,0.0922393798828125,True,True
robot_repression_trend,-1.66,-1.5681774905919221,0.8584159523545135,-1.8268270601106995,0.085337253974892,0.09221649169921875,True,True
robot_repression_trend,-1.65,-1.5607046286704804,0.8544458696324354,-1.8265693405971553,0.08537763673763667,0.09215545654296875,True,True
robot_repression_trend,-1.64,-1.5532317667490372,0.8504789808482252,-1.8263023563497378,0.08541948896428439,0.09206390380859375,True,True
robot_repression_trend,-1.63,-1.5457589048275955,0.8465153309035978,-1.82602588328507,0.08546284769183102,0.092071533203125,True,True
robot_repression_trend,-1.62,-1.5382860429061536,0.8425549655081884,-1.8257396916275175,0.085507750982134,0.09204864501953125,True,True
robot_repression_trend,-1.61,-1.5308131809847108,0.8385979311968675,-1.8254435457524878,0.08555423795428568,0.0920257568359375,True,True
robot_repression_trend,-1.6,-1.5233403190632684,0.8346442753474757,-1.825137204025125,0.08560234881814742,0.09192657470703125,True,True
robot_repression_trend,-1.59,-1.515867457141826,0.8306940461989866,-1.824820418634265,0.08565212490909171,0.09188079833984375,True,True
robot_repression_trend,-1.58,-1.5083945952203839,0.826747292870113,-1.8244929354215156,0.08570360872400386,0.0919036865234375,True,True
robot_repression_trend,-1.57,-1.5009217332989413,0.8228040653783631,-1.824154493705313,0.08575684395858808,0.09191131591796875,True,True
robot_repression_trend,-1.56,-1.493448871377499,0.8188644146595622,-1.823804826099802,0.08581187554603836,0.09191131591796875,True,True
robot_repression_trend,-1.55,-1.4859760094560568,0.8149283925878509,-1.8234436583283797,0.08586874969712516,0.09180450439453125,True,True
robot_repression_trend,-1.54,-1.4785031475346142,0.8109960519961699,-1.8230707090317584,0.08592751394175703,0.091766357421875,True,True
robot_repression_trend,-1.53,-1.4710302856131718,0.8070674466972478,-1.8226856895703711,0.08598821717207827,0.09166717529296875,True,True
robot_repression_trend,-1.52,-1.463557423691729,0.8031426315051022,-1.8222883038209525,0.08605090968716704,0.0915679931640625,True,True
robot_repression_trend,-1.51,-1.4560845617702871,0.799221662257068,-1.8218782479671334,0.08611564323939855,0.091522216796875,True,True
robot_repression_trend,-1.5,-1.4486116998488447,0.7953045958363664,-1.8214552102838546,0.0861824710825443,0.09148406982421875,True,True
robot_repression_trend,-1.49,-1.4411388379274022,0.7913914901952296,-1.8210188709154371,0.08625144802167947,0.0914306640625,True,True
robot_repression_trend,-1.48,-1.4336659760059596,0.7874824043785938,-1.820568901647107,0.0863226304649734,0.09134674072265625,True,True
robot_repression_trend,-1.47,-1.4261931140845177,0.7835773985483763,-1.8201049656697925,0.08639607647744553,0.0912933349609375,True,True
robot_repression_trend,-1.46,-1.4187202521630753,0.7796765340083514,-1.8196267173379863,0.08647184583676804,0.0912628173828125,True,True
robot_repression_trend,-1.45,-1.411247390241633,0.7757798732296393,-1.8191338019204946,0.08655000009120006,0.09128570556640625,True,True
robot_repression_trend,-1.44,-1.4037745283201906,0.7718874798768276,-1.8186258553438321,0.08663060261975007,0.09124755859375,True,True
robot_repression_trend,-1.43,-1.3963016663987482,0.7679994188347341,-1.8181025039280903,0.08671371869465762,0.09119415283203125,True,True
robot_repression_trend,-1.42,-1.3888288044773054,0.7641157562358359,-1.817563364115029,0.08679941554629511,0.0912017822265625,True,True
robot_repression_trend,-1.41,-1.3813559425558632,0.7602365594883757,-1.8170080421881958,0.08688776243059519,0.0911407470703125,True,True
robot_repression_trend,-1.4,-1.373883080634421,0.7563618973051633,-1.816436133984829,0.08697883069911336,0.09113311767578125,True,True
robot_repression_trend,-1.39,-1.3664102187129787,0.7524918397330934,-1.8158472245993262,0.08707269387183879,0.0911712646484375,True,True
robot_repression_trend,-1.38,-1.3589373567915366,0.7486264581833916,-1.8152408880780389,0.0871694277128752,0.0911865234375,True,True
robot_repression_trend,-1.37,-1.3514644948700942,0.7447658254626134,-1.8146166871051423,0.08726911030911945,0.091156005859375,True,True
robot_repression_trend,-1.36,-1.3439916329486519,0.7409100158044103,-1.8139741726793535,0.08737182215206414,0.0911102294921875,True,True
robot_repression_trend,-1.35,-1.3365187710272093,0.7370591049020829,-1.8133128837812316,0.08747764622286933,0.09111785888671875,True,True
robot_repression_trend,-1.34,-1.3290459091057667,0.7332131699419433,-1.8126323470308126,0.08758666808084473,0.09108734130859375,True,True
robot_repression_trend,-1.33,-1.3215730471843246,0.7293722896375012,-1.8119320763353208,0.08769897595549417,0.09108734130859375,True,True
robot_repression_trend,-1.32,-1.3141001852628822,0.7255365442645008,-1.8112115725266835,0.08781466084228456,0.091064453125,True,True
robot_repression_trend,-1.31,-1.3066273233414396,0.7217060156968222,-1.8104703229885974,0.08793381660230275,0.09110260009765625,True,True
robot_repression_trend,-1.3,-1.2991544614199972,0.7178807874432737,-1.8097078012728616,0.08805654006597927,0.09113311767578125,True,True
robot_repression_trend,-1.29,-1.2916815994985553,0.7140609446852925,-1.8089234667047043,0.08818293114106115,0.09116363525390625,True,True
robot_repression_trend,-1.28,-1.2842087375771132,0.7102465743155786,-1.80811676397683,0.08831309292502712,0.0910797119140625,True,True
robot_repression_trend,-1.27,-1.2767358756556706,0.7064377649776814,-1.8072871227319036,0.08844713182214632,0.09110260009765625,True,True
robot_repression_trend,-1.26,-1.2692630137342285,0.702634607106563,-1.8064339571331838,0.08858515766539717,0.09116363525390625,True,True
robot_repression_trend,-1.25,-1.2617901518127856,0.698837192970159,-1.8055566654230226,0.08872728384346357,0.0911407470703125,True,True
robot_repression_trend,-1.24,-1.2543172898913435,0.6950456167119632,-1.8046546294689467,0.08887362743304791,0.09116363525390625,True,True
robot_repression_trend,-1.23,-1.2468444279699007,0.6912599743946558,-1.8037272142970182,0.08902430933674405,0.09122467041015625,True,True
robot_repression_trend,-1.22,-1.2393715660484588,0.6874803640448008,-1.8027737676122093,0.08917945442672635,0.0912017822265625,True,True
robot_repression_trend,-1.21,-1.2318987041270169,0.6837068856986365,-1.801793619305469,0.08933919169453113,0.09130096435546875,True,True
robot_repression_trend,-1.2,-1.2244258422055736,0.6799396414489817,-1.8007860809472258,0.08950365440720946,0.09131622314453125,True,True
robot_repression_trend,-1.19,-1.2169529802841315,0.6761787354932838,-1.799750445267025,0.08967298027015168,0.09136962890625,True,True
robot_repression_trend,-1.18,-1.2094801183626889,0.6724242741828312,-1.7986859856190036,0.08984731159689975,0.09130096435546875,True,True
robot_repression_trend,-1.17,-1.2020072564412472,0.6686763660731575,-1.7975919554329514,0.09002679548627422,0.09131622314453125,True,True
robot_repression_trend,-1.16,-1.1945343945198046,0.6649351219756587,-1.7964675876506533,0.0902115840071619,0.09124755859375,True,True
robot_repression_trend,-1.15,-1.1870615325983622,0.6612006550104514,-1.795312094147273,0.09040183439132884,0.09130096435546875,True,True
robot_repression_trend,-1.14,-1.1795886706769196,0.6574730806604941,-1.794124665137485,0.09059770923464085,0.09130859375,True,True
robot_repression_trend,-1.13,-1.1721158087554775,0.6537525168269995,-1.7929044685661237,0.09079937670709154,0.09136199951171875,True,True
robot_repression_trend,-1.12,-1.164642946834035,0.650039083886159,-1.791650649483098,0.09100701077206091,0.09149932861328125,True,True
robot_repression_trend,-1.11,-1.1571700849125932,0.646332904747207,-1.7903623294023447,0.09122079141524571,0.0915374755859375,True,True
robot_repression_trend,-1.1,-1.1496972229911504,0.6426341049118482,-1.7890386056445873,0.09144090488372936,0.09159088134765625,True,True
robot_repression_trend,-1.09,-1.1422243610697076,0.6389428125350712,-1.7876785506637365,0.09166754393567722,0.09160614013671875,True,True
robot_repression_trend,-1.08,-1.1347514991482657,0.6352591584873746,-1.7862812113567006,0.09190090810117506,0.0915679931640625,True,True
robot_repression_trend,-1.07,-1.1272786372268235,0.6315832764184245,-1.7848456083564828,0.09214120395474748,0.09159088134765625,True,True
robot_repression_trend,-1.06,-1.1198057753053812,0.6279153028221734,-1.783370735308408,0.09238864540012603,0.09163665771484375,True,True
robot_repression_trend,-1.05,-1.1123329133839384,0.6242553771034545,-1.7818555581293734,0.09264345396786045,0.0916748046875,True,True
robot_repression_trend,-1.04,-1.1048600514624969,0.6206036416460795,-1.7802990142500343,0.0929058591264027,0.0917205810546875,True,True
robot_repression_trend,-1.03,-1.0973871895410536,0.6169602418824569,-1.7787000118398675,0.09317609860732082,0.091827392578125,True,True
robot_repression_trend,-1.02,-1.0899143276196115,0.6133253263647516,-1.7770574290151309,0.09345441874533063,0.0919647216796875,True,True
robot_repression_trend,-1.01,-1.0824414656981693,0.6096990468376041,-1.7753701130296864,0.09374107483387936,0.09201812744140625,True,True
robot_repression_trend,-1.0,-1.0749686037767268,0.6060815583124286,-1.7736368794488082,0.0940363314970366,0.09209442138671875,True,True
robot_repression_trend,-0.99,-1.0674957418552842,0.6024730191433021,-1.7718565113060663,0.09434046307849708,0.09217071533203125,True,True
robot_repression_trend,-0.98,-1.0600228799338418,0.598873591104462,-1.7700277582434607,0.09465375404853868,0.092376708984375,True,True
robot_repression_trend,-0.97,-1.0525500180124,0.5952834394694244,-1.7681493356350326,0.09497649942981494,0.092437744140625,True,True
robot_repression_trend,-0.96,-1.0450771560909573,0.5917027330917326,-1.7662199236942469,0.09530900524291591,0.0925750732421875,True,True
robot_repression_trend,-0.95,-1.037604294169515,0.5881316444873456,-1.7642381665655136,0.09565158897266351,0.0925140380859375,True,True
robot_repression_trend,-0.94,-1.0301314322480726,0.5845703499186711,-1.7622026714002696,0.09600458005617094,0.0926055908203125,True,True
robot_repression_trend,-0.93,-1.0226585703266302,0.5810190294802491,-1.7601120074181564,0.09636832039373025,0.09276580810546875,True,True
robot_repression_trend,-0.92,-1.0151857084051878,0.5774778671860841,-1.7579647049538933,0.09674316488366218,0.0928955078125,True,True
robot_repression_trend,-0.91,-1.0077128464837457,0.5739470510586244,-1.7557592544905598,0.09712948198229486,0.09308624267578125,True,True
robot_repression_trend,-0.9,-1.0002399845623033,0.5704267732193842,-1.7534941056800897,0.09752765429031937,0.09329986572265625,True,True
robot_repression_trend,-0.89,-0.9927671226408611,0.5669172299811952,-1.7511676663519142,0.097938079166808,0.093475341796875,True,True
robot_repression_trend,-0.88,-0.9852942607194185,0.5634186219420766,-1.748778301510797,0.09836116937225335,0.093475341796875,True,True
robot_repression_trend,-0.87,-0.977821398797976,0.5599311540807056,-1.7463243323250377,0.09879735374205027,0.0936126708984375,True,True
robot_repression_trend,-0.86,-0.9703485368765339,0.5564550358534625,-1.7438040351063813,0.09924707789190185,0.09386444091796875,True,True
robot_repression_trend,-0.85,-0.9628756749550915,0.5529904812930238,-1.7412156402830992,0.09971080495670356,0.0941314697265625,True,True
robot_repression_trend,-0.84,-0.9554028130336488,0.5495377091084713,-1.738557331367892,0.10018901636453062,0.0944671630859375,True,True
robot_repression_trend,-0.83,-0.947929951112207,0.5460969427868724,-1.7358272439224398,0.1006822126474165,0.0946807861328125,True,True
robot_repression_trend,-0.82,-0.9404570891907643,0.5426684106962881,-1.7330234645205913,0.10119091429070226,0.0950775146484375,True,True
robot_repression_trend,-0.81,-0.9329842272693221,0.539252346190155,-1.730144029712439,0.10171566262278639,0.09532928466796875,True,True
robot_repression_trend,-0.8,-0.9255113653478797,0.535848987712978,-1.727186924991674,0.10225702074721027,0.0956878662109375,True,True
robot_repression_trend,-0.79,-0.9180385034264374,0.5324585789072651,-1.7241500837689128,0.10281557451906916,0.0961456298828125,True,True
robot_repression_trend,-0.78,-0.9105656415049951,0.5290813687216271,-1.721031386353889,0.10339193356783123,0.0964508056640625,True,True
robot_repression_trend,-0.77,-0.9030927795835527,0.5257176115199503,-1.7178286589496945,0.10398673236872188,0.09690093994140625,True,True
robot_repression_trend,-0.76,-0.8956199176621101,0.5223675671915488,-1.7145396726625108,0.10460063136491314,0.097320556640625,True,True
robot_repression_trend,-0.75,-0.8881470557406681,0.5190315012621853,-1.711162142530587,0.10523431814283475,0.097747802734375,True,True
robot_repression_trend,-0.74,-0.8806741938192255,0.5157096850058407,-1.7076937265765164,0.1058885086630066,0.098236083984375,True,True
robot_repression_trend,-0.73,-0.8732013318977832,0.5124023955570991,-1.7041320248872232,0.10656394854886049,0.09871673583984375,True,True
robot_repression_trend,-0.72,-0.8657284699763409,0.5091099160240049,-1.7004745787263769,0.10726141443610628,0.09935760498046875,True,True
robot_repression_trend,-0.71,-0.8582556080548984,0.50583253560123,-1.6967188696843714,0.10798171538525671,0.09981536865234375,True,True
robot_repression_trend,-0.7,-0.8507827461334561,0.5025705496833799,-1.6928623188713512,0.1087256943599995,0.10045623779296875,True,True
robot_repression_trend,-0.69,-0.8433098842120137,0.49932425997824753,-1.6889022861592013,0.10949422977416028,0.10108184814453125,True,True
robot_repression_trend,-0.68,-0.8358370222905714,0.4960939746198087,-1.6848360694788351,0.11028823711005739,0.10182952880859375,True,True
robot_repression_trend,-0.67,-0.8283641603691287,0.49288000828073664,-1.6806609041795537,0.11110867061109475,0.1025848388671875,True,True
robot_repression_trend,-0.66,-0.8208912984476866,0.4896826822841947,-1.676373962457733,0.11195652505146429,0.10333251953125,True,True
robot_repression_trend,-0.65,-0.8134184365262443,0.48650232471464405,-1.6719723528625512,0.11283283758586521,0.104095458984375,True,True
robot_repression_trend,-0.64,-0.8059455746048019,0.4833392705273878,-1.667453119887005,0.11373868968213835,0.1049041748046875,True,True
robot_repression_trend,-0.63,-0.7984727126833596,0.4801938616565465,-1.6628132436529535,0.11467520913971005,0.105621337890625,True,True
robot_repression_trend,-0.62,-0.7909998507619174,0.4770664471211432,-1.6580496396994693,0.11564357219670819,0.1064910888671875,True,True
robot_repression_trend,-0.61,-0.7835269888404748,0.47395738312894703,-1.653159158884344,0.11664500572854729,0.10748291015625,True,True
robot_repression_trend,-0.6,-0.7760541269190323,0.4708670331777044,-1.6481385874091357,0.11768078954070717,0.10848236083984375,True,True
robot_repression_trend,-0.59,-0.7685812649975898,0.46779576815335977,-1.6429846469787261,0.11875225875830125,0.1092987060546875,True,True
robot_repression_trend,-0.58,-0.7611084030761477,0.4647439664248429,-1.6376939951069425,0.11986080631488509,0.11041259765625,True,True
robot_repression_trend,-0.57,-0.7536355411547055,0.46171201393496786,-1.6322632255803833,0.12100788554275702,0.11173248291015625,True,True
robot_repression_trend,-0.56,-0.7461626792332631,0.45870030428696823,-1.6266888690931738,0.12219501286675895,0.113037109375,True,True
robot_repression_trend,-0.55,-0.7386898173118206,0.455709238826157,-1.620967394065966,0.12342377060329375,0.11443328857421875,True,True
robot_repression_trend,-0.54,-0.7312169553903783,0.45273922671617317,-1.6150952076630765,0.12469580986591718,0.1157684326171875,True,True
robot_repression_trend,-0.53,-0.723744093468936,0.44979068500924557,-1.6090686570222308,0.1260128535784331,0.11724090576171875,True,True
robot_repression_trend,-0.52,-0.7162712315474937,0.4468640387098733,-1.6028840307119303,0.1273766995959329,0.11884307861328125,True,True
robot_repression_trend,-0.51,-0.7087983696260515,0.4439597208312898,-1.5965375604319825,0.12878922393362155,0.12054443359375,True,True
robot_repression_trend,-0.5,-0.7013255077046089,0.4410781724440457,-1.5900254229732433,0.13025238410260545,0.1224212646484375,True,True
robot_repression_trend,-0.49,-0.6938526457831665,0.4382198427160125,-1.583343742453069,0.13176822255102666,0.12444305419921875,True,True
robot_repression_trend,-0.48,-0.6863797838617242,0.43538518894307704,-1.576488592843388,0.13333887020803334,0.1263885498046875,True,True
robot_repression_trend,-0.47,-0.6789069219402817,0.4325746765697643,-1.5694560008086598,0.13496655012705344,0.1285552978515625,True,True
robot_repression_trend,-0.46,-0.6714340600188397,0.42978877919899,-1.5622419488712829,0.136653581223662,0.130645751953125,True,True
robot_repression_trend,-0.45,-0.6639611980973972,0.42702797859012115,-1.5548423789221881,0.1384023821020373,0.13295745849609375,True,True
robot_repression_trend,-0.44,-0.6564883361759548,0.42429276464448085,-1.5472531960945244,0.1402154749624908,0.1353759765625,True,True
robot_repression_trend,-0.43,-0.6490154742545121,0.42158363537741045,-1.5394702730183063,0.14209548958091342,0.1378936767578125,True,True
robot_repression_trend,-0.42,-0.6415426123330703,0.418901096875975,-1.5314894544738165,0.14404516734911407,0.14083099365234375,True,True
robot_repression_trend,-0.41,-0.6340697504116276,0.4162456632413619,-1.5233065624613114,0.14606736536295775,0.1434783935546875,True,True
robot_repression_trend,-0.4,-0.6265968884901855,0.41361785651501143,-1.514917401704209,0.1481650605429172,0.14654541015625,True,True
robot_repression_trend,-0.39,-0.619124026568743,0.4110182065874804,-1.5063177656023607,0.15034135376912902,0.1496124267578125,True,True
robot_repression_trend,-0.38,-0.6116511646473007,0.4084472510890357,-1.497503442651324,0.15259947401025287,0.152923583984375,True,True
robot_repression_trend,-0.37,-0.6041783027258584,0.4059055352609467,-1.4884702233425986,0.15494278242238677,0.1562652587890625,True,True
robot_repression_trend,-0.36,-0.5967054408044159,0.4033936118064418,-1.4792139075586797,0.15737477639096825,0.15979766845703125,True,True
robot_repression_trend,-0.35,-0.5892325788829735,0.40091204072028314,-1.4697303124754038,0.15989909348497353,0.1632537841796875,True,True
robot_repression_trend,-0.34,-0.5817597169615312,0.39846138909591033,-1.460015280982471,0.1625195152888258,0.1668853759765625,True,True
robot_repression_trend,-0.33,-0.5742868550400889,0.3960422309091138,-1.4500646906311359,0.16523997107321567,0.17047119140625,True,True
robot_repression_trend,-0.32,-0.5668139931186466,0.39365514677719887,-1.439874463115942,0.16806454126154308,0.174407958984375,True,True
robot_repression_trend,-0.31,-0.5593411311972041,0.39130072369262636,-1.429440574294916,0.1709974606438891,0.178466796875,True,True
robot_repression_trend,-0.3,-0.5518682692757619,0.3889795547301338,-1.4187590647499122,0.17404312128536464,0.18259429931640625,True,True
robot_repression_trend,-0.29,-0.5443954073543196,0.38669223872637787,-1.4078260508857328,0.17720607507034486,0.18660736083984375,True,True
robot_repression_trend,-0.28,-0.5369225454328771,0.38443937993117683,-1.3966377365632994,0.18049103581852735,0.19087982177734375,True,True
robot_repression_trend,-0.27,-0.529449683511435,0.38222158762948266,-1.385190425258429,0.18390288090299733,0.19504547119140625,True,True
robot_repression_trend,-0.26,-0.5219768215899925,0.380039475733274,-1.3734805327337507,0.18744665229455745,0.199127197265625,True,True
robot_repression_trend,-0.25,-0.51450395966855,0.37789366234263055,-1.3615046002069675,0.19112755695057762,0.2031402587890625,True,True
robot_repression_trend,-0.24,-0.5070310977471078,0.3757847692753331,-1.349259307993965,0.19495096646060445,0.20746612548828125,True,True
robot_repression_trend,-0.23,-0.49955823582566544,0.37371342156442466,-1.336741489600331,0.1989224158550112,0.2115325927734375,True,True
robot_repression_trend,-0.22,-0.492085373904223,0.3716802469232773,-1.3239481462295732,0.20304760147720685,0.21588134765625,True,True
robot_repression_trend,-0.21,-0.48461251198278055,0.369685875177822,-1.3108764616708115,0.20733237781445163,0.2202606201171875,True,True
robot_repression_trend,-0.2,-0.47713965006133824,0.36773093766573534,-1.2975238175229482,0.2117827531773056,0.22434234619140625,True,True
robot_repression_trend,-0.19,-0.46966678813989593,0.36581606660251337,-1.2838878087064016,0.21640488411331518,0.228363037109375,True,True
robot_repression_trend,-0.18,-0.4621939262184535,0.36394189441452446,-1.2699662592073597,0.22120506843691937,0.232940673828125,True,True
robot_repression_trend,-0.17,-0.45472106429701115,0.3621090530392968,-1.2557572379933397,0.22618973675490459,0.238250732421875,True,True
robot_repression_trend,-0.16,-0.4472482023755689,0.3603181731934769,-1.2412590750325931,0.23136544236531556,0.243377685546875,True,True
robot_repression_trend,-0.15,-0.4397753404541263,0.35856988360909164,-1.2264703773436918,0.236738849407724,0.2491455078125,True,True
robot_repression_trend,-0.14,-0.43230247853268416,0.3568648102389411,-1.2113900449955637,0.24231671914446515,0.25452423095703125,True,True
robot_repression_trend,-0.13,-0.42482961661124174,0.35520357543217135,-1.1960172869722872,0.24810589425611082,0.2603759765625,True,True
robot_repression_trend,-0.12,-0.4173567546897994,0.35358679708129087,-1.1803516368113924,0.25411328104031605,0.2668609619140625,True,True
robot_repression_trend,-0.11,-0.40988389276835707,0.35201508774212864,-1.164392967919093,0.26034582941155815,0.2736358642578125,True,True
robot_repression_trend,-0.1,-0.40241103084691465,0.3504890537284666,-1.148141508461127,0.266810510610406,0.2811126708984375,True,True
robot_repression_trend,-0.09,-0.39493816892547223,0.34900929418331866,-1.1315978557236623,0.2735142925450726,0.28876495361328125,True,True
robot_repression_trend,-0.08,-0.3874653070040301,0.34757640012907287,-1.1147629898351683,0.2804641127053605,0.2965545654296875,True,True
robot_repression_trend,-0.07,-0.37999244508258756,0.34619095349895773,-1.0976382867374135,0.28766684860985653,0.30493927001953125,True,True
robot_repression_trend,-0.06,-0.37251958316114525,0.34485352615253106,-1.0802255302918877,0.29512928577152564,0.31341552734375,True,True
robot_repression_trend,-0.05,-0.36504672123970294,0.3435646788781353,-1.0625269234070114,0.3028580831948001,0.3216552734375,True,True
robot_repression_trend,-0.04,-0.3575738593182606,0.34232496038548355,-1.0445450980717434,0.3108597364487909,0.3302001953125,True,True
robot_repression_trend,-0.03,-0.3501009973968181,0.3411349062917696,-1.0262831241824895,0.31914053839638357,0.33855438232421875,True,True
robot_repression_trend,-0.02,-0.3426281354753758,0.3399950381048977,-1.0077445170528216,0.32770653769742913,0.34693145751953125,True,True
robot_repression_trend,-0.01,-0.3351552735539334,0.33890586220762264,-0.9889332434993657,0.3365634952458111,0.3550262451171875,True,True
robot_repression_trend,-0.0,-0.32768241163249107,0.337867868846563,-0.9698537264024432,0.34571683874434783,0.3634033203125,True,True
robot_repression_trend,0.01,-0.3202095497110487,0.336881531130202,-0.9505108476465879,0.35517161566782757,0.3715362548828125,True,True
robot_repression_trend,0.02,-0.31273668778960634,0.3359473040401206,-0.9309099493540145,0.3649324449122004,0.37972259521484375,True,True
robot_repression_trend,0.03,-0.30526382586816403,0.3350656234598023,-0.9110568333333856,0.3750034674763107,0.38838958740234375,True,True
robot_repression_trend,0.04,-0.2977909639467218,0.3342369052254278,-0.8909577586768137,0.3853882965705904,0.397552490234375,True,True
robot_repression_trend,0.05,-0.29031810202527925,0.3334615442031092,-0.8706194374498801,0.39608996759375936,0.40677642822265625,True,True
robot_repression_trend,0.06,-0.28284524010383705,0.3327399133970218,-0.8500490284324533,0.40711088846264476,0.4159088134765625,True,True
robot_repression_trend,0.07,-0.27537237818239463,0.3320723630928624,-0.8292541288821078,0.41845279082051,0.4245758056640625,True,True
robot_repression_trend,0.08,-0.2678995162609523,0.3314592200409923,-0.8082427643069352,0.430116682684397,0.43344879150390625,True,True
robot_repression_trend,0.09,-0.26042665433950984,0.33090078668352085,-0.787023376250194,0.44210280312072836,0.4423065185546875,True,True
robot_repression_trend,0.1,-0.25295379241806754,0.33039734042944086,-0.7656048081055542,0.45441057955937125,0.4515533447265625,True,True
robot_repression_trend,0.11,-0.24548093049662512,0.3299491329817486,-0.7439962889982926,0.4670385883684052,0.46143341064453125,True,True
robot_repression_trend,0.12,-0.23800806857518284,0.32955638972026047,-0.7222074157846334,0.4799845193137672,0.47148895263671875,True,True
robot_repression_trend,0.13,-0.23053520665374044,0.32921930914358855,-0.7002481332381171,0.49324514451888873,0.4828643798828125,True,True
robot_repression_trend,0.14,-0.22306234473229808,0.3289380623734446,-0.6781287125083585,0.5068162925185807,0.49498748779296875,True,True
robot_repression_trend,0.15,-0.2155894828108558,0.32871279272412773,-0.6558597279534214,0.5206928279683664,0.5083389282226562,True,True
robot_repression_trend,0.16,-0.20811662088941332,0.32854361533969806,-0.6334520324622072,0.5348686375249282,0.5223617553710938,True,True
robot_repression_trend,0.17,-0.20064375896797101,0.32843061690096503,-0.6109167313974054,0.5493366223555723,0.5363998413085938,True,True
robot_repression_trend,0.18,-0.19317089704652868,0.32837385540402325,-0.5882651553025008,0.5640886976650269,0.5509109497070312,True,True
robot_repression_trend,0.19,-0.18569803512508629,0.32837336001165063,-0.5655088315279222,0.5791157995474022,0.5658416748046875,True,True
robot_repression_trend,0.2,-0.178225173203644,0.3284291309784573,-0.54265945494139,0.5944078993809404,0.5802154541015625,True,True
robot_repression_trend,0.21,-0.1707523112822016,0.32854113965023185,-0.5197288578958064,0.6099540258848198,0.5956802368164062,True,True
robot_repression_trend,0.22,-0.16327944936075925,0.3287093285374884,-0.4967289796344726,0.6257422948526495,0.6111526489257812,True,True
robot_repression_trend,0.23,-0.15580658743931686,0.32893361146277644,-0.4736718353178955,0.6417599464684886,0.6274642944335938,True,True
robot_repression_trend,0.24,-0.14833372551787458,0.3292138737808719,-0.45056948485897347,0.6579933900006143,0.643646240234375,True,True
robot_repression_trend,0.25,-0.14086086359643218,0.32954997267054326,-0.42743400175381957,0.674428255558281,0.6606216430664062,True,True
robot_repression_trend,0.26,-0.13338800167498982,0.3299417374961656,-0.4042774420939696,0.6910494524899187,0.678070068359375,True,True
robot_repression_trend,0.27,-0.1259151397535475,0.3303889702370622,-0.38111181394221577,0.7078412339000839,0.6953659057617188,True,True
robot_repression_trend,0.28,-0.11844227783210509,0.3308914459820758,-0.3579490472489308,0.7247872666694071,0.7126998901367188,True,True
robot_repression_trend,0.29,-0.1109694159106628,0.3314489134865228,-0.3348009644785726,0.7418707062789778,0.7301254272460938,True,True
robot_repression_trend,0.3,-0.10349655398922039,0.3320610957883635,-0.3116792521072179,0.7590742756700243,0.7475738525390625,True,True
robot_repression_trend,0.31,-0.09602369206777801,0.33272769088013404,-0.28859543314166414,0.7763803473129512,0.7659454345703125,True,True
robot_repression_trend,0.32,-0.08855083014633565,0.33344837243292713,-0.2655608407989683,0.7937710276181009,0.7849349975585938,True,True
robot_repression_trend,0.33,-0.08107796822489327,0.3342227905684994,-0.24258659347252454,0.8112282427947285,0.8039474487304688,True,True
robot_repression_trend,0.34,-0.07360510630345099,0.33505057267539007,-0.2196835710970787,0.8287338252550628,0.8238754272460938,True,True
robot_repression_trend,0.35,-0.06613224438200863,0.335931324264802,-0.19686239301065914,0.8462695996668845,0.8429183959960938,True,True
robot_repression_trend,0.36,-0.05865938246056627,0.33686462986188553,-0.17413339739650496,0.8638174677802447,0.8621292114257812,True,True
robot_repression_trend,0.37,-0.051186520539123884,0.3378500539279986,-0.15150662237287246,0.8813594911909367,0.8809356689453125,True,True
robot_repression_trend,0.38,-0.04371365861768149,0.33888714180948637,-0.1289917887833472,0.8988779712537882,0.8991546630859375,True,True
robot_repression_trend,0.39,-0.036240796696239176,0.33997542070852577,-0.10659828472514732,0.9163555254212283,0.9171600341796875,True,True
robot_repression_trend,0.4,-0.02876793477479681,0.34111440067162246,-0.08433515183807962,0.9337751593550819,0.9344940185546875,True,True
robot_repression_trend,0.41,-0.021295072853354396,0.3423035755914128,-0.062211073362473564,0.9511203342401342,0.9514083862304688,True,True
robot_repression_trend,0.42,-0.01382221093191209,0.3435424242175293,-0.04023436396070821,0.9683750288146414,0.9680252075195312,True,True
robot_repression_trend,0.43,-0.006349349010469763,0.3448304111724089,-0.01841296128401855,0.9855237957234584,0.98516845703125,True,True
robot_repression_trend,0.44,0.0011235129109726481,0.34616698796808043,0.0032455807457765027,0.9974481881082597,0.9975738525390625,True,True
robot_repression_trend,0.45,0.008596374832415033,0.3475515940201377,0.024734096981056993,0.9805550772907493,0.9806060791015625,True,True
robot_repression_trend,0.46,0.01606923675385736,0.34898365765529604,0.046045814471145044,0.9638103200947182,0.9640884399414062,True,True
robot_repression_trend,0.47,0.023542098675299713,0.35046259710914096,0.06717435432337517,0.9472266269195733,0.947113037109375,True,True
robot_repression_trend,0.48,0.031014960596742067,0.35198782151089275,0.08811373207064854,0.9308159450575465,0.9297943115234375,True,True
robot_repression_trend,0.49,0.0384878225181844,0.35355873185224684,0.10885835662027595,0.9145894396318479,0.9124984741210938,True,True
robot_repression_trend,0.5,0.0459606844396268,0.3551747219375821,0.12940302786442068,0.8985574805197476,0.8956146240234375,True,True
robot_repression_trend,0.51,0.053433546361069104,0.3568351793130737,0.1497429330368476,0.8827296350122931,0.8795928955078125,True,True
robot_repression_trend,0.52,0.060906408282511516,0.3585394861724897,0.16987364190400514,0.8671146659116784,0.86370849609375,True,True
robot_repression_trend,0.53,0.06837927020395385,0.36028702023769515,0.18979110088074064,0.8517205347252917,0.8475265502929688,True,True
robot_repression_trend,0.54,0.07585213212539624,0.36207715561212456,0.20949162616227823,0.8365544095821391,0.8320236206054688,True,True
robot_repression_trend,0.55,0.08332499404683853,0.36390926360572473,0.2289718959644745,0.8216226774725035,0.8165817260742188,True,True
robot_repression_trend,0.56,0.09079785596828088,0.36578271353009545,0.2482289419639573,0.8069309603949251,0.80157470703125,True,True
robot_repression_trend,0.57,0.09827071788972322,0.3676968734627801,0.26726014002855153,0.7924841349854053,0.7865447998046875,True,True
robot_repression_trend,0.58,0.10574357981116567,0.36965111097987047,0.28606320032654786,0.7782863552014972,0.7717132568359375,True,True
robot_repression_trend,0.59,0.11321644173260796,0.3716447938562924,0.30463615690089957,0.7643410776379563,0.7570266723632812,True,True
robot_repression_trend,0.6,0.12068930365405024,0.373677290733334,0.32297735679147094,0.7506510890601436,0.7428970336914062,True,True
robot_repression_trend,0.61,0.12816216557549256,0.3757479717531527,0.3410854487850398,0.737218535755612,0.7285842895507812,True,True
robot_repression_trend,0.62,0.13563502749693504,0.3778562091601729,0.35895937186899446,0.7240449543225042,0.7148895263671875,True,True
robot_repression_trend,0.63,0.14310788941837743,0.38000137786943544,0.37659834346060667,0.7111313035347545,0.7018280029296875,True,True
robot_repression_trend,0.64,0.15058075133981966,0.3821828560021072,0.39400184747949396,0.6984779969479417,0.6891326904296875,True,True
robot_repression_trend,0.65,0.15805361326126208,0.38440002538848816,0.411169622326449,0.686084935935242,0.6762237548828125,True,True
robot_repression_trend,0.66,0.16552647518270444,0.38665227203897057,0.42810164882729845,0.673951542869712,0.6638412475585938,True,True
robot_repression_trend,0.67,0.17299933710414683,0.38893898658351383,0.44479813819589936,0.6620767941964578,0.6517181396484375,True,True
robot_repression_trend,0.68,0.18047219902558922,0.39125956468028766,0.4612595200658151,0.6504592531657093,0.6401596069335938,True,True
robot_repression_trend,0.69,0.18794506094703148,0.393613407394223,0.47748643063572105,0.6390971020248772,0.6285781860351562,True,True
robot_repression_trend,0.7,0.1954179228684739,0.3959999215462774,0.4934797009691754,0.6279881734940516,0.61773681640625,True,True
robot_repression_trend,0.71,0.20289078478991626,0.39841852003428496,0.5092403454850868,0.6171299813747562,0.606536865234375,True,True
robot_repression_trend,0.72,0.21036364671135852,0.40086862212631075,0.5247695506710787,0.6065197501658489,0.5960845947265625,True,True
robot_repression_trend,0.73,0.2178365086328009,0.40334965372746856,0.5400686640479593,0.5961544435831333,0.5856704711914062,True,True
robot_repression_trend,0.74,0.22530937055424322,0.405861047621197,0.5551391834097161,0.5860307919003055,0.5750961303710938,True,True
robot_repression_trend,0.75,0.23278223247568575,0.40840224368601,0.5699827463598721,0.5761453180482873,0.5653152465820312,True,True
robot_repression_trend,0.76,0.2402550943971282,0.41097268908875634,0.5846011201616396,0.5664943624277207,0.55560302734375,True,True
robot_repression_trend,0.77,0.2477279563185704,0.41357183845543083,0.5989961919161649,0.5570741064053824,0.5457000732421875,True,True
robot_repression_trend,0.78,0.25520081824001284,0.41619915402058566,0.6131699590801916,0.547880594479604,0.5362777709960938,True,True
robot_repression_trend,0.79,0.2626736801614552,0.41885410575638665,0.6271245203317432,0.5389097551124432,0.5267715454101562,True,True
robot_repression_trend,0.8,0.2701465420828975,0.42153617148235123,0.6408620667899384,0.5301574202374094,0.517547607421875,True,True
robot_repression_trend,0.81,0.27761940400434,0.4242448369567968,0.6543848735927257,0.5216193434611459,0.5085067749023438,True,True
robot_repression_trend,0.82,0.28509226592578213,0.4269795959510065,0.667695291834261,0.5132912169856088,0.49965667724609375,True,True
robot_repression_trend,0.83,0.29256512784722444,0.42973995030710765,0.6807957408617626,0.5051686872841235,0.4912109375,True,True
robot_repression_trend,0.84,0.30003798976866686,0.4325254099806285,0.6936887009299746,0.49724736957034293,0.48303985595703125,True,True
robot_repression_trend,0.85,0.30751085169010944,0.4353354930686804,0.7063767062098821,0.4895228611036297,0.47467041015625,True,True
robot_repression_trend,0.86,0.3149837136115516,0.43816972582468133,0.71886233814698,0.4819907533779102,0.46665191650390625,True,True
robot_repression_trend,0.87,0.32245657553299406,0.4410276426605099,0.731148219163241,0.4746466432436556,0.458740234375,True,True
robot_repression_trend,0.88,0.32992943745443637,0.4439087861369511,0.7432370066958964,0.46748614301447017,0.45127105712890625,True,True
robot_repression_trend,0.89,0.3374022993758787,0.4468127069432575,0.75513138756532,0.4605048896108432,0.4442138671875,True,True
robot_repression_trend,0.9,0.3448751612973212,0.44973896386662554,0.7668340726635313,0.4536985527941408,0.43717193603515625,True,True
robot_repression_trend,0.91,0.35234802321876335,0.4526871237523501,0.778347791954253,0.4470628425438452,0.43071746826171875,True,True
robot_repression_trend,0.92,0.3598208851402057,0.4556567614553853,0.7896752897749699,0.4405935156305544,0.4243316650390625,True,True
robot_repression_trend,0.93,0.36729374706164813,0.45864745978401456,0.80081932043102,0.4342863814363804,0.4179229736328125,True,True
robot_repression_trend,0.94,0.3747666089830903,0.4616588094362907,0.8117826440714946,0.4281373070731627,0.41162109375,True,True
robot_repression_trend,0.95,0.38223947090453264,0.46469040892988367,0.8225680228364861,0.4221422218474642,0.4056396484375,True,True
robot_repression_trend,0.96,0.3897123328259751,0.46774186452593325,0.8331782172651089,0.4162971211196441,0.3999786376953125,True,True
robot_repression_trend,0.97,0.39718519474741754,0.4708127901474801,0.8436159829536511,0.41059806960246853,0.39426422119140625,True,True
robot_repression_trend,0.98,0.40465805666886,0.47390280729301326,0.853884067453225,0.405041204142771,0.38884735107421875,True,True
robot_repression_trend,0.99,0.4121309185903022,0.4770115449456412,0.8639852073963271,0.39962273602764947,0.3837127685546875,True,True
robot_repression_trend,1.0,0.41960378051174463,0.48013863947837077,0.8739221258418359,0.39433895285459647,0.3788299560546875,True,True
robot_repression_trend,1.01,0.4270766424331871,0.4832837345559429,0.8836975298281025,0.3891862200028621,0.3736114501953125,True,True
robot_repression_trend,1.02,0.4345495043546294,0.4864464810336511,0.8933141081239899,0.38416098174123664,0.36884307861328125,True,True
robot_repression_trend,1.03,0.4420223662760715,0.48962653685353935,0.9027745291679165,0.3792597620053534,0.36418914794921875,True,True
robot_repression_trend,1.04,0.44949522819751414,0.492823566938355,0.912081439185191,0.3744791648755657,0.35961151123046875,True,True
robot_repression_trend,1.05,0.45696809011895645,0.4960372430836026,0.9212374604741899,0.36981587478444694,0.3549346923828125,True,True
robot_repression_trend,1.06,0.46444095204039865,0.4992672438480254,0.9302451898522153,0.3652666564810062,0.3505706787109375,True,True
robot_repression_trend,1.07,0.4719138139618412,0.5025132544428169,0.9391071972521319,0.36082835477685443,0.34658050537109375,True,True
robot_repression_trend,1.08,0.4793866758832835,0.5057749666198433,0.9478260244612025,0.35649789409773863,0.34246063232421875,True,True
robot_repression_trend,1.09,0.4868595378047259,0.50905207855914,0.9564041839938467,0.35227227786213866,0.3387603759765625,True,True
robot_repression_trend,1.1,0.4943323997261683,0.5123442947559219,0.9648441580903436,0.3481485877069783,0.335205078125,True,True
robot_repression_trend,1.11,0.5018052616476106,0.5156513259073325,0.9731483978338298,0.3441239825789443,0.33145904541015625,True,True
robot_repression_trend,1.12,0.5092781235690531,0.5189728887991375,0.9813193223782511,0.3401956977084207,0.327911376953125,True,True
robot_repression_trend,1.13,0.5167509854904951,0.5223087061925531,0.9893593182802336,0.33636104348166324,0.32431793212890625,True,True
robot_repression_trend,1.14,0.5242238474119376,0.5256585067113823,0.9972707389281681,0.3326174042255152,0.32080078125,True,True
robot_repression_trend,1.15,0.5316967093333799,0.5290220247296201,1.005055904062079,0.3289622369177493,0.31752777099609375,True,True
robot_repression_trend,1.16,0.5391695712548222,0.532399000259672,1.012717099378188,0.3253930698349517,0.3142242431640625,True,True
robot_repression_trend,1.17,0.5466424331762648,0.5357891788413186,1.02025657621234,0.3219075011488053,0.311065673828125,True,True
robot_repression_trend,1.18,0.554115295097707,0.5391923114315481,1.0276765512967694,0.31850319748061645,0.3077239990234375,True,True
robot_repression_trend,1.19,0.5615881570191494,0.542608154295364,1.0349792065849674,0.315177892423,0.30420684814453125,True,True
robot_repression_trend,1.2,0.5690610189405916,0.5460364688976665,1.042166689139659,0.3119293850367762,0.30121612548828125,True,True
robot_repression_trend,1.21,0.5765338808620342,0.549477021796297,1.049241111079196,0.30875553833032804,0.29802703857421875,True,True
robot_repression_trend,1.22,0.5840067427834762,0.5529295845363214,1.056204549577892,0.3056542777279343,0.2950286865234375,True,True
robot_repression_trend,1.23,0.5914796047049188,0.5563939335456259,1.0630590469161103,0.3026235895328972,0.29206085205078125,True,True
robot_repression_trend,1.24,0.5989524666263613,0.5598698500318844,1.0698066105761028,0.2996615193906764,0.289337158203125,True,True
robot_repression_trend,1.25,0.6064253285478034,0.5633571198809507,1.0764492133798786,0.2967661707566414,0.28633880615234375,True,True
robot_repression_trend,1.26,0.6138981904692459,0.5668555335567256,1.0829887936655604,0.29393570337253677,0.28360748291015625,True,True
robot_repression_trend,1.27,0.6213710523906882,0.5703648860025352,1.089427255498906,0.29116833175526774,0.2811279296875,True,True
robot_repression_trend,1.28,0.6288439143121307,0.5738849765440588,1.0957664689168816,0.2884623237011645,0.27857208251953125,True,True
robot_repression_trend,1.29,0.636316776233573,0.5774156087938304,1.1020082702003533,0.28581599880848085,0.27617645263671875,True,True
robot_repression_trend,1.3,0.6437896381550153,0.5809565905573404,1.108154462173148,0.2832277270205157,0.2736358642578125,True,True
robot_repression_trend,1.31,0.6512625000764574,0.5845077337407555,1.114206814524903,0.28069592719140624,0.2713165283203125,True,True
robot_repression_trend,1.32,0.6587353619979,0.5880688542602669,1.1201670641553099,0.27821906567633126,0.2690277099609375,True,True
robot_repression_trend,1.33,0.6662082239193426,0.591639771953084,1.1260369155374697,0.275795654947607,0.26670074462890625,True,True
robot_repression_trend,1.34,0.6736810858407847,0.5952203104900708,1.1318180410982845,0.2734242522378759,0.2645263671875,True,True
robot_repression_trend,1.35,0.6811539477622269,0.5988102972900352,1.137512081613901,0.2711034582113897,0.262664794921875,True,True
robot_repression_trend,1.36,0.6886268096836695,0.6024095634356657,1.1431206466183723,0.26883191566417813,0.2606964111328125,True,True
robot_repression_trend,1.37,0.6960996716051118,0.6060179435911142,1.1486453148238405,0.2666083082537005,0.25848388671875,True,True
robot_repression_trend,1.38,0.7035725335265539,0.6096352759212195,1.1540876345506514,0.2644313592584282,0.25643157958984375,True,True
robot_repression_trend,1.39,0.7110453954479968,0.6132614020123595,1.1594491241659242,0.2622998303676492,0.254608154296875,True,True
robot_repression_trend,1.4,0.7185182573694385,0.616896166794926,1.164731272529198,0.26021252050166815,0.2524871826171875,True,True
robot_repression_trend,1.41,0.7259911192908811,0.620539418467406,1.1699355394439201,0.2581682646624367,0.2507171630859375,True,True
robot_repression_trend,1.42,0.7334639812123234,0.624191008422057,1.17506335611355,0.2561659328145782,0.24868011474609375,True,True
robot_repression_trend,1.43,0.7409368431337658,0.6278507911721601,1.1801161256012447,0.25420442879664684,0.246673583984375,True,True
robot_repression_trend,1.44,0.7484097050552083,0.6315186242808325,1.1850952232920926,0.252282689262408,0.24489593505859375,True,True
robot_repression_trend,1.45,0.7558825669766505,0.635194368291382,1.190001997356981,0.25039968265184276,0.242950439453125,True,True
robot_repression_trend,1.46,0.763355428898093,0.6388778866591843,1.1948377692172534,0.24855440819152314,0.24123382568359375,True,True
robot_repression_trend,1.47,0.7708282908195351,0.6425690456850592,1.1996038340093638,0.24674589492395227,0.2396087646484375,True,True
robot_repression_trend,1.48,0.7783011527409779,0.6462677144501304,1.2043014610488265,0.24497320076542217,0.2378692626953125,True,True
robot_repression_trend,1.49,0.7857740146624201,0.6499737647521379,1.208931894292793,0.24323541159189743,0.23624420166015625,True,True
robot_repression_trend,1.5,0.7932468765838625,0.65368707104319,1.2134963528006684,0.2415316403524054,0.234375,True,True
robot_repression_trend,1.51,0.8007197385053049,0.6574075103689236,1.2179960311922164,0.23986102620938848,0.2327880859375,True,True
robot_repression_trend,1.52,0.808192600426747,0.6611349623090532,1.2224321001026572,0.23822273370545005,0.23126983642578125,True,True
robot_repression_trend,1.53,0.8156654623481895,0.664869308919283,1.2268057066343148,0.23661595195590737,0.229949951171875,True,True
robot_repression_trend,1.54,0.8231383242696318,0.668610434674558,1.2311179748044005,0.2350398938665562,0.22849273681640625,True,True
robot_repression_trend,1.55,0.8306111861910743,0.6723582264136304,1.235370005988575,0.23349379537603904,0.22689056396484375,True,True
robot_repression_trend,1.56,0.8380840481125167,0.6761125732849147,1.2395628793599538,0.2319769147222022,0.225494384765625,True,True
robot_repression_trend,1.57,0.8455569100339589,0.6798733666936073,1.2436976523232728,0.23048853173182618,0.22412109375,True,True
robot_repression_trend,1.58,0.8530297719554015,0.6836405002500484,1.2477753609439424,0.22902794713311014,0.2227325439453125,True,True
robot_repression_trend,1.59,0.8605026338768439,0.687413869719296,1.2517970203717717,0.22759448189029297,0.2214202880859375,True,True
robot_repression_trend,1.6,0.867975495798286,0.6911933729718934,1.255763625259152,0.22618747655979868,0.2200775146484375,True,True
robot_repression_trend,1.61,0.8754483577197284,0.6949789099358006,1.2596761501735338,0.22480629066729263,0.21880340576171875,True,True
robot_repression_trend,1.62,0.8829212196411707,0.6987703825494676,1.263535550004034,0.22345030210504974,0.21752166748046875,True,True
robot_repression_trend,1.63,0.8903940815626132,0.7025676947160248,1.2673427603620562,0.222118906549036,0.21643829345703125,True,True
robot_repression_trend,1.64,0.8978669434840553,0.7063707522585677,1.271098697975805,0.22081151689511652,0.21511077880859375,True,True
robot_repression_trend,1.65,0.9053398054054979,0.7101794628765076,1.2748042610786205,0.21952756271381046,0.21379852294921875,True,True
robot_repression_trend,1.66,0.9128126673269402,0.7139937361029715,1.278460329791038,0.21826648972303084,0.21271514892578125,True,True
robot_repression_trend,1.67,0.9202855292483827,0.717813483263222,1.282067766496543,0.21702775927824203,0.2115478515625,True,True
robot_repression_trend,1.68,0.9277583911698252,0.7216386174340759,1.2856274162109667,0.2158108478794993,0.2104339599609375,True,True
robot_repression_trend,1.69,0.9352312530912672,0.7254690534043022,1.2891401069454922,0.21461524669483348,0.20947265625,True,True
robot_repression_trend,1.7,0.9427041150127093,0.7293047076359707,1.2926066500632765,0.21344046109945278,0.20829010009765625,True,True
robot_repression_trend,1.71,0.9501769769341517,0.7331454982267355,1.2960278406296593,0.21228601023026528,0.20732879638671875,True,True
robot_repression_trend,1.72,0.9576498388555942,0.7369913448730265,1.2994044577559918,0.21115142655521338,0.2063140869140625,True,True
robot_repression_trend,1.73,0.9651227007770368,0.7408421688341326,1.302737264937086,0.21003625545694413,0.2053680419921875,True,True
robot_repression_trend,1.74,0.972595562698479,0.7446978928971502,1.306027010382321,0.20894005483034095,0.20440673828125,True,True
robot_repression_trend,1.75,0.9800684246199212,0.7485584413427815,1.3092744273404382,0.20786239469345966,0.20339202880859375,True,True
robot_repression_trend,1.76,0.9875412865413641,0.7524237399119582,1.312480234418065,0.20680285681142288,0.2025146484375,True,True
robot_repression_trend,1.77,0.9950141484628062,0.7562937157732745,1.3156451358920143,0.20576103433284332,0.201416015625,True,True
robot_repression_trend,1.78,1.0024870103842485,0.760168297491207,1.318769822015426,0.20473653143834894,0.20040130615234375,True,True
robot_repression_trend,1.79,1.0099598723056908,0.7640474149951025,1.3218549693177937,0.2037289630008093,0.19956207275390625,True,True
robot_repression_trend,1.8,1.017432734227133,0.767930999548919,1.324901240898949,0.20273795425686572,0.198760986328125,True,True
robot_repression_trend,1.81,1.0249055961485753,0.7718189837216949,1.3279092867170772,0.20176314048937838,0.19791412353515625,True,True
robot_repression_trend,1.82,1.032378458070018,0.7757113013587356,1.3308797438708244,0.20080416672042495,0.197235107421875,True,True
robot_repression_trend,1.83,1.03985131999146,0.7796078875534938,1.3338132368755817,0.19986068741448726,0.19640350341796875,True,True
robot_repression_trend,1.84,1.0473241819129027,0.7835086786201308,1.3367103779340237,0.19893236619147678,0.195709228515625,True,True
robot_repression_trend,1.85,1.0547970438343452,0.7874136120667404,1.3395717672009735,0.19801887554926764,0.19488525390625,True,True
robot_repression_trend,1.86,1.0622699057557874,0.7913226265692165,1.3423979930426915,0.1971198965954036,0.1940765380859375,True,True
robot_repression_trend,1.87,1.0697427676772295,0.7952356619457536,1.345189632290662,0.19623511878766867,0.19315338134765625,True,True
robot_repression_trend,1.88,1.0772156295986717,0.7991526591319602,1.3479472504899672,0.1953642396832161,0.19240570068359375,True,True
robot_repression_trend,1.89,1.0846884915201138,0.8030735601565713,1.350671402142336,0.19450696469595855,0.19167327880859375,True,True
robot_repression_trend,1.9,1.0921613534415564,0.8069983081177444,1.3533626309439617,0.1936630068619355,0.1909637451171875,True,True
robot_repression_trend,1.91,1.099634215362999,0.8109268471599265,1.3560214700181645,0.19283208661238505,0.19016265869140625,True,True
robot_repression_trend,1.92,1.1071070772844414,0.8148591224512741,1.358648442143007,0.19201393155424926,0.189544677734375,True,True
robot_repression_trend,1.93,1.1145799392058844,0.8187950801616158,1.3612440599739386,0.19120827625786163,0.1888427734375,True,True
robot_repression_trend,1.94,1.1220528011273265,0.8227346674409427,1.3638088262615595,0.19041486205156463,0.188201904296875,True,True
robot_repression_trend,1.95,1.1295256630487682,0.8266778323984109,1.3663432340646122,0.1896334368230187,0.1876068115234375,True,True
robot_repression_trend,1.96,1.1369985249702113,0.8306245240818476,1.3688477669582682,0.1888637548269722,0.18683624267578125,True,True
robot_repression_trend,1.97,1.1444713868916532,0.8345746924577464,1.3713228992378013,0.18810557649927315,0.186248779296875,True,True
robot_repression_trend,1.98,1.1519442488130955,0.8385282883917353,1.3737690961177706,0.1873586682768938,0.18563079833984375,True,True
robot_repression_trend,1.99,1.1594171107345383,0.8424852636295125,1.376186813926752,0.18662280242377932,0.185150146484375,True,True
robot_repression_trend,2.0,1.16688997265598,0.8464455707782337,1.3785765002977397,0.18589775686230542,0.18457794189453125,True,True
robot_repression_trend,2.01,1.1743628345774224,0.8504091632883403,1.3809385943543064,0.18518331501015475,0.1839447021484375,True,True
robot_repression_trend,2.02,1.181835696498865,0.8543759954358184,1.3832735268925818,0.18447926562243128,0.1831817626953125,True,True
robot_repression_trend,2.03,1.1893085584203074,0.8583460223048748,1.3855817205591692,0.18378540263882454,0.182525634765625,True,True
robot_repression_trend,2.04,1.19678142034175,0.8623191997710251,1.3878635900250578,0.18310152503565505,0.18192291259765625,True,True
robot_repression_trend,2.05,1.2042542822631914,0.8662954844845758,1.3901195421556336,0.18242743668263134,0.18141937255859375,True,True
robot_repression_trend,2.06,1.2117271441846345,0.8702748338544991,1.392349976176862,0.18176294620415684,0.18102264404296875,True,True
robot_repression_trend,2.07,1.2192000061060766,0.8742572060326815,1.3945552838377182,0.1811078668450343,0.1804656982421875,True,True
robot_repression_trend,2.08,1.2266728680275192,0.8782425598985456,1.3967358495689666,0.1804620163404098,0.179962158203125,True,True
robot_repression_trend,2.09,1.2341457299489613,0.882230855044027,1.398892050638347,0.17982521678981966,0.17938232421875,True,True
robot_repression_trend,2.1,1.2416185918704041,0.8862220517589057,1.401024257302258,0.17919729453519423,0.17877960205078125,True,True
robot_repression_trend,2.11,1.2490914537918465,0.8902161110164759,1.403132832954007,0.17857808004268969,0.1782684326171875,True,True
robot_repression_trend,2.12,1.2565643157132884,0.8942129944595515,1.4052181342687113,0.17796740778820946,0.17772674560546875,True,True
robot_repression_trend,2.13,1.264037177634731,0.8982126643867931,1.4072805113449218,0.17736511614649797,0.17731475830078125,True,True
robot_repression_trend,2.14,1.2715100395561734,0.9022150837393548,1.409320307843031,0.17677104728368212,0.17675018310546875,True,True
robot_repression_trend,2.15,1.2789829014776153,0.9062202160878361,1.4113378611205567,0.1761850470531436,0.1761627197265625,True,True
robot_repression_trend,2.16,1.286455763399058,0.9102280256195385,1.4133335023643592,0.17560696489460953,0.17559051513671875,True,True
robot_repression_trend,2.17,1.2939286253205005,0.9142384771260104,1.4153075567198612,0.17503665373635505,0.17504119873046875,True,True
robot_repression_trend,2.18,1.301401487241943,0.9182515359908826,1.4172603434173452,0.1744739699004108,0.17458343505859375,True,True
robot_repression_trend,2.19,1.3088743491633847,0.9222671681779789,1.4191921758953892,0.17391877301067535,0.17414093017578125,True,True
robot_repression_trend,2.2,1.3163472110848273,0.9262853402197008,1.421103361921511,0.17337092590383532,0.17368316650390625,True,True
robot_repression_trend,2.21,1.3238200730062701,0.9303060192056748,1.4229942037100762,0.17283029454299945,0.173248291015625,True,True
robot_repression_trend,2.22,1.3312929349277123,0.9343291727716615,1.4248649980375425,0.17229674793395686,0.172760009765625,True,True
robot_repression_trend,2.23,1.3387657968491546,0.9383547690887121,1.4267160363551024,0.17177015804396883,0.1725006103515625,True,True
robot_repression_trend,2.24,1.3462386587705966,0.942382776852574,1.42854760489877,0.1712503997230147,0.17211151123046875,True,True
robot_repression_trend,2.25,1.3537115206920394,0.9464131652733335,1.430359984796993,0.1707373506274062,0.1717071533203125,True,True
robot_repression_trend,2.26,1.3611843826134817,0.9504459040652958,1.4321534521758201,0.17023089114569745,0.17130279541015625,True,True
robot_repression_trend,2.27,1.3686572445349243,0.954480963437087,1.4339282782617142,0.16973090432680646,0.17086029052734375,True,True
robot_repression_trend,2.28,1.3761301064563662,0.958518314081983,1.4356847294820332,0.16923727581028497,0.17050933837890625,True,True
robot_repression_trend,2.29,1.3836029683778088,0.962557927168453,1.437423067563258,0.16874989375865748,0.17012786865234375,True,True
robot_repression_trend,2.3,1.3910758302992505,0.9665997743309149,1.4391435496270004,0.1682686487917699,0.169677734375,True,True
robot_repression_trend,2.31,1.398548692220693,0.9706438276606965,1.440846428283864,0.16779343392307441,0.16930389404296875,True,True
robot_repression_trend,2.32,1.4060215541421357,0.9746900596971962,1.4425319517251871,0.16732414449779218,0.16892242431640625,True,True
robot_repression_trend,2.33,1.4134944160635785,0.9787384434192444,1.4442003638127308,0.16686067813289376,0.16855621337890625,True,True
robot_repression_trend,2.34,1.4209672779850202,0.9827889522366499,1.4458519041663582,0.16640293465883288,0.16819000244140625,True,True
robot_repression_trend,2.35,1.4284401399064626,0.9868415599819372,1.447486808249754,0.16595081606298165,0.16786956787109375,True,True
robot_repression_trend,2.36,1.4359130018279052,0.9908962409022648,1.449105307454218,0.16550422643471258,0.16750335693359375,True,True
robot_repression_trend,2.37,1.4433858637493475,0.9949529696515208,1.4507076291805923,0.16506307191207095,0.167083740234375,True,True
robot_repression_trend,2.38,1.4508587256707897,0.9990117212825914,1.4522939969193653,0.16462726062998811,0.16666412353515625,True,True
robot_repression_trend,2.39,1.4583315875922322,1.0030724712397987,1.453864630328986,0.16419670266998823,0.16632843017578125,True,True
robot_repression_trend,2.4,1.4658044495136746,1.0071351953515042,1.455419745312434,0.16377131001133807,0.165924072265625,True,True
robot_repression_trend,2.41,1.4732773114351172,1.0111998698228717,1.4569595540920965,0.1633509964835955,0.16555023193359375,True,True
robot_repression_trend,2.42,1.480750173356559,1.0152664712287893,1.4584842652829744,0.16293567772051212,0.165252685546875,True,True
robot_repression_trend,2.43,1.4882230352780021,1.0193349765069422,1.4599940839642782,0.16252527111524484,0.16495513916015625,True,True
robot_repression_trend,2.44,1.4956958971994443,1.0234053629510367,1.4614892117494245,0.162119695776842,0.16464996337890625,True,True
robot_repression_trend,2.45,1.5031687591208864,1.0274776082041708,1.4629698468545027,0.16171887248795352,0.164398193359375,True,True
robot_repression_trend,2.46,1.5106416210423286,1.0315516902523443,1.4644361841652225,0.16132272366373485,0.1641693115234375,True,True
robot_repression_trend,2.47,1.5181144829637716,1.0356275874181113,1.465888415302389,0.1609311733119056,0.16384124755859375,True,True
robot_repression_trend,2.48,1.5255873448852133,1.0397052783543674,1.4673267286859348,0.16054414699392422,0.1634674072265625,True,True
robot_repression_trend,2.49,1.5330602068066557,1.043784742038267,1.4687513095975595,0.1601615717872449,0.16316986083984375,True,True
robot_repression_trend,2.5,1.540533068728098,1.0478659577652747,1.4701623402419781,0.15978337624862787,0.16291046142578125,True,True
robot_repression_trend,2.51,1.5480059306495404,1.0519489051433366,1.471559999806846,0.15940949037846067,0.16254425048828125,True,True
robot_repression_trend,2.52,1.555478792570983,1.0560335640871834,1.4729444645213632,0.1590398455860706,0.16231536865234375,True,True
robot_repression_trend,2.53,1.5629516544924256,1.0601199148127434,1.4743159077136108,0.1586743746559873,0.1620330810546875,True,True
robot_repression_trend,2.54,1.5704245164138675,1.0642079378316824,1.4756744998666318,0.15831301171513523,0.16175079345703125,True,True
robot_repression_trend,2.55,1.5778973783353099,1.0682976139460534,1.477020408673299,0.15795569220092104,0.16150665283203125,True,True
robot_repression_trend,2.56,1.585370240256752,1.0723889242430586,1.4783537990899889,0.15760235283019156,0.16121673583984375,True,True
robot_repression_trend,2.57,1.5928431021781944,1.0764818500899227,1.479674833389098,0.15725293156903591,0.160888671875,True,True
robot_repression_trend,2.58,1.6003159640996372,1.0805763731288716,1.4809836712104203,0.15690736760340598,0.16053009033203125,True,True
robot_repression_trend,2.59,1.6077888260210798,1.0846724752722152,1.4822804696114193,0.15656560131052802,0.16027069091796875,True,True
robot_repression_trend,2.6,1.6152616879425217,1.0887701386975341,1.483565383116417,0.1562275742310865,0.15997314453125,True,True
robot_repression_trend,2.61,1.622734549863964,1.0928693458429626,1.4848385637647294,0.15589322904215103,0.1596832275390625,True,True
robot_repression_trend,2.62,1.6302074117854068,1.0969700794025734,1.4861001611577616,0.15556250953082998,0.15940093994140625,True,True
robot_repression_trend,2.63,1.6376802737068485,1.1010723223218515,1.487350322505103,0.15523536056862458,0.15911865234375,True,True
robot_repression_trend,2.64,1.6451531356282914,1.1051760577932679,1.4885891926696357,0.15491172808646397,0.1588134765625,True,True
robot_repression_trend,2.65,1.6526259975497333,1.1092812692519358,1.4898169142116786,0.15459155905040256,0.158447265625,True,True
robot_repression_trend,2.66,1.6600988594711763,1.113387940371364,1.4910336274321958,0.15427480143795722,0.15822601318359375,True,True
robot_repression_trend,2.67,1.6675717213926178,1.1174960550592896,1.492239470415082,0.15396140421506893,0.15792083740234375,True,True
robot_repression_trend,2.68,1.6750445833140604,1.1216055974536003,1.4934345790685617,0.1536513173136652,0.15769195556640625,True,True
robot_repression_trend,2.69,1.682517445235503,1.1257165519183343,1.4946190871657026,0.15334449160981214,0.15740966796875,True,True
robot_repression_trend,2.7,1.6899903071569453,1.1298289030397681,1.4957931263840756,0.15304087890243456,0.1571044921875,True,True
robot_repression_trend,2.71,1.697463169078388,1.1339426356225752,1.496956826344588,0.15274043189258768,0.1568145751953125,True,True
robot_repression_trend,2.72,1.70493603099983,1.1380577346860679,1.4981103146494892,0.15244310416326518,0.156585693359375,True,True
robot_repression_trend,2.73,1.7124088929212724,1.1421741854605103,1.4992537169195876,0.15214885015972998,0.156341552734375,True,True
robot_repression_trend,2.74,1.719881754842715,1.14629197338351,1.5003871568306808,0.15185762517034973,0.15616607666015625,True,True
robot_repression_trend,2.75,1.727354616764157,1.1504110840964756,1.501510756149232,0.15156938530792244,0.1558074951171875,True,True
robot_repression_trend,2.76,1.7348274786855995,1.1545315034411483,1.502624634767302,0.15128408749147967,0.1556243896484375,True,True
robot_repression_trend,2.77,1.742300340607042,1.1586532174562045,1.503728910736744,0.1510016894285553,0.1553955078125,True,True
robot_repression_trend,2.78,1.7497732025284847,1.162776212373918,1.5048237003027063,0.1507221495979004,0.155242919921875,True,True
robot_repression_trend,2.79,1.7572460644499264,1.1669004746168976,1.5059091179364237,0.15044542723263926,0.15508270263671875,True,True
robot_repression_trend,2.8,1.7647189263713687,1.1710259907948803,1.5069852763673466,0.15017148230384617,0.15489959716796875,True,True
robot_repression_trend,2.81,1.7721917882928113,1.1751527477015942,1.5080522866145933,0.14990027550453924,0.1546478271484375,True,True
robot_repression_trend,2.82,1.7796646502142532,1.1792807323116778,1.5091102580177636,0.1496317682340727,0.15438079833984375,True,True
robot_repression_trend,2.83,1.787137512135696,1.1834099317776625,1.5101592982671208,0.14936592258291834,0.154144287109375,True,True
robot_repression_trend,2.84,1.7946103740571384,1.1875403334270134,1.511199513433146,0.14910270131782916,0.153961181640625,True,True
robot_repression_trend,2.85,1.8020832359785803,1.1916719247592253,1.5122310079954995,0.1488420678673668,0.15366363525390625,True,True
robot_repression_trend,2.86,1.8095560979000234,1.195804693442979,1.513253884871385,0.14858398630779057,0.1534881591796875,True,True
robot_repression_trend,2.87,1.8170289598214655,1.1999386273133477,1.5142682454433338,0.14832842134929297,0.1532440185546875,True,True
robot_repression_trend,2.88,1.824501821742908,1.2040737143690623,1.515274189586434,0.14807533832257233,0.1529998779296875,True,True
robot_repression_trend,2.89,1.8319746836643505,1.2082099427698256,1.5162718156949957,0.1478247031657373,0.152801513671875,True,True
robot_repression_trend,2.9,1.8394475455857922,1.2123473008336778,1.5172612207086906,0.14757648241152793,0.1525421142578125,True,True
robot_repression_trend,2.91,1.8469204075072352,1.2164857770344166,1.5182425001381519,0.14733064317485042,0.15234375,True,True
robot_repression_trend,2.92,1.8543932694286769,1.220625359999061,1.5192157480900637,0.14708715314061313,0.15210723876953125,True,True
robot_repression_trend,2.93,1.86186613135012,1.2247660385053674,1.520181057291752,0.14684598055185571,0.15195465087890625,True,True
robot_repression_trend,2.94,1.8693389932715623,1.228907801479391,1.5211385191152693,0.14660709419816823,0.1518096923828125,True,True
robot_repression_trend,2.95,1.8768118551930044,1.233050637993093,1.5220882236010145,0.14637046340438375,0.15152740478515625,True,True
robot_repression_trend,2.96,1.8842847171144466,1.2371945372619948,1.5230302594808665,0.1461360580195454,0.15135955810546875,True,True
robot_repression_trend,2.97,1.891757579035889,1.2413394886428755,1.523964714200866,0.14590384840613577,0.1511077880859375,True,True
robot_repression_trend,2.98,1.8992304409573317,1.2454854816315097,1.524891673943446,0.14567380542956218,0.1508941650390625,True,True
robot_repression_trend,2.99,1.9067033028787737,1.2496325058604536,1.5258112236492152,0.14544590044789288,0.1506805419921875,True,True
robot_repression_trend,3.0,1.9141761648002162,1.2537805510968674,1.526723447038322,0.14522010530183513,0.15044403076171875,True,True
robot_repression_trend,3.01,1.9216490267216584,1.25792960724038,1.5276284266313853,0.14499639230494904,0.15032958984375,True,True
robot_repression_trend,3.02,1.929121888643101,1.2620796643209948,1.5285262437700224,0.1447747342340932,0.1501007080078125,True,True
robot_repression_trend,3.03,1.9365947505645433,1.2662307124970305,1.5294169786369678,0.1445551043200932,0.149932861328125,True,True
robot_repression_trend,3.04,1.944067612485986,1.2703827420531046,1.530300710275801,0.14433747623862778,0.14978790283203125,True,True
robot_repression_trend,3.05,1.9515404744074276,1.2745357433981508,1.531177516610288,0.1441218241013283,0.1496429443359375,True,True
robot_repression_trend,3.06,1.9590133363288704,1.2786897070634746,1.5320474744633448,0.14390812244708392,0.1494598388671875,True,True
robot_repression_trend,3.07,1.9664861982503123,1.2828446237008426,1.532910659575632,0.14369634623354932,0.1492919921875,True,True
robot_repression_trend,3.08,1.9739590601717552,1.2870004840806095,1.5337671466237917,0.14348647082884586,0.149139404296875,True,True
robot_repression_trend,3.09,1.9814319220931973,1.2911572790898773,1.5346170092383222,0.14327847200345778,0.14893341064453125,True,True
robot_repression_trend,3.1,1.9889047840146397,1.295314999730688,1.5354603200211203,0.14307232592230928,0.1486968994140625,True,True
robot_repression_trend,3.11,1.996377645936082,1.29947363711825,1.5362971505626741,0.142868009137027,0.14846038818359375,True,True
robot_repression_trend,3.12,2.003850507857525,1.3036331824791973,1.53712757145893,0.1426654985783762,0.14823150634765625,True,True
robot_repression_trend,3.13,2.011323369778966,1.3077936271498767,1.5379516523278356,0.14246477154887038,0.14807891845703125,True,True
robot_repression_trend,3.14,2.0187962317004096,1.3119549625746711,1.5387694618255676,0.14226580571554673,0.147918701171875,True,True
robot_repression_trend,3.15,2.026269093621851,1.3161171803043483,1.5395810676624417,0.14206857910290674,0.14775848388671875,True,True
robot_repression_trend,3.16,2.033741955543294,1.3202802719944406,1.540386536618535,0.14187307008601327,0.1476287841796875,True,True
robot_repression_trend,3.17,2.041214817464736,1.3244442294036562,1.5411859345589904,0.14167925738374518,0.14752197265625,True,True
robot_repression_trend,3.18,2.048687679386179,1.3286090443923149,1.5419793264490511,0.14148712005220063,0.1473236083984375,True,True
robot_repression_trend,3.19,2.0561605413076207,1.3327747089208144,1.5427667763687927,0.14129663747825008,0.14715576171875,True,True
robot_repression_trend,3.2,2.0636334032290637,1.336941215048121,1.5435483475275962,0.14110778937322843,0.14697265625,True,True
robot_repression_trend,3.21,2.071106265150506,1.3411085549302924,1.5443241022783254,0.1409205557667725,0.14678955078125,True,True
robot_repression_trend,3.22,2.0785791270719485,1.3452767208190188,1.5450941021312605,0.1407349170007903,0.1465606689453125,True,True
robot_repression_trend,3.23,2.0860519889933906,1.349445705060197,1.5458584077677544,0.1405508537235656,0.146392822265625,True,True
robot_repression_trend,3.24,2.0935248509148328,1.3536155000925254,1.5466170790536393,0.14036834688399086,0.1462249755859375,True,True
robot_repression_trend,3.25,2.1009977128362745,1.3577860984461239,1.5473701750523856,0.14018737772592713,0.1460723876953125,True,True
robot_repression_trend,3.26,2.108470574757717,1.3619574927411797,1.548117754038012,0.1400079277826863,0.14592742919921875,True,True
robot_repression_trend,3.27,2.11594343667916,1.3661296756866168,1.5488598735077523,0.13982997887163628,0.14577484130859375,True,True
robot_repression_trend,3.28,2.1234162986006013,1.3703026400787839,1.5495965901944975,0.13965351308891838,0.14562225341796875,True,True
robot_repression_trend,3.29,2.1308891605220457,1.3744763788001721,1.5503279600790028,0.13947851280428292,0.14550018310546875,True,True
robot_repression_trend,3.3,2.138362022443487,1.3786508848181502,1.551054038401858,0.1393049606560368,0.14536285400390625,True,True
robot_repression_trend,3.31,2.145834884364929,1.3828261511837225,1.5517748796752637,0.13913283954609498,0.14524078369140625,True,True
robot_repression_trend,3.32,2.153307746286371,1.3870021710303093,1.5524905376945628,0.13896213263514398,0.145050048828125,True,True
robot_repression_trend,3.33,2.1607806082078143,1.391178937572547,1.5532010655495812,0.1387928233379048,0.1448516845703125,True,True
robot_repression_trend,3.34,2.168253470129256,1.3953564441051087,1.5539065156357474,0.13862489531849892,0.1446533203125,True,True
robot_repression_trend,3.35,2.1757263320507,1.399534684001548,1.554606939665022,0.13845833248591125,0.1445159912109375,True,True
robot_repression_trend,3.36,2.1831991939721407,1.4037136507131558,1.5553023886766135,0.13829311898955143,0.144378662109375,True,True
robot_repression_trend,3.37,2.190672055893583,1.407893337767845,1.5559929130475183,0.138129239214906,0.1442108154296875,True,True
robot_repression_trend,3.38,2.198144917815026,1.4120737387690476,1.5566785625028499,0.13796667777928498,0.1440582275390625,True,True
robot_repression_trend,3.39,2.2056177797364693,1.4162548473946328,1.5573593861259944,0.13780541952765682,0.14385223388671875,True,True
robot_repression_trend,3.4,2.21309064165791,1.4204366573958436,1.5580354323685774,0.13764544952857002,0.1436767578125,True,True
robot_repression_trend,3.41,2.2205635035793536,1.4246191625962517,1.5587067490602602,0.13748675307015987,0.1434783935546875,True,True
robot_repression_trend,3.42,2.228036365500795,1.4288023568907275,1.5593733834183419,0.13732931565624085,0.14337158203125,True,True
robot_repression_trend,3.43,2.235509227422238,1.4329862342444308,1.5600353820572133,0.13717312300247536,0.14319610595703125,True,True
robot_repression_trend,3.44,2.24298208934368,1.4371707886918164,1.560692790997619,0.13701816103262787,0.14304351806640625,True,True
robot_repression_trend,3.45,2.250454951265122,1.4413560143356552,1.5613456556757728,0.1368644158748914,0.14288330078125,True,True
robot_repression_trend,3.46,2.2579278131865648,1.4455419053460734,1.5619940209523018,0.13671187385829048,0.142791748046875,True,True
robot_repression_trend,3.47,2.2654006751080074,1.4497284559596098,1.5626379311210283,0.13656052150916234,0.14263916015625,True,True
robot_repression_trend,3.48,2.272873537029449,1.453915660478281,1.5632774299176082,0.1364103455477035,0.14252471923828125,True,True
robot_repression_trend,3.49,2.280346398950892,1.4581035132686715,1.5639125605280078,0.13626133288459152,0.142425537109375,True,True
robot_repression_trend,3.5,2.2878192608723347,1.4622920087610318,1.5645433655968304,0.13611347061767406,0.142303466796875,True,True
robot_repression_trend,3.51,2.295292122793776,1.4664811414483958,1.565169887235502,0.13596674602872522,0.14215850830078125,True,True
robot_repression_trend,3.52,2.302764984715219,1.4706709058857088,1.565792167030314,0.13582114658026676,0.1419830322265625,True,True
robot_repression_trend,3.53,2.3102378466366615,1.4748612966889725,1.566410246050316,0.1356766599124555,0.14183807373046875,True,True
robot_repression_trend,3.54,2.3177107085581032,1.4790523085344038,1.5670241648550807,0.1355332738400307,0.14167022705078125,True,True
robot_repression_trend,3.55,2.325183570479546,1.4832439361576049,1.567633963502332,0.13539097634932468,0.14154815673828125,True,True
robot_repression_trend,3.56,2.3326564324009884,1.4874361743527507,1.5682396815554325,0.1352497555953329,0.14141845703125,True,True
robot_repression_trend,3.57,2.34012929432243,1.4916290179717848,1.5688413580907523,0.13510959989884155,0.14128875732421875,True,True
robot_repression_trend,3.58,2.347602156243873,1.4958224619236342,1.5694390317049034,0.1349704977436134,0.1411285400390625,True,True
robot_repression_trend,3.59,2.3550750181653153,1.5000165011734294,1.5700327405218493,0.13483243777362888,0.14096832275390625,True,True
robot_repression_trend,3.6,2.362547880086758,1.5042111307417445,1.570622522199897,0.1346954087903819,0.14084625244140625,True,True
robot_repression_trend,3.61,2.3700207420082,1.5084063457038435,1.5712084139385631,0.13455939975022907,0.1407318115234375,True,True
robot_repression_trend,3.62,2.3774936039296417,1.5126021411889423,1.5717904524853268,0.13442439976179102,0.14064788818359375,True,True
robot_repression_trend,3.63,2.3849664658510847,1.5167985123794814,1.5723686741422649,0.13429039808340407,0.14052581787109375,True,True
robot_repression_trend,3.64,2.3924393277725278,1.5209954545104096,1.572943114772572,0.13415738412062375,0.14038848876953125,True,True
robot_repression_trend,3.65,2.3999121896939695,1.5251929628684797,1.5735138098069748,0.13402534742377467,0.14022064208984375,True,True
robot_repression_trend,3.66,2.407385051615412,1.5293910327915559,1.574080794250034,0.1338942776855486,0.14005279541015625,True,True
robot_repression_trend,3.67,2.414857913536854,1.5335896596679295,1.5746441026863385,0.13376416473865094,0.1399078369140625,True,True
robot_repression_trend,3.68,2.4223307754582963,1.5377888389356504,1.575203769286597,0.13363499855349023,0.13977813720703125,True,True
robot_repression_trend,3.69,2.429803637379739,1.5419885660818629,1.5757598278136278,0.13350676923591379,0.13971710205078125,True,True
robot_repression_trend,3.7,2.4372764993011815,1.5461888366421574,1.576312311628242,0.13337946702498674,0.13964080810546875,True,True
robot_repression_trend,3.71,2.4447493612226237,1.5503896461999296,1.5768612536950355,0.1332530822908134,0.13956451416015625,True,True
robot_repression_trend,3.72,2.4522222231440667,1.5545909903857482,1.5774066865880811,0.1331276055323993,0.13947296142578125,True,True
robot_repression_trend,3.73,2.4596950850655075,1.558792864876737,1.5779486424965192,0.1330030273755573,0.1393280029296875,True,True
robot_repression_trend,3.74,2.4671679469869505,1.5629952653959618,1.5784871532300706,0.1328793385708488,0.13919830322265625,True,True
robot_repression_trend,3.75,2.474640808908393,1.5671981877118308,1.579022250224436,0.1327565299915687,0.13909149169921875,True,True
robot_repression_trend,3.76,2.4821136708298344,1.5714016276375002,1.5795539645466259,0.13263459263176522,0.13895416259765625,True,True
robot_repression_trend,3.77,2.4895865327512783,1.5756055810302936,1.5800823269001938,0.13251351760429822,0.13881683349609375,True,True
robot_repression_trend,3.78,2.497059394672719,1.579810043791125,1.5806073676303758,0.13239329613893516,0.13873291015625,True,True
robot_repression_trend,3.79,2.5045322565941626,1.5840150118639371,1.5811291167291637,0.13227391958047977,0.13867950439453125,True,True
robot_repression_trend,3.8,2.5120051185156047,1.5882204812351424,1.5816476038402707,0.1321553793869406,0.1385345458984375,True,True
robot_repression_trend,3.81,2.5194779804370477,1.5924264479330748,1.582162858264041,0.13203766712772763,0.138458251953125,True,True
robot_repression_trend,3.82,2.526950842358489,1.5966329080274517,1.5826749089622558,0.1319207744818891,0.13832855224609375,True,True
robot_repression_trend,3.83,2.534423704279932,1.6008398576288416,1.5831837845628802,0.13180469323637434,0.13823699951171875,True,True
robot_repression_trend,3.84,2.5418965662013746,1.60504729288814,1.5836895133647169,0.13168941528433514,0.13816070556640625,True,True
robot_repression_trend,3.85,2.5493694281228167,1.6092552099960555,1.5841921233419933,0.13157493262345368,0.1380462646484375,True,True
robot_repression_trend,3.86,2.5568422900442593,1.613463605182601,1.5846916421488746,0.13146123735430354,0.137939453125,True,True
robot_repression_trend,3.87,2.5643151519657015,1.6176724747165936,1.5851880971238965,0.1313483216787414,0.13782501220703125,True,True
robot_repression_trend,3.88,2.5717880138871427,1.6218818149051626,1.585681515294334,0.13123617789832556,0.13770294189453125,True,True
robot_repression_trend,3.89,2.579260875808586,1.626091622093265,1.5861719233804967,0.13112479841276586,0.1375732421875,True,True
robot_repression_trend,3.9,2.5867337377300275,1.6303018926632062,1.5866593477999504,0.1310141757184019,0.137481689453125,True,True
robot_repression_trend,3.91,2.5942065996514705,1.6345126230341704,1.587143814671682,0.1309043024067063,0.137359619140625,True,True
robot_repression_trend,3.92,2.601679461572913,1.6387238096617562,1.5876253498201855,0.130795171162818,0.1373138427734375,True,True
robot_repression_trend,3.93,2.609152323494355,1.642935449037521,1.5881039787794902,0.13068677476410115,0.13721466064453125,True,True
robot_repression_trend,3.94,2.616625185415798,1.6471475376885298,1.5885797267971224,0.130579106078729,0.1371307373046875,True,True
robot_repression_trend,3.95,2.6240980473372404,1.6513600721769128,1.589052618838005,0.13047215806429432,0.1370086669921875,True,True
robot_repression_trend,3.96,2.631570909258682,1.6555730490994272,1.589522679588293,0.13036592376644496,0.1369171142578125,True,True
robot_repression_trend,3.97,2.639043771180125,1.6597864650870289,1.5899899334591514,0.13026039631754277,0.13684844970703125,True,True
robot_repression_trend,3.98,2.6465166331015664,1.664000316804447,1.5904544045904676,0.13015556893534774,0.136749267578125,True,True
robot_repression_trend,3.99,2.6539894950230094,1.6682146009497674,1.5909161168545156,0.13005143492172366,0.13666534423828125,True,True
robot_repression_trend,4.0,2.6614623569444515,1.672429314254018,1.5913750938595503,0.12994798766136953,0.13655853271484375,True,True
robot_repression_trend,4.01,2.6689352188658946,1.6766444534807685,1.5918313589533535,0.12984522062057136,0.13645172119140625,True,True
robot_repression_trend,4.02,2.676408080787336,1.6808600154257254,1.5922849352267208,0.12974312734597626,0.1363677978515625,True,True
robot_repression_trend,4.03,2.6838809427087793,1.6850759969163411,1.5927358455168985,0.12964170146338816,0.13629913330078125,True,True
robot_repression_trend,4.04,2.6913538046302214,1.6892923948114238,1.593184112410959,0.12954093667658614,0.13620758056640625,True,True
robot_repression_trend,4.05,2.698826666551663,1.693509206000757,1.5936297582491303,0.12944082676616145,0.13608551025390625,True,True
robot_repression_trend,4.06,2.7062995284731057,1.6977264274047212,1.594072805128073,0.12934136558837567,0.1360321044921875,True,True
robot_repression_trend,4.07,2.7137723903945483,1.7019440559739232,1.5945132749041007,0.1292425470740399,0.1359710693359375,True,True
robot_repression_trend,4.08,2.721245252315991,1.7061620886888276,1.59495118919636,0.12914436522741096,0.1359100341796875,True,True
robot_repression_trend,4.09,2.728718114237433,1.7103805225593987,1.5953865693899523,0.1290468141251093,0.1358184814453125,True,True
robot_repression_trend,4.1,2.7361909761588734,1.714599354624743,1.5958194366390133,0.12894988791505432,0.13571929931640625,True,True
robot_repression_trend,4.11,2.7436638380803187,1.7188185819527593,1.5962498118697477,0.12885358081541715,0.13559722900390625,True,True
robot_repression_trend,4.12,2.7511367000017595,1.7230382016397918,1.5966777157833996,0.12875788711359532,0.135528564453125,True,True
robot_repression_trend,4.13,2.758609561923202,1.7272582108102907,1.5971031688592086,0.1286628011651993,0.135467529296875,True,True
robot_repression_trend,4.14,2.7660824238446446,1.731478606616475,1.59752619135729,0.1285683173930613,0.13542938232421875,True,True
robot_repression_trend,4.15,2.7735552857660877,1.7356993862380026,1.5979468033214896,0.1284744302862586,0.13533782958984375,True,True
robot_repression_trend,4.16,2.7810281476875294,1.7399205468816419,1.5983650245821879,0.12838113439915433,0.135223388671875,True,True
robot_repression_trend,4.17,2.788501009608972,1.7441420857809518,1.598780874759066,0.12828842435045354,0.13515472412109375,True,True
robot_repression_trend,4.18,2.795973871530414,1.7483640001959637,1.5991943732638227,0.12819629482227754,0.135101318359375,True,True
robot_repression_trend,4.19,2.8034467334518576,1.7525862874128684,1.5996055393028594,0.12810474055925078,0.13500213623046875,True,True
robot_repression_trend,4.2,2.8109195953732993,1.7568089447437059,1.600014391879917,0.12801375636760645,0.13489532470703125,True,True
robot_repression_trend,4.21,2.8183924572947414,1.761031969526065,1.6004209497986779,0.12792333711430376,0.13482666015625,True,True
robot_repression_trend,4.22,2.8258653192161822,1.765255359122779,1.6008252316653266,0.12783347772616335,0.1347503662109375,True,True
robot_repression_trend,4.23,2.8333381811376266,1.7694791109216352,1.6012272558910736,0.1277441731890142,0.13465118408203125,True,True
robot_repression_trend,4.24,2.840811043059068,1.773703222335076,1.601627040694636,0.12765541854685827,0.13457489013671875,True,True
robot_repression_trend,4.25,2.8482839049805104,1.777927690799918,1.6020246041046935,0.1275672089010441,0.1345062255859375,True,True
robot_repression_trend,4.26,2.8557567669019526,1.7821525137770649,1.602419963962292,0.1274795394094598,0.1344451904296875,True,True
robot_repression_trend,4.27,2.8632296288233956,1.7863776887512275,1.6028131379232264,0.1273924052857354,0.13437652587890625,True,True
robot_repression_trend,4.28,2.8707024907448386,1.7906032132306504,1.603204143460374,0.12730580179845974,0.134307861328125,True,True
robot_repression_trend,4.29,2.8781753526662803,1.7948290847468362,1.6035929978660068,0.12721972427041026,0.134246826171875,True,True
robot_repression_trend,4.3,2.8856482145877225,1.7990553008542811,1.6039797182540598,0.12713416807779593,0.13417816162109375,True,True
robot_repression_trend,4.31,2.893121076509165,1.803281859130206,1.6043643215623715,0.1270491286495118,0.13414764404296875,True,True
robot_repression_trend,4.32,2.900593938430608,1.8075087571743007,1.6047468245548864,0.12696460146640634,0.13410186767578125,True,True
robot_repression_trend,4.33,2.9080668003520493,1.8117359926084597,1.6051272438238309,0.12688058206055988,0.134063720703125,True,True
robot_repression_trend,4.34,2.9155396622734924,1.8159635630765343,1.6055055957918558,0.1267970660145765,0.1340179443359375,True,True
robot_repression_trend,4.35,2.9230125241949345,1.820191466244078,1.6058818967141417,0.12671404896088592,0.13397216796875,True,True
robot_repression_trend,4.36,2.9304853861163767,1.8244196997981026,1.6062561626804817,0.12663152658105728,0.1339263916015625,True,True
robot_repression_trend,4.37,2.9379582480378192,1.82864826144683,1.6066284096173318,0.12654949460512366,0.13388824462890625,True,True
robot_repression_trend,4.38,2.9454311099592614,1.8328771489194557,1.6069986532898262,0.12646794881091852,0.1338348388671875,True,True
robot_repression_trend,4.39,2.952903971880703,1.8371063599659108,1.6073669093037688,0.12638688502342224,0.13372802734375,True,True
robot_repression_trend,4.4,2.9603768338021466,1.8413358923566254,1.6077331931075984,0.12630629911411745,0.1336822509765625,True,True
robot_repression_trend,4.41,2.9678496957235887,1.845565743882299,1.6080975199943153,0.12622618700035831,0.13359832763671875,True,True
robot_repression_trend,4.42,2.9753225576450317,1.8497959123536747,1.6084599051033908,0.1261465446447476,0.13352203369140625,True,True
robot_repression_trend,4.43,2.9827954195664725,1.854026395601311,1.6088203634226421,0.12606736805452284,0.13347625732421875,True,True
robot_repression_trend,4.44,2.990268281487916,1.8582571914753618,1.6091789097900893,0.12598865328095443,0.13341522216796875,True,True
robot_repression_trend,4.45,2.9977411434093586,1.8624882978453565,1.6095355588957707,0.12591039641875246,0.1333465576171875,True,True
robot_repression_trend,4.46,3.0052140053308007,1.8667197125999853,1.6098903252835477,0.12583259360548174,0.133331298828125,True,True
robot_repression_trend,4.47,3.012686867252243,1.8709514336468855,1.6102432233528745,0.12575524102098873,0.133270263671875,True,True
robot_repression_trend,4.48,3.0201597291736855,1.8751834589124303,1.610594267360549,0.12567833488683408,0.1332244873046875,True,True
robot_repression_trend,4.49,3.0276325910951285,1.8794157863415215,1.6109434714224309,0.12560187146573767,0.13311004638671875,True,True
robot_repression_trend,4.5,3.0351054530165698,1.883648413897386,1.6112908495151426,0.12552584706102968,0.133026123046875,True,True
robot_repression_trend,4.51,3.0425783149380123,1.8878813395613725,1.6116364154777443,0.1254502580161109,0.1329498291015625,True,True
robot_repression_trend,4.52,3.0500511768594545,1.8921145613327512,1.6119801830133826,0.12537510071392258,0.13291168212890625,True,True
robot_repression_trend,4.53,3.057524038780897,1.89634807722852,1.6123221656909188,0.12530037157642437,0.1328887939453125,True,True
robot_repression_trend,4.54,3.06499690070234,1.9005818852832053,1.6126623769465347,0.12522606706407743,0.13282012939453125,True,True
robot_repression_trend,4.55,3.072469762623781,1.904815983548675,1.613000830085311,0.12515218367534048,0.13275909423828125,True,True
robot_repression_trend,4.56,3.079942624545224,1.9090503700939463,1.613337538282794,0.1250787179461686,0.1327362060546875,True,True
robot_repression_trend,4.57,3.0874154864666665,1.9132850430050006,1.6136725145865247,0.12500566644952568,0.132659912109375,True,True
robot_repression_trend,4.58,3.0948883483881082,1.9175200003845974,1.6140057719175633,0.12493302579489698,0.132598876953125,True,True
robot_repression_trend,4.59,3.102361210309551,1.9217552403520919,1.6143373230719829,0.12486079262781571,0.13251495361328125,True,True
robot_repression_trend,4.6,3.109834072230993,1.9259907610432594,1.6146671807223396,0.12478896362939465,0.1324920654296875,True,True
robot_repression_trend,4.61,3.117306934152436,1.9302265606101137,1.6149953574191338,0.12471753551586198,0.13242340087890625,True,True
robot_repression_trend,4.62,3.1247797960738786,1.9344626372207305,1.615321865592242,0.1246465050381095,0.13232421875,True,True
robot_repression_trend,4.63,3.1322526579953203,1.9386989890590822,1.6156467175523266,0.12457586898124409,0.1323089599609375,True,True
robot_repression_trend,4.64,3.139725519916763,1.942935614324858,1.6159699254922413,0.12450562416414704,0.1322784423828125,True,True
robot_repression_trend,4.65,3.147198381838206,1.9471725112333027,1.6162915014883963,0.12443576743903952,0.1322021484375,True,True
robot_repression_trend,4.66,3.1546712437596467,1.9514096780150454,1.6166114575021207,0.12436629569105592,0.132110595703125,True,True
robot_repression_trend,4.67,3.1621441056810897,1.9556471129159383,1.6169298053810037,0.1242972058378217,0.1320343017578125,True,True
robot_repression_trend,4.68,3.1696169676025323,1.9598848141968932,1.617246556860207,0.12422849482904066,0.1320037841796875,True,True
robot_repression_trend,4.69,3.1770898295239745,1.9641227801337222,1.6175617235637736,0.1241601596460843,0.13193511962890625,True,True
robot_repression_trend,4.7,3.1845626914454166,1.9683610090169787,1.6178753170059097,0.12409219730159077,0.13189697265625,True,True
robot_repression_trend,4.71,3.1920355533668587,1.972599499151802,1.618187348592252,0.12402460483906837,0.1318511962890625,True,True
robot_repression_trend,4.72,3.199508415288301,1.9768382488577625,1.6184978296211183,0.12395737933250457,0.1317901611328125,True,True
robot_repression_trend,4.73,3.206981277209744,1.9810772564687116,1.6188067712847392,0.12389051788598263,0.13176727294921875,True,True
robot_repression_trend,4.74,3.214454139131187,1.9853165203326275,1.619114184670475,0.12382401763330136,0.13169097900390625,True,True
robot_repression_trend,4.75,3.221927001052629,1.9895560388114715,1.6194200807620156,0.1237578757376035,0.13162994384765625,True,True
robot_repression_trend,4.76,3.2293998629740712,1.9937958102810374,1.6197244704405653,0.12369208939100584,0.131591796875,True,True
robot_repression_trend,4.77,3.236872724895513,1.9980358331308092,1.6200273644860095,0.12362665581423926,0.13155364990234375,True,True
robot_repression_trend,4.78,3.2443455868169564,2.002276105763819,1.6203287735780667,0.12356157225629019,0.131500244140625,True,True
robot_repression_trend,4.79,3.251818448738398,2.0065166265965013,1.6206287082974267,0.12349683599404965,0.131439208984375,True,True
robot_repression_trend,4.8,3.259291310659841,2.0107573940585595,1.620927179126872,0.12343244433196608,0.1313629150390625,True,True
robot_repression_trend,4.81,3.266764172581281,2.014998406592824,1.621224196452382,0.12336839460170532,0.13132476806640625,True,True
robot_repression_trend,4.82,3.2742370345027254,2.019239662655118,1.6215197705642326,0.12330468416181153,0.13126373291015625,True,True
robot_repression_trend,4.83,3.2817098964241667,2.0234811607141228,1.6218139116580619,0.12324131039737915,0.13118743896484375,True,True
robot_repression_trend,4.84,3.2891827583456106,2.0277228992512457,1.6221066298359454,0.12317827071972196,0.131134033203125,True,True
robot_repression_trend,4.85,3.2966556202670527,2.031964876760488,1.6223979351074367,0.12311556256605571,0.13108062744140625,True,True
robot_repression_trend,4.86,3.3041284821884958,2.036207091748318,1.6226878373906073,0.12305318339917662,0.1310272216796875,True,True
robot_repression_trend,4.87,3.311601344109937,2.040449542733537,1.6229763465130684,0.12299113070715093,0.1310272216796875,True,True
robot_repression_trend,4.88,3.319074206031379,2.0446922282471616,1.6232634722129784,0.12292940200300621,0.13097381591796875,True,True
robot_repression_trend,4.89,3.3265470679528204,2.0489351468322936,1.6235492241400358,0.1228679948244274,0.13091278076171875,True,True
robot_repression_trend,4.9,3.3340199298742648,2.053178297043997,1.6238336118564676,0.12280690673345661,0.13086700439453125,True,True
robot_repression_trend,4.91,3.341492791795706,2.0574216774491774,1.6241166448379893,0.12274613531620022,0.13082122802734375,True,True
robot_repression_trend,4.92,3.3489656537171486,2.0616652866264613,1.624398332474773,0.12268567818253484,0.13080596923828125,True,True
robot_repression_trend,4.93,3.3564385156385907,2.0659091231660787,1.6246786840723808,0.1226255329658227,0.13079833984375,True,True
robot_repression_trend,4.94,3.3639113775600338,2.070153185669745,1.6249577088527034,0.12256569732262883,0.13074493408203125,True,True
robot_repression_trend,4.95,3.3713842394814764,2.0743974727505408,1.6252354159548796,0.12250616893244065,0.13065338134765625,True,True
robot_repression_trend,4.96,3.3788571014029176,2.078641983032805,1.6255118144362009,0.12244694549739503,0.13059234619140625,True,True
robot_repression_trend,4.97,3.3863299633243606,2.082886715152017,1.6257869132730118,0.12238802474200651,0.13051605224609375,True,True
robot_repression_trend,4.98,3.393802825245803,2.0871316677546847,1.6260607213615907,0.12232940441290084,0.130462646484375,True,True
robot_repression_trend,4.99,3.4012756871672463,2.0913768394982357,1.6263332475190277,0.12227108227855062,0.130401611328125,True,True
robot_repression_trend,5.0,3.4087485490886875,2.0956222290509072,1.626604500484081,0.1222130561290175,0.1303558349609375,True,True
